order_item_id,order_id,product,category,quantity,unit_price,line_total
1,500001,Blueberry Muffin,Bakery,1,3.67,3.67
2,500001,Turkey Sandwich,Food,1,8.27,8.27
3,500001,Espresso,Beverage,1,2.91,2.91
4,500001,Latte,Beverage,1,4.48,4.48
5,500002,Avocado Toast,Food,1,7.43,7.43
6,500002,Espresso,Beverage,1,2.99,2.99
7,500003,Latte,Beverage,2,4.39,8.78
8,500004,Cold Brew,Beverage,1,4.66,4.66
9,500005,Espresso,Beverage,1,3.0,3.0
10,500005,Granola Bar,Snack,1,2.69,2.69
11,500006,Cold Brew,Beverage,1,4.62,4.62
12,500007,Avocado Toast,Food,2,7.37,14.74
13,500008,Cold Brew,Beverage,1,4.65,4.65
14,500008,Espresso,Beverage,1,2.97,2.97
15,500008,Bagel with Cream Cheese,Bakery,1,3.91,3.91
16,500009,Cappuccino,Beverage,1,4.21,4.21
17,500010,Iced Tea,Beverage,1,3.46,3.46
18,500010,Bagel with Cream Cheese,Bakery,1,3.98,3.98
19,500010,Turkey Sandwich,Food,1,8.36,8.36
20,500010,Cappuccino,Beverage,1,4.21,4.21
21,500011,Turkey Sandwich,Food,1,8.45,8.45
22,500012,Bagel with Cream Cheese,Bakery,1,3.97,3.97
23,500012,Veggie Wrap,Food,2,7.58,15.16
24,500013,Avocado Toast,Food,1,7.45,7.45
25,500013,Cold Brew,Beverage,2,4.7,9.4
26,500014,Blueberry Muffin,Bakery,2,3.67,7.34
27,500015,Fruit Cup,Snack,1,3.46,3.46
28,500015,Chocolate Chip Cookie,Bakery,1,2.45,2.45
29,500016,Caesar Salad,Food,1,8.21,8.21
30,500016,Cappuccino,Beverage,1,4.12,4.12
31,500017,Iced Tea,Beverage,1,3.46,3.46
32,500018,Croissant,Bakery,1,3.2,3.2
33,500018,Veggie Wrap,Food,1,7.64,7.64
34,500018,Chocolate Chip Cookie,Bakery,1,2.43,2.43
35,500019,Latte,Beverage,1,4.44,4.44
36,500020,Cappuccino,Beverage,2,4.2,8.4
37,500020,Caesar Salad,Food,1,8.23,8.23
38,500021,Chocolate Chip Cookie,Bakery,1,2.5,2.5
39,500022,Turkey Sandwich,Food,1,8.38,8.38
40,500022,Latte,Beverage,1,4.45,4.45
41,500023,Fruit Cup,Snack,1,3.47,3.47
42,500024,Croissant,Bakery,1,3.24,3.24
43,500025,Caesar Salad,Food,1,8.06,8.06
44,500026,Latte,Beverage,1,4.49,4.49
45,500027,Turkey Sandwich,Food,1,8.42,8.42
46,500027,Latte,Beverage,1,4.41,4.41
47,500028,Iced Tea,Beverage,1,3.45,3.45
48,500029,Granola Bar,Snack,1,2.7,2.7
49,500030,Blueberry Muffin,Bakery,1,3.65,3.65
50,500030,Turkey Sandwich,Food,1,8.3,8.3
51,500030,Croissant,Bakery,1,3.18,3.18
52,500031,Croissant,Bakery,1,3.21,3.21
53,500032,Chocolate Chip Cookie,Bakery,2,2.47,4.94
54,500032,Espresso,Beverage,1,2.97,2.97
55,500033,Cappuccino,Beverage,1,4.16,4.16
56,500034,Fruit Cup,Snack,1,3.47,3.47
57,500035,Chocolate Chip Cookie,Bakery,1,2.43,2.43
58,500035,Blueberry Muffin,Bakery,1,3.69,3.69
59,500035,Bagel with Cream Cheese,Bakery,1,3.96,3.96
60,500036,Granola Bar,Snack,2,2.72,5.44
61,500036,Blueberry Muffin,Bakery,1,3.72,3.72
62,500036,Bagel with Cream Cheese,Bakery,1,3.92,3.92
63,500037,Croissant,Bakery,1,3.25,3.25
64,500038,Cappuccino,Beverage,1,4.2,4.2
65,500039,Cold Brew,Beverage,1,4.65,4.65
66,500039,Turkey Sandwich,Food,1,8.43,8.43
67,500039,Fruit Cup,Snack,1,3.47,3.47
68,500040,Avocado Toast,Food,1,7.35,7.35
69,500040,Cappuccino,Beverage,2,4.14,8.28
70,500040,Iced Tea,Beverage,1,3.47,3.47
71,500041,Blueberry Muffin,Bakery,1,3.74,3.74
72,500041,Bagel with Cream Cheese,Bakery,1,3.92,3.92
73,500041,Croissant,Bakery,1,3.18,3.18
74,500042,Cappuccino,Beverage,1,4.24,4.24
75,500043,Turkey Sandwich,Food,2,8.38,16.76
76,500044,Granola Bar,Snack,1,2.74,2.74
77,500044,Caesar Salad,Food,1,8.07,8.07
78,500045,Blueberry Muffin,Bakery,1,3.65,3.65
79,500045,Fruit Cup,Snack,1,3.5,3.5
80,500046,Blueberry Muffin,Bakery,1,3.72,3.72
81,500046,Espresso,Beverage,1,2.91,2.91
82,500046,Cold Brew,Beverage,1,4.73,4.73
83,500047,Chocolate Chip Cookie,Bakery,1,2.49,2.49
84,500047,Cappuccino,Beverage,1,4.14,4.14
85,500048,Espresso,Beverage,1,2.94,2.94
86,500049,Cappuccino,Beverage,1,4.13,4.13
87,500050,Croissant,Bakery,1,3.2,3.2
88,500051,Granola Bar,Snack,2,2.73,5.46
89,500052,Cappuccino,Beverage,1,4.18,4.18
90,500052,Turkey Sandwich,Food,1,8.39,8.39
91,500053,Avocado Toast,Food,1,7.48,7.48
92,500053,Croissant,Bakery,1,3.23,3.23
93,500054,Granola Bar,Snack,2,2.69,5.38
94,500054,Chocolate Chip Cookie,Bakery,1,2.46,2.46
95,500055,Iced Tea,Beverage,1,3.43,3.43
96,500056,Veggie Wrap,Food,1,7.63,7.63
97,500056,Croissant,Bakery,1,3.24,3.24
98,500056,Fruit Cup,Snack,1,3.5,3.5
99,500057,Veggie Wrap,Food,1,7.57,7.57
100,500057,Cappuccino,Beverage,1,4.25,4.25
101,500058,Bagel with Cream Cheese,Bakery,1,3.91,3.91
102,500059,Bagel with Cream Cheese,Bakery,1,3.98,3.98
103,500060,Iced Tea,Beverage,1,3.47,3.47
104,500060,Turkey Sandwich,Food,1,8.43,8.43
105,500061,Iced Tea,Beverage,1,3.44,3.44
106,500061,Bagel with Cream Cheese,Bakery,2,3.98,7.96
107,500062,Croissant,Bakery,2,3.16,6.32
108,500063,Caesar Salad,Food,1,8.14,8.14
109,500064,Cold Brew,Beverage,1,4.74,4.74
110,500064,Avocado Toast,Food,2,7.5,15.0
111,500064,Caesar Salad,Food,1,8.08,8.08
112,500065,Granola Bar,Snack,2,2.69,5.38
113,500065,Blueberry Muffin,Bakery,1,3.72,3.72
114,500065,Veggie Wrap,Food,1,7.72,7.72
115,500065,Cold Brew,Beverage,1,4.67,4.67
116,500066,Croissant,Bakery,1,3.23,3.23
117,500067,Caesar Salad,Food,1,8.13,8.13
118,500068,Cold Brew,Beverage,1,4.64,4.64
119,500068,Veggie Wrap,Food,1,7.74,7.74
120,500069,Chocolate Chip Cookie,Bakery,1,2.49,2.49
121,500069,Caesar Salad,Food,1,8.23,8.23
122,500069,Veggie Wrap,Food,1,7.58,7.58
123,500069,Croissant,Bakery,2,3.17,6.34
124,500070,Latte,Beverage,2,4.39,8.78
125,500070,Cold Brew,Beverage,1,4.65,4.65
126,500070,Chocolate Chip Cookie,Bakery,1,2.47,2.47
127,500071,Chocolate Chip Cookie,Bakery,1,2.45,2.45
128,500072,Avocado Toast,Food,1,7.45,7.45
129,500072,Granola Bar,Snack,1,2.72,2.72
130,500072,Espresso,Beverage,1,2.96,2.96
131,500072,Chocolate Chip Cookie,Bakery,2,2.43,4.86
132,500073,Latte,Beverage,2,4.45,8.9
133,500073,Granola Bar,Snack,1,2.73,2.73
134,500073,Turkey Sandwich,Food,2,8.45,16.9
135,500074,Caesar Salad,Food,1,8.1,8.1
136,500075,Cappuccino,Beverage,1,4.19,4.19
137,500076,Croissant,Bakery,1,3.2,3.2
138,500077,Veggie Wrap,Food,2,7.73,15.46
139,500078,Veggie Wrap,Food,1,7.54,7.54
140,500078,Latte,Beverage,1,4.41,4.41
141,500078,Fruit Cup,Snack,1,3.5,3.5
142,500079,Cappuccino,Beverage,1,4.24,4.24
143,500079,Espresso,Beverage,1,2.96,2.96
144,500080,Chocolate Chip Cookie,Bakery,1,2.43,2.43
145,500080,Caesar Salad,Food,1,8.09,8.09
146,500081,Avocado Toast,Food,1,7.38,7.38
147,500081,Chocolate Chip Cookie,Bakery,1,2.48,2.48
148,500081,Turkey Sandwich,Food,1,8.48,8.48
149,500081,Croissant,Bakery,1,3.24,3.24
150,500082,Cappuccino,Beverage,1,4.16,4.16
151,500082,Espresso,Beverage,1,2.99,2.99
152,500082,Granola Bar,Snack,1,2.67,2.67
153,500083,Fruit Cup,Snack,1,3.43,3.43
154,500083,Cappuccino,Beverage,1,4.21,4.21
155,500084,Cold Brew,Beverage,1,4.65,4.65
156,500084,Granola Bar,Snack,1,2.73,2.73
157,500085,Cold Brew,Beverage,1,4.71,4.71
158,500086,Caesar Salad,Food,1,8.22,8.22
159,500087,Bagel with Cream Cheese,Bakery,1,3.98,3.98
160,500087,Blueberry Muffin,Bakery,1,3.73,3.73
161,500088,Veggie Wrap,Food,1,7.69,7.69
162,500089,Turkey Sandwich,Food,1,8.36,8.36
163,500090,Bagel with Cream Cheese,Bakery,1,3.98,3.98
164,500090,Blueberry Muffin,Bakery,1,3.64,3.64
165,500091,Cappuccino,Beverage,1,4.21,4.21
166,500092,Granola Bar,Snack,2,2.67,5.34
167,500092,Chocolate Chip Cookie,Bakery,1,2.43,2.43
168,500092,Caesar Salad,Food,1,8.15,8.15
169,500093,Caesar Salad,Food,1,8.07,8.07
170,500094,Chocolate Chip Cookie,Bakery,1,2.44,2.44
171,500095,Bagel with Cream Cheese,Bakery,1,3.93,3.93
172,500096,Bagel with Cream Cheese,Bakery,1,3.89,3.89
173,500097,Caesar Salad,Food,1,8.19,8.19
174,500098,Espresso,Beverage,1,2.94,2.94
175,500099,Espresso,Beverage,1,2.92,2.92
176,500100,Bagel with Cream Cheese,Bakery,1,3.99,3.99
177,500100,Espresso,Beverage,1,2.92,2.92
178,500101,Avocado Toast,Food,1,7.4,7.4
179,500101,Bagel with Cream Cheese,Bakery,1,3.99,3.99
180,500102,Veggie Wrap,Food,1,7.61,7.61
181,500103,Bagel with Cream Cheese,Bakery,1,3.93,3.93
182,500104,Cold Brew,Beverage,1,4.68,4.68
183,500104,Veggie Wrap,Food,1,7.71,7.71
184,500104,Bagel with Cream Cheese,Bakery,1,3.89,3.89
185,500105,Fruit Cup,Snack,1,3.41,3.41
186,500105,Cold Brew,Beverage,1,4.65,4.65
187,500105,Chocolate Chip Cookie,Bakery,1,2.43,2.43
188,500106,Blueberry Muffin,Bakery,1,3.67,3.67
189,500106,Chocolate Chip Cookie,Bakery,1,2.43,2.43
190,500106,Croissant,Bakery,1,3.17,3.17
191,500106,Latte,Beverage,1,4.38,4.38
192,500107,Cold Brew,Beverage,2,4.65,9.3
193,500107,Turkey Sandwich,Food,1,8.36,8.36
194,500107,Iced Tea,Beverage,1,3.48,3.48
195,500107,Latte,Beverage,2,4.39,8.78
196,500108,Turkey Sandwich,Food,1,8.41,8.41
197,500108,Fruit Cup,Snack,1,3.45,3.45
198,500108,Croissant,Bakery,1,3.15,3.15
199,500109,Cappuccino,Beverage,1,4.21,4.21
200,500109,Chocolate Chip Cookie,Bakery,2,2.45,4.9
201,500110,Latte,Beverage,1,4.48,4.48
202,500110,Blueberry Muffin,Bakery,1,3.73,3.73
203,500111,Turkey Sandwich,Food,1,8.41,8.41
204,500112,Blueberry Muffin,Bakery,1,3.7,3.7
205,500113,Blueberry Muffin,Bakery,1,3.73,3.73
206,500114,Latte,Beverage,1,4.48,4.48
207,500114,Veggie Wrap,Food,1,7.72,7.72
208,500115,Bagel with Cream Cheese,Bakery,1,3.99,3.99
209,500116,Espresso,Beverage,1,2.95,2.95
210,500117,Avocado Toast,Food,1,7.44,7.44
211,500117,Iced Tea,Beverage,1,3.41,3.41
212,500117,Bagel with Cream Cheese,Bakery,1,3.96,3.96
213,500118,Fruit Cup,Snack,1,3.49,3.49
214,500119,Latte,Beverage,2,4.47,8.94
215,500119,Fruit Cup,Snack,2,3.49,6.98
216,500120,Fruit Cup,Snack,1,3.46,3.46
217,500121,Cappuccino,Beverage,1,4.21,4.21
218,500121,Granola Bar,Snack,1,2.67,2.67
219,500121,Blueberry Muffin,Bakery,1,3.71,3.71
220,500122,Bagel with Cream Cheese,Bakery,2,3.98,7.96
221,500123,Veggie Wrap,Food,1,7.56,7.56
222,500123,Croissant,Bakery,1,3.18,3.18
223,500124,Caesar Salad,Food,2,8.15,16.3
224,500125,Latte,Beverage,1,4.48,4.48
225,500126,Turkey Sandwich,Food,1,8.42,8.42
226,500127,Latte,Beverage,1,4.37,4.37
227,500128,Latte,Beverage,1,4.4,4.4
228,500129,Chocolate Chip Cookie,Bakery,1,2.45,2.45
229,500129,Espresso,Beverage,1,2.98,2.98
230,500130,Blueberry Muffin,Bakery,1,3.72,3.72
231,500131,Espresso,Beverage,2,2.97,5.94
232,500131,Bagel with Cream Cheese,Bakery,2,3.99,7.98
233,500132,Cappuccino,Beverage,1,4.16,4.16
234,500132,Iced Tea,Beverage,1,3.48,3.48
235,500133,Fruit Cup,Snack,1,3.49,3.49
236,500133,Iced Tea,Beverage,1,3.43,3.43
237,500133,Turkey Sandwich,Food,1,8.31,8.31
238,500134,Cold Brew,Beverage,1,4.67,4.67
239,500134,Iced Tea,Beverage,1,3.45,3.45
240,500135,Cappuccino,Beverage,1,4.17,4.17
241,500135,Iced Tea,Beverage,1,3.47,3.47
242,500135,Croissant,Bakery,1,3.22,3.22
243,500135,Espresso,Beverage,1,2.98,2.98
244,500136,Espresso,Beverage,1,2.94,2.94
245,500136,Veggie Wrap,Food,1,7.65,7.65
246,500137,Cold Brew,Beverage,1,4.72,4.72
247,500138,Fruit Cup,Snack,1,3.43,3.43
248,500138,Chocolate Chip Cookie,Bakery,1,2.45,2.45
249,500138,Latte,Beverage,1,4.45,4.45
250,500138,Turkey Sandwich,Food,1,8.35,8.35
251,500139,Bagel with Cream Cheese,Bakery,1,3.9,3.9
252,500140,Iced Tea,Beverage,2,3.4,6.8
253,500140,Veggie Wrap,Food,1,7.67,7.67
254,500140,Cold Brew,Beverage,1,4.68,4.68
255,500141,Granola Bar,Snack,1,2.69,2.69
256,500141,Veggie Wrap,Food,1,7.6,7.6
257,500141,Fruit Cup,Snack,1,3.49,3.49
258,500141,Turkey Sandwich,Food,1,8.37,8.37
259,500142,Croissant,Bakery,1,3.23,3.23
260,500143,Espresso,Beverage,1,2.94,2.94
261,500143,Latte,Beverage,1,4.4,4.4
262,500143,Turkey Sandwich,Food,1,8.35,8.35
263,500144,Espresso,Beverage,2,2.97,5.94
264,500144,Latte,Beverage,1,4.4,4.4
265,500144,Turkey Sandwich,Food,1,8.26,8.26
266,500145,Turkey Sandwich,Food,1,8.33,8.33
267,500145,Iced Tea,Beverage,2,3.5,7.0
268,500145,Avocado Toast,Food,1,7.45,7.45
269,500146,Espresso,Beverage,1,2.94,2.94
270,500146,Chocolate Chip Cookie,Bakery,2,2.48,4.96
271,500147,Chocolate Chip Cookie,Bakery,2,2.47,4.94
272,500148,Croissant,Bakery,2,3.23,6.46
273,500149,Espresso,Beverage,1,2.97,2.97
274,500149,Iced Tea,Beverage,1,3.42,3.42
275,500149,Cold Brew,Beverage,1,4.63,4.63
276,500149,Croissant,Bakery,1,3.19,3.19
277,500150,Blueberry Muffin,Bakery,1,3.64,3.64
278,500150,Latte,Beverage,1,4.38,4.38
279,500150,Chocolate Chip Cookie,Bakery,1,2.47,2.47
280,500151,Cold Brew,Beverage,1,4.75,4.75
281,500151,Fruit Cup,Snack,1,3.42,3.42
282,500151,Bagel with Cream Cheese,Bakery,1,3.92,3.92
283,500152,Granola Bar,Snack,2,2.71,5.42
284,500153,Avocado Toast,Food,1,7.28,7.28
285,500154,Iced Tea,Beverage,1,3.5,3.5
286,500154,Fruit Cup,Snack,1,3.47,3.47
287,500155,Bagel with Cream Cheese,Bakery,1,3.93,3.93
288,500156,Veggie Wrap,Food,1,7.66,7.66
289,500157,Croissant,Bakery,1,3.23,3.23
290,500158,Veggie Wrap,Food,1,7.61,7.61
291,500159,Espresso,Beverage,2,2.98,5.96
292,500160,Veggie Wrap,Food,1,7.74,7.74
293,500161,Bagel with Cream Cheese,Bakery,1,3.95,3.95
294,500161,Caesar Salad,Food,2,8.04,16.08
295,500161,Fruit Cup,Snack,1,3.44,3.44
296,500162,Caesar Salad,Food,1,8.15,8.15
297,500162,Espresso,Beverage,1,2.97,2.97
298,500163,Veggie Wrap,Food,1,7.55,7.55
299,500164,Espresso,Beverage,1,2.91,2.91
300,500165,Latte,Beverage,1,4.38,4.38
301,500166,Bagel with Cream Cheese,Bakery,1,3.97,3.97
302,500166,Espresso,Beverage,1,2.92,2.92
303,500166,Turkey Sandwich,Food,1,8.32,8.32
304,500166,Granola Bar,Snack,1,2.67,2.67
305,500167,Chocolate Chip Cookie,Bakery,1,2.47,2.47
306,500167,Iced Tea,Beverage,1,3.47,3.47
307,500167,Espresso,Beverage,2,2.96,5.92
308,500167,Fruit Cup,Snack,1,3.4,3.4
309,500168,Bagel with Cream Cheese,Bakery,2,3.92,7.84
310,500169,Bagel with Cream Cheese,Bakery,1,3.99,3.99
311,500169,Latte,Beverage,2,4.47,8.94
312,500170,Latte,Beverage,1,4.4,4.4
313,500170,Granola Bar,Snack,1,2.75,2.75
314,500170,Iced Tea,Beverage,1,3.46,3.46
315,500171,Cold Brew,Beverage,1,4.74,4.74
316,500172,Chocolate Chip Cookie,Bakery,1,2.46,2.46
317,500172,Fruit Cup,Snack,2,3.47,6.94
318,500172,Blueberry Muffin,Bakery,1,3.66,3.66
319,500173,Turkey Sandwich,Food,1,8.5,8.5
320,500174,Avocado Toast,Food,1,7.47,7.47
321,500175,Cappuccino,Beverage,1,4.2,4.2
322,500175,Croissant,Bakery,1,3.18,3.18
323,500175,Iced Tea,Beverage,1,3.4,3.4
324,500176,Cappuccino,Beverage,1,4.16,4.16
325,500177,Chocolate Chip Cookie,Bakery,1,2.48,2.48
326,500177,Iced Tea,Beverage,1,3.48,3.48
327,500178,Turkey Sandwich,Food,1,8.5,8.5
328,500178,Chocolate Chip Cookie,Bakery,1,2.46,2.46
329,500179,Iced Tea,Beverage,1,3.44,3.44
330,500179,Chocolate Chip Cookie,Bakery,1,2.47,2.47
331,500179,Granola Bar,Snack,1,2.68,2.68
332,500180,Fruit Cup,Snack,1,3.49,3.49
333,500180,Bagel with Cream Cheese,Bakery,1,3.96,3.96
334,500181,Latte,Beverage,1,4.49,4.49
335,500182,Chocolate Chip Cookie,Bakery,1,2.49,2.49
336,500182,Latte,Beverage,1,4.38,4.38
337,500183,Chocolate Chip Cookie,Bakery,1,2.48,2.48
338,500184,Fruit Cup,Snack,1,3.42,3.42
339,500184,Cold Brew,Beverage,1,4.68,4.68
340,500184,Latte,Beverage,1,4.49,4.49
341,500185,Veggie Wrap,Food,1,7.53,7.53
342,500186,Croissant,Bakery,1,3.16,3.16
343,500186,Cappuccino,Beverage,1,4.25,4.25
344,500187,Bagel with Cream Cheese,Bakery,1,3.91,3.91
345,500188,Veggie Wrap,Food,1,7.69,7.69
346,500189,Fruit Cup,Snack,1,3.48,3.48
347,500190,Cappuccino,Beverage,1,4.16,4.16
348,500190,Espresso,Beverage,1,2.91,2.91
349,500191,Blueberry Muffin,Bakery,1,3.65,3.65
350,500191,Iced Tea,Beverage,2,3.46,6.92
351,500192,Blueberry Muffin,Bakery,1,3.66,3.66
352,500193,Croissant,Bakery,1,3.17,3.17
353,500194,Croissant,Bakery,1,3.23,3.23
354,500195,Fruit Cup,Snack,1,3.4,3.4
355,500195,Cold Brew,Beverage,1,4.7,4.7
356,500196,Iced Tea,Beverage,2,3.42,6.84
357,500196,Fruit Cup,Snack,2,3.46,6.92
358,500196,Croissant,Bakery,1,3.23,3.23
359,500196,Latte,Beverage,1,4.48,4.48
360,500197,Granola Bar,Snack,1,2.74,2.74
361,500197,Avocado Toast,Food,1,7.31,7.31
362,500198,Blueberry Muffin,Bakery,1,3.66,3.66
363,500199,Iced Tea,Beverage,1,3.45,3.45
364,500200,Turkey Sandwich,Food,1,8.43,8.43
365,500201,Cappuccino,Beverage,1,4.19,4.19
366,500201,Cold Brew,Beverage,1,4.63,4.63
367,500202,Croissant,Bakery,1,3.24,3.24
368,500203,Caesar Salad,Food,1,8.13,8.13
369,500203,Blueberry Muffin,Bakery,1,3.73,3.73
370,500203,Espresso,Beverage,1,2.98,2.98
371,500203,Turkey Sandwich,Food,1,8.27,8.27
372,500204,Bagel with Cream Cheese,Bakery,1,3.88,3.88
373,500204,Fruit Cup,Snack,1,3.44,3.44
374,500205,Espresso,Beverage,2,2.99,5.98
375,500205,Veggie Wrap,Food,1,7.64,7.64
376,500205,Blueberry Muffin,Bakery,1,3.72,3.72
377,500205,Chocolate Chip Cookie,Bakery,1,2.5,2.5
378,500206,Turkey Sandwich,Food,1,8.26,8.26
379,500207,Fruit Cup,Snack,1,3.46,3.46
380,500208,Chocolate Chip Cookie,Bakery,1,2.47,2.47
381,500208,Blueberry Muffin,Bakery,1,3.73,3.73
382,500208,Croissant,Bakery,1,3.17,3.17
383,500209,Veggie Wrap,Food,2,7.53,15.06
384,500209,Fruit Cup,Snack,1,3.44,3.44
385,500210,Cold Brew,Beverage,2,4.72,9.44
386,500210,Iced Tea,Beverage,1,3.45,3.45
387,500210,Chocolate Chip Cookie,Bakery,1,2.48,2.48
388,500211,Latte,Beverage,1,4.48,4.48
389,500212,Latte,Beverage,2,4.43,8.86
390,500212,Cold Brew,Beverage,1,4.65,4.65
391,500212,Bagel with Cream Cheese,Bakery,2,3.91,7.82
392,500212,Chocolate Chip Cookie,Bakery,1,2.45,2.45
393,500213,Fruit Cup,Snack,1,3.47,3.47
394,500214,Chocolate Chip Cookie,Bakery,1,2.46,2.46
395,500214,Blueberry Muffin,Bakery,2,3.68,7.36
396,500214,Cappuccino,Beverage,1,4.13,4.13
397,500215,Latte,Beverage,2,4.46,8.92
398,500216,Latte,Beverage,1,4.42,4.42
399,500216,Croissant,Bakery,1,3.19,3.19
400,500216,Cold Brew,Beverage,1,4.7,4.7
401,500217,Avocado Toast,Food,1,7.49,7.49
402,500217,Cold Brew,Beverage,1,4.72,4.72
403,500217,Espresso,Beverage,1,2.97,2.97
404,500217,Veggie Wrap,Food,1,7.68,7.68
405,500218,Veggie Wrap,Food,1,7.65,7.65
406,500219,Iced Tea,Beverage,1,3.41,3.41
407,500220,Chocolate Chip Cookie,Bakery,1,2.43,2.43
408,500220,Iced Tea,Beverage,1,3.4,3.4
409,500220,Avocado Toast,Food,2,7.33,14.66
410,500221,Bagel with Cream Cheese,Bakery,1,3.92,3.92
411,500221,Fruit Cup,Snack,1,3.46,3.46
412,500222,Fruit Cup,Snack,2,3.48,6.96
413,500223,Turkey Sandwich,Food,1,8.38,8.38
414,500223,Chocolate Chip Cookie,Bakery,1,2.47,2.47
415,500224,Granola Bar,Snack,1,2.67,2.67
416,500225,Blueberry Muffin,Bakery,1,3.67,3.67
417,500226,Chocolate Chip Cookie,Bakery,1,2.45,2.45
418,500226,Espresso,Beverage,1,2.94,2.94
419,500227,Fruit Cup,Snack,1,3.5,3.5
420,500227,Granola Bar,Snack,1,2.7,2.7
421,500227,Bagel with Cream Cheese,Bakery,1,4.0,4.0
422,500228,Cold Brew,Beverage,1,4.73,4.73
423,500228,Caesar Salad,Food,2,8.22,16.44
424,500229,Cappuccino,Beverage,1,4.17,4.17
425,500229,Bagel with Cream Cheese,Bakery,2,3.9,7.8
426,500230,Veggie Wrap,Food,1,7.74,7.74
427,500230,Fruit Cup,Snack,1,3.48,3.48
428,500230,Turkey Sandwich,Food,1,8.46,8.46
429,500230,Chocolate Chip Cookie,Bakery,1,2.49,2.49
430,500231,Espresso,Beverage,1,2.97,2.97
431,500232,Cold Brew,Beverage,1,4.73,4.73
432,500233,Turkey Sandwich,Food,1,8.43,8.43
433,500233,Veggie Wrap,Food,1,7.55,7.55
434,500233,Iced Tea,Beverage,1,3.43,3.43
435,500233,Cappuccino,Beverage,1,4.21,4.21
436,500234,Blueberry Muffin,Bakery,1,3.67,3.67
437,500234,Veggie Wrap,Food,1,7.61,7.61
438,500234,Caesar Salad,Food,2,8.07,16.14
439,500234,Latte,Beverage,1,4.37,4.37
440,500235,Bagel with Cream Cheese,Bakery,1,3.95,3.95
441,500235,Avocado Toast,Food,2,7.41,14.82
442,500235,Cold Brew,Beverage,1,4.63,4.63
443,500236,Caesar Salad,Food,1,8.11,8.11
444,500236,Avocado Toast,Food,1,7.34,7.34
445,500236,Espresso,Beverage,1,2.99,2.99
446,500237,Chocolate Chip Cookie,Bakery,1,2.45,2.45
447,500237,Iced Tea,Beverage,1,3.45,3.45
448,500237,Croissant,Bakery,2,3.2,6.4
449,500238,Cold Brew,Beverage,1,4.7,4.7
450,500238,Bagel with Cream Cheese,Bakery,2,3.99,7.98
451,500239,Blueberry Muffin,Bakery,1,3.72,3.72
452,500239,Veggie Wrap,Food,1,7.53,7.53
453,500240,Cold Brew,Beverage,1,4.71,4.71
454,500241,Turkey Sandwich,Food,1,8.35,8.35
455,500242,Cold Brew,Beverage,1,4.73,4.73
456,500242,Turkey Sandwich,Food,1,8.42,8.42
457,500242,Blueberry Muffin,Bakery,1,3.74,3.74
458,500243,Espresso,Beverage,1,2.96,2.96
459,500243,Veggie Wrap,Food,2,7.52,15.04
460,500243,Croissant,Bakery,1,3.17,3.17
461,500244,Blueberry Muffin,Bakery,1,3.72,3.72
462,500244,Cold Brew,Beverage,1,4.62,4.62
463,500245,Veggie Wrap,Food,1,7.52,7.52
464,500246,Chocolate Chip Cookie,Bakery,1,2.43,2.43
465,500246,Cold Brew,Beverage,1,4.74,4.74
466,500247,Cold Brew,Beverage,2,4.72,9.44
467,500247,Fruit Cup,Snack,2,3.44,6.88
468,500247,Chocolate Chip Cookie,Bakery,1,2.49,2.49
469,500248,Fruit Cup,Snack,1,3.41,3.41
470,500248,Iced Tea,Beverage,1,3.47,3.47
471,500248,Latte,Beverage,1,4.39,4.39
472,500249,Cappuccino,Beverage,1,4.24,4.24
473,500249,Cold Brew,Beverage,1,4.62,4.62
474,500249,Chocolate Chip Cookie,Bakery,1,2.44,2.44
475,500250,Espresso,Beverage,2,2.97,5.94
476,500251,Blueberry Muffin,Bakery,1,3.74,3.74
477,500251,Espresso,Beverage,1,2.96,2.96
478,500252,Avocado Toast,Food,2,7.36,14.72
479,500253,Veggie Wrap,Food,1,7.57,7.57
480,500254,Chocolate Chip Cookie,Bakery,1,2.48,2.48
481,500254,Veggie Wrap,Food,1,7.69,7.69
482,500255,Latte,Beverage,1,4.41,4.41
483,500256,Cappuccino,Beverage,1,4.13,4.13
484,500257,Espresso,Beverage,1,2.95,2.95
485,500257,Iced Tea,Beverage,1,3.49,3.49
486,500257,Turkey Sandwich,Food,1,8.49,8.49
487,500258,Croissant,Bakery,1,3.18,3.18
488,500258,Chocolate Chip Cookie,Bakery,1,2.43,2.43
489,500259,Latte,Beverage,1,4.48,4.48
490,500260,Blueberry Muffin,Bakery,1,3.75,3.75
491,500260,Latte,Beverage,2,4.39,8.78
492,500261,Cold Brew,Beverage,1,4.69,4.69
493,500262,Granola Bar,Snack,1,2.71,2.71
494,500262,Iced Tea,Beverage,1,3.44,3.44
495,500263,Veggie Wrap,Food,1,7.55,7.55
496,500263,Chocolate Chip Cookie,Bakery,1,2.48,2.48
497,500264,Fruit Cup,Snack,1,3.48,3.48
498,500264,Chocolate Chip Cookie,Bakery,1,2.47,2.47
499,500264,Cold Brew,Beverage,1,4.72,4.72
500,500264,Croissant,Bakery,1,3.21,3.21
501,500265,Chocolate Chip Cookie,Bakery,1,2.44,2.44
502,500266,Cold Brew,Beverage,1,4.71,4.71
503,500267,Espresso,Beverage,1,2.99,2.99
504,500267,Chocolate Chip Cookie,Bakery,1,2.45,2.45
505,500268,Espresso,Beverage,1,2.96,2.96
506,500268,Iced Tea,Beverage,2,3.42,6.84
507,500268,Cold Brew,Beverage,1,4.74,4.74
508,500269,Croissant,Bakery,1,3.22,3.22
509,500269,Fruit Cup,Snack,1,3.45,3.45
510,500270,Avocado Toast,Food,1,7.34,7.34
511,500271,Veggie Wrap,Food,2,7.54,15.08
512,500271,Fruit Cup,Snack,1,3.42,3.42
513,500272,Iced Tea,Beverage,1,3.41,3.41
514,500273,Avocado Toast,Food,1,7.36,7.36
515,500273,Caesar Salad,Food,1,8.23,8.23
516,500274,Cold Brew,Beverage,1,4.63,4.63
517,500275,Chocolate Chip Cookie,Bakery,1,2.45,2.45
518,500276,Fruit Cup,Snack,1,3.49,3.49
519,500276,Blueberry Muffin,Bakery,1,3.66,3.66
520,500276,Chocolate Chip Cookie,Bakery,1,2.48,2.48
521,500277,Cappuccino,Beverage,1,4.23,4.23
522,500277,Espresso,Beverage,2,2.95,5.9
523,500277,Caesar Salad,Food,1,8.02,8.02
524,500278,Caesar Salad,Food,1,8.18,8.18
525,500279,Croissant,Bakery,1,3.17,3.17
526,500280,Caesar Salad,Food,1,8.14,8.14
527,500280,Fruit Cup,Snack,1,3.43,3.43
528,500281,Cold Brew,Beverage,1,4.67,4.67
529,500282,Cold Brew,Beverage,1,4.63,4.63
530,500283,Espresso,Beverage,1,2.95,2.95
531,500283,Chocolate Chip Cookie,Bakery,2,2.47,4.94
532,500283,Bagel with Cream Cheese,Bakery,1,3.98,3.98
533,500283,Caesar Salad,Food,1,8.19,8.19
534,500284,Blueberry Muffin,Bakery,1,3.71,3.71
535,500284,Latte,Beverage,1,4.46,4.46
536,500285,Latte,Beverage,2,4.37,8.74
537,500286,Chocolate Chip Cookie,Bakery,1,2.49,2.49
538,500286,Veggie Wrap,Food,1,7.7,7.7
539,500287,Cappuccino,Beverage,1,4.13,4.13
540,500287,Blueberry Muffin,Bakery,1,3.71,3.71
541,500288,Turkey Sandwich,Food,1,8.47,8.47
542,500288,Cold Brew,Beverage,1,4.64,4.64
543,500288,Veggie Wrap,Food,1,7.64,7.64
544,500289,Turkey Sandwich,Food,2,8.45,16.9
545,500290,Iced Tea,Beverage,1,3.43,3.43
546,500290,Fruit Cup,Snack,1,3.5,3.5
547,500291,Croissant,Bakery,1,3.2,3.2
548,500292,Cold Brew,Beverage,1,4.63,4.63
549,500292,Chocolate Chip Cookie,Bakery,1,2.43,2.43
550,500293,Cold Brew,Beverage,1,4.68,4.68
551,500293,Cappuccino,Beverage,2,4.16,8.32
552,500293,Iced Tea,Beverage,1,3.49,3.49
553,500294,Latte,Beverage,1,4.5,4.5
554,500294,Blueberry Muffin,Bakery,1,3.71,3.71
555,500294,Iced Tea,Beverage,1,3.45,3.45
556,500294,Cold Brew,Beverage,1,4.61,4.61
557,500295,Turkey Sandwich,Food,1,8.44,8.44
558,500296,Espresso,Beverage,1,2.97,2.97
559,500297,Fruit Cup,Snack,1,3.44,3.44
560,500297,Granola Bar,Snack,1,2.71,2.71
561,500298,Fruit Cup,Snack,2,3.49,6.98
562,500298,Croissant,Bakery,1,3.24,3.24
563,500298,Espresso,Beverage,1,2.95,2.95
564,500299,Espresso,Beverage,2,2.97,5.94
565,500299,Cold Brew,Beverage,1,4.62,4.62
566,500300,Avocado Toast,Food,1,7.3,7.3
567,500301,Croissant,Bakery,1,3.23,3.23
568,500302,Chocolate Chip Cookie,Bakery,1,2.43,2.43
569,500302,Avocado Toast,Food,1,7.3,7.3
570,500303,Turkey Sandwich,Food,2,8.42,16.84
571,500304,Avocado Toast,Food,1,7.46,7.46
572,500305,Espresso,Beverage,1,2.99,2.99
573,500305,Croissant,Bakery,1,3.2,3.2
574,500306,Cold Brew,Beverage,1,4.63,4.63
575,500307,Veggie Wrap,Food,1,7.6,7.6
576,500307,Turkey Sandwich,Food,1,8.35,8.35
577,500307,Cold Brew,Beverage,1,4.66,4.66
578,500307,Espresso,Beverage,1,2.94,2.94
579,500308,Croissant,Bakery,1,3.2,3.2
580,500309,Latte,Beverage,2,4.37,8.74
581,500309,Cold Brew,Beverage,1,4.66,4.66
582,500310,Bagel with Cream Cheese,Bakery,1,3.89,3.89
583,500310,Chocolate Chip Cookie,Bakery,1,2.46,2.46
584,500311,Caesar Salad,Food,1,8.08,8.08
585,500311,Blueberry Muffin,Bakery,1,3.72,3.72
586,500311,Turkey Sandwich,Food,1,8.39,8.39
587,500312,Bagel with Cream Cheese,Bakery,1,3.98,3.98
588,500312,Latte,Beverage,1,4.45,4.45
589,500312,Turkey Sandwich,Food,1,8.39,8.39
590,500312,Cappuccino,Beverage,1,4.17,4.17
591,500313,Blueberry Muffin,Bakery,1,3.64,3.64
592,500314,Blueberry Muffin,Bakery,1,3.74,3.74
593,500314,Espresso,Beverage,1,2.93,2.93
594,500315,Fruit Cup,Snack,1,3.4,3.4
595,500315,Croissant,Bakery,1,3.18,3.18
596,500315,Blueberry Muffin,Bakery,1,3.7,3.7
597,500315,Caesar Salad,Food,1,8.12,8.12
598,500316,Caesar Salad,Food,1,8.05,8.05
599,500317,Blueberry Muffin,Bakery,1,3.65,3.65
600,500317,Veggie Wrap,Food,1,7.56,7.56
601,500317,Fruit Cup,Snack,1,3.46,3.46
602,500317,Cold Brew,Beverage,1,4.66,4.66
603,500318,Cappuccino,Beverage,2,4.19,8.38
604,500318,Blueberry Muffin,Bakery,1,3.67,3.67
605,500319,Blueberry Muffin,Bakery,2,3.72,7.44
606,500320,Chocolate Chip Cookie,Bakery,1,2.46,2.46
607,500320,Caesar Salad,Food,1,8.11,8.11
608,500321,Espresso,Beverage,2,2.98,5.96
609,500322,Caesar Salad,Food,1,8.14,8.14
610,500322,Blueberry Muffin,Bakery,2,3.67,7.34
611,500322,Latte,Beverage,1,4.39,4.39
612,500322,Avocado Toast,Food,1,7.48,7.48
613,500323,Veggie Wrap,Food,1,7.72,7.72
614,500323,Bagel with Cream Cheese,Bakery,1,3.88,3.88
615,500323,Cappuccino,Beverage,1,4.16,4.16
616,500323,Caesar Salad,Food,1,8.06,8.06
617,500324,Bagel with Cream Cheese,Bakery,1,3.94,3.94
618,500325,Latte,Beverage,1,4.44,4.44
619,500325,Blueberry Muffin,Bakery,1,3.71,3.71
620,500325,Chocolate Chip Cookie,Bakery,1,2.43,2.43
621,500326,Granola Bar,Snack,2,2.7,5.4
622,500326,Espresso,Beverage,1,2.93,2.93
623,500327,Avocado Toast,Food,1,7.3,7.3
624,500328,Veggie Wrap,Food,1,7.66,7.66
625,500328,Avocado Toast,Food,1,7.29,7.29
626,500329,Granola Bar,Snack,1,2.71,2.71
627,500329,Cold Brew,Beverage,2,4.72,9.44
628,500330,Granola Bar,Snack,1,2.71,2.71
629,500330,Cold Brew,Beverage,1,4.72,4.72
630,500331,Cold Brew,Beverage,1,4.71,4.71
631,500331,Espresso,Beverage,2,2.98,5.96
632,500331,Blueberry Muffin,Bakery,2,3.67,7.34
633,500332,Croissant,Bakery,2,3.22,6.44
634,500333,Veggie Wrap,Food,1,7.54,7.54
635,500333,Granola Bar,Snack,1,2.67,2.67
636,500334,Bagel with Cream Cheese,Bakery,1,3.9,3.9
637,500335,Croissant,Bakery,1,3.2,3.2
638,500336,Chocolate Chip Cookie,Bakery,1,2.46,2.46
639,500336,Bagel with Cream Cheese,Bakery,1,3.88,3.88
640,500337,Iced Tea,Beverage,1,3.45,3.45
641,500338,Blueberry Muffin,Bakery,1,3.67,3.67
642,500339,Chocolate Chip Cookie,Bakery,1,2.45,2.45
643,500339,Cappuccino,Beverage,1,4.17,4.17
644,500340,Chocolate Chip Cookie,Bakery,2,2.49,4.98
645,500340,Fruit Cup,Snack,1,3.43,3.43
646,500341,Avocado Toast,Food,1,7.29,7.29
647,500341,Caesar Salad,Food,1,8.23,8.23
648,500342,Caesar Salad,Food,1,8.11,8.11
649,500343,Latte,Beverage,1,4.44,4.44
650,500343,Cappuccino,Beverage,1,4.16,4.16
651,500344,Latte,Beverage,1,4.42,4.42
652,500345,Turkey Sandwich,Food,1,8.4,8.4
653,500345,Espresso,Beverage,1,2.94,2.94
654,500345,Granola Bar,Snack,1,2.73,2.73
655,500346,Veggie Wrap,Food,1,7.64,7.64
656,500346,Croissant,Bakery,1,3.24,3.24
657,500347,Caesar Salad,Food,1,8.18,8.18
658,500347,Bagel with Cream Cheese,Bakery,1,3.97,3.97
659,500347,Blueberry Muffin,Bakery,1,3.65,3.65
660,500348,Latte,Beverage,1,4.47,4.47
661,500348,Avocado Toast,Food,1,7.44,7.44
662,500349,Fruit Cup,Snack,2,3.49,6.98
663,500349,Chocolate Chip Cookie,Bakery,1,2.47,2.47
664,500349,Iced Tea,Beverage,1,3.43,3.43
665,500350,Veggie Wrap,Food,1,7.65,7.65
666,500350,Cold Brew,Beverage,1,4.69,4.69
667,500350,Latte,Beverage,1,4.4,4.4
668,500350,Croissant,Bakery,1,3.16,3.16
669,500351,Cappuccino,Beverage,2,4.14,8.28
670,500351,Croissant,Bakery,1,3.19,3.19
671,500352,Granola Bar,Snack,1,2.72,2.72
672,500352,Chocolate Chip Cookie,Bakery,1,2.48,2.48
673,500352,Cappuccino,Beverage,1,4.22,4.22
674,500352,Iced Tea,Beverage,1,3.41,3.41
675,500353,Chocolate Chip Cookie,Bakery,1,2.46,2.46
676,500354,Avocado Toast,Food,1,7.29,7.29
677,500354,Bagel with Cream Cheese,Bakery,1,3.94,3.94
678,500354,Cold Brew,Beverage,1,4.63,4.63
679,500355,Cold Brew,Beverage,1,4.72,4.72
680,500355,Cappuccino,Beverage,1,4.15,4.15
681,500355,Blueberry Muffin,Bakery,2,3.65,7.3
682,500356,Iced Tea,Beverage,1,3.47,3.47
683,500357,Cappuccino,Beverage,2,4.14,8.28
684,500358,Bagel with Cream Cheese,Bakery,1,3.92,3.92
685,500358,Espresso,Beverage,1,2.98,2.98
686,500359,Chocolate Chip Cookie,Bakery,1,2.49,2.49
687,500360,Veggie Wrap,Food,1,7.68,7.68
688,500361,Bagel with Cream Cheese,Bakery,2,3.89,7.78
689,500362,Croissant,Bakery,1,3.23,3.23
690,500362,Iced Tea,Beverage,1,3.45,3.45
691,500362,Blueberry Muffin,Bakery,1,3.66,3.66
692,500363,Croissant,Bakery,1,3.21,3.21
693,500363,Fruit Cup,Snack,1,3.47,3.47
694,500364,Cappuccino,Beverage,1,4.24,4.24
695,500365,Espresso,Beverage,1,2.94,2.94
696,500366,Iced Tea,Beverage,1,3.49,3.49
697,500366,Fruit Cup,Snack,2,3.47,6.94
698,500366,Turkey Sandwich,Food,1,8.41,8.41
699,500367,Fruit Cup,Snack,1,3.48,3.48
700,500368,Veggie Wrap,Food,1,7.63,7.63
701,500369,Iced Tea,Beverage,1,3.45,3.45
702,500369,Avocado Toast,Food,1,7.29,7.29
703,500370,Croissant,Bakery,1,3.23,3.23
704,500370,Espresso,Beverage,1,2.93,2.93
705,500371,Avocado Toast,Food,2,7.33,14.66
706,500372,Espresso,Beverage,1,2.94,2.94
707,500372,Avocado Toast,Food,2,7.36,14.72
708,500372,Croissant,Bakery,1,3.16,3.16
709,500372,Iced Tea,Beverage,1,3.46,3.46
710,500373,Bagel with Cream Cheese,Bakery,1,3.94,3.94
711,500373,Cold Brew,Beverage,1,4.64,4.64
712,500373,Blueberry Muffin,Bakery,1,3.7,3.7
713,500374,Cappuccino,Beverage,2,4.18,8.36
714,500375,Granola Bar,Snack,1,2.75,2.75
715,500375,Chocolate Chip Cookie,Bakery,2,2.48,4.96
716,500376,Fruit Cup,Snack,2,3.45,6.9
717,500376,Caesar Salad,Food,1,8.04,8.04
718,500376,Cold Brew,Beverage,1,4.71,4.71
719,500377,Latte,Beverage,1,4.44,4.44
720,500377,Turkey Sandwich,Food,1,8.39,8.39
721,500378,Caesar Salad,Food,1,8.11,8.11
722,500379,Iced Tea,Beverage,2,3.48,6.96
723,500379,Espresso,Beverage,1,2.97,2.97
724,500379,Granola Bar,Snack,2,2.73,5.46
725,500379,Turkey Sandwich,Food,1,8.25,8.25
726,500380,Avocado Toast,Food,1,7.32,7.32
727,500380,Turkey Sandwich,Food,1,8.47,8.47
728,500381,Fruit Cup,Snack,1,3.46,3.46
729,500382,Cold Brew,Beverage,1,4.62,4.62
730,500382,Cappuccino,Beverage,1,4.14,4.14
731,500382,Espresso,Beverage,1,2.97,2.97
732,500383,Espresso,Beverage,1,2.93,2.93
733,500383,Blueberry Muffin,Bakery,2,3.72,7.44
734,500384,Espresso,Beverage,1,2.95,2.95
735,500385,Bagel with Cream Cheese,Bakery,1,3.99,3.99
736,500386,Cold Brew,Beverage,1,4.71,4.71
737,500387,Bagel with Cream Cheese,Bakery,1,3.89,3.89
738,500387,Turkey Sandwich,Food,1,8.26,8.26
739,500388,Cappuccino,Beverage,1,4.17,4.17
740,500388,Bagel with Cream Cheese,Bakery,1,3.88,3.88
741,500388,Iced Tea,Beverage,1,3.42,3.42
742,500388,Latte,Beverage,1,4.39,4.39
743,500389,Fruit Cup,Snack,1,3.42,3.42
744,500390,Espresso,Beverage,1,2.92,2.92
745,500391,Veggie Wrap,Food,2,7.7,15.4
746,500392,Turkey Sandwich,Food,1,8.36,8.36
747,500392,Chocolate Chip Cookie,Bakery,1,2.44,2.44
748,500392,Cappuccino,Beverage,1,4.17,4.17
749,500393,Iced Tea,Beverage,1,3.45,3.45
750,500394,Latte,Beverage,1,4.44,4.44
751,500395,Fruit Cup,Snack,1,3.49,3.49
752,500395,Veggie Wrap,Food,1,7.65,7.65
753,500396,Iced Tea,Beverage,1,3.48,3.48
754,500396,Turkey Sandwich,Food,1,8.39,8.39
755,500397,Turkey Sandwich,Food,1,8.36,8.36
756,500398,Iced Tea,Beverage,1,3.48,3.48
757,500398,Turkey Sandwich,Food,1,8.31,8.31
758,500399,Bagel with Cream Cheese,Bakery,1,3.98,3.98
759,500399,Espresso,Beverage,1,3.0,3.0
760,500399,Cappuccino,Beverage,1,4.24,4.24
761,500400,Granola Bar,Snack,1,2.73,2.73
762,500400,Veggie Wrap,Food,1,7.59,7.59
763,500400,Cold Brew,Beverage,1,4.74,4.74
764,500401,Croissant,Bakery,1,3.18,3.18
765,500401,Cold Brew,Beverage,1,4.72,4.72
766,500401,Blueberry Muffin,Bakery,2,3.66,7.32
767,500402,Blueberry Muffin,Bakery,2,3.68,7.36
768,500402,Granola Bar,Snack,1,2.74,2.74
769,500403,Granola Bar,Snack,1,2.68,2.68
770,500404,Granola Bar,Snack,1,2.71,2.71
771,500404,Espresso,Beverage,1,2.96,2.96
772,500405,Cold Brew,Beverage,2,4.73,9.46
773,500405,Avocado Toast,Food,1,7.33,7.33
774,500406,Blueberry Muffin,Bakery,1,3.68,3.68
775,500406,Avocado Toast,Food,1,7.28,7.28
776,500407,Fruit Cup,Snack,2,3.44,6.88
777,500407,Cappuccino,Beverage,1,4.13,4.13
778,500407,Granola Bar,Snack,1,2.73,2.73
779,500408,Latte,Beverage,2,4.46,8.92
780,500409,Croissant,Bakery,1,3.21,3.21
781,500409,Cappuccino,Beverage,1,4.19,4.19
782,500409,Veggie Wrap,Food,1,7.59,7.59
783,500410,Cappuccino,Beverage,1,4.23,4.23
784,500411,Veggie Wrap,Food,1,7.59,7.59
785,500411,Espresso,Beverage,2,2.99,5.98
786,500412,Caesar Salad,Food,1,8.09,8.09
787,500412,Croissant,Bakery,1,3.21,3.21
788,500413,Granola Bar,Snack,1,2.68,2.68
789,500414,Latte,Beverage,1,4.45,4.45
790,500414,Granola Bar,Snack,1,2.71,2.71
791,500414,Caesar Salad,Food,1,8.01,8.01
792,500415,Cold Brew,Beverage,1,4.73,4.73
793,500415,Fruit Cup,Snack,1,3.43,3.43
794,500416,Granola Bar,Snack,1,2.74,2.74
795,500417,Turkey Sandwich,Food,2,8.41,16.82
796,500418,Cappuccino,Beverage,1,4.25,4.25
797,500419,Turkey Sandwich,Food,1,8.37,8.37
798,500420,Croissant,Bakery,1,3.17,3.17
799,500421,Croissant,Bakery,1,3.19,3.19
800,500421,Iced Tea,Beverage,1,3.44,3.44
801,500421,Granola Bar,Snack,1,2.71,2.71
802,500422,Croissant,Bakery,1,3.16,3.16
803,500423,Avocado Toast,Food,1,7.4,7.4
804,500423,Bagel with Cream Cheese,Bakery,1,3.9,3.9
805,500423,Chocolate Chip Cookie,Bakery,1,2.43,2.43
806,500423,Iced Tea,Beverage,1,3.49,3.49
807,500424,Caesar Salad,Food,1,8.11,8.11
808,500425,Bagel with Cream Cheese,Bakery,1,3.95,3.95
809,500425,Caesar Salad,Food,1,8.13,8.13
810,500425,Latte,Beverage,1,4.41,4.41
811,500425,Croissant,Bakery,1,3.24,3.24
812,500426,Bagel with Cream Cheese,Bakery,2,3.91,7.82
813,500427,Granola Bar,Snack,1,2.72,2.72
814,500428,Iced Tea,Beverage,1,3.48,3.48
815,500428,Cappuccino,Beverage,1,4.18,4.18
816,500428,Blueberry Muffin,Bakery,1,3.71,3.71
817,500429,Iced Tea,Beverage,1,3.49,3.49
818,500429,Caesar Salad,Food,1,8.2,8.2
819,500429,Granola Bar,Snack,1,2.72,2.72
820,500429,Espresso,Beverage,1,2.98,2.98
821,500430,Latte,Beverage,1,4.49,4.49
822,500431,Granola Bar,Snack,1,2.74,2.74
823,500431,Cappuccino,Beverage,1,4.15,4.15
824,500432,Granola Bar,Snack,1,2.67,2.67
825,500432,Bagel with Cream Cheese,Bakery,2,3.91,7.82
826,500433,Cappuccino,Beverage,1,4.17,4.17
827,500434,Veggie Wrap,Food,1,7.63,7.63
828,500434,Cold Brew,Beverage,2,4.61,9.22
829,500434,Chocolate Chip Cookie,Bakery,1,2.43,2.43
830,500434,Cappuccino,Beverage,1,4.16,4.16
831,500435,Caesar Salad,Food,1,8.11,8.11
832,500435,Latte,Beverage,1,4.45,4.45
833,500435,Chocolate Chip Cookie,Bakery,2,2.49,4.98
834,500436,Turkey Sandwich,Food,1,8.48,8.48
835,500437,Blueberry Muffin,Bakery,1,3.66,3.66
836,500437,Fruit Cup,Snack,1,3.48,3.48
837,500438,Turkey Sandwich,Food,1,8.43,8.43
838,500439,Iced Tea,Beverage,1,3.47,3.47
839,500439,Fruit Cup,Snack,1,3.49,3.49
840,500440,Bagel with Cream Cheese,Bakery,1,3.89,3.89
841,500441,Fruit Cup,Snack,1,3.48,3.48
842,500442,Cappuccino,Beverage,1,4.14,4.14
843,500442,Bagel with Cream Cheese,Bakery,1,3.92,3.92
844,500443,Caesar Salad,Food,1,8.1,8.1
845,500443,Avocado Toast,Food,1,7.37,7.37
846,500444,Croissant,Bakery,1,3.25,3.25
847,500445,Granola Bar,Snack,1,2.69,2.69
848,500446,Veggie Wrap,Food,1,7.67,7.67
849,500447,Chocolate Chip Cookie,Bakery,1,2.5,2.5
850,500448,Cappuccino,Beverage,1,4.19,4.19
851,500449,Fruit Cup,Snack,1,3.48,3.48
852,500450,Iced Tea,Beverage,1,3.44,3.44
853,500450,Fruit Cup,Snack,1,3.44,3.44
854,500450,Caesar Salad,Food,1,8.09,8.09
855,500450,Veggie Wrap,Food,2,7.68,15.36
856,500451,Cappuccino,Beverage,1,4.18,4.18
857,500452,Avocado Toast,Food,1,7.42,7.42
858,500452,Bagel with Cream Cheese,Bakery,2,3.98,7.96
859,500452,Croissant,Bakery,1,3.24,3.24
860,500452,Cappuccino,Beverage,1,4.15,4.15
861,500453,Cold Brew,Beverage,1,4.75,4.75
862,500454,Veggie Wrap,Food,1,7.75,7.75
863,500454,Latte,Beverage,1,4.49,4.49
864,500454,Cappuccino,Beverage,1,4.24,4.24
865,500454,Turkey Sandwich,Food,1,8.35,8.35
866,500455,Cappuccino,Beverage,1,4.22,4.22
867,500456,Veggie Wrap,Food,1,7.54,7.54
868,500457,Cold Brew,Beverage,2,4.63,9.26
869,500457,Latte,Beverage,1,4.37,4.37
870,500458,Fruit Cup,Snack,1,3.46,3.46
871,500458,Blueberry Muffin,Bakery,1,3.75,3.75
872,500458,Chocolate Chip Cookie,Bakery,1,2.43,2.43
873,500459,Granola Bar,Snack,1,2.72,2.72
874,500460,Bagel with Cream Cheese,Bakery,1,3.93,3.93
875,500460,Turkey Sandwich,Food,1,8.33,8.33
876,500460,Iced Tea,Beverage,1,3.44,3.44
877,500460,Chocolate Chip Cookie,Bakery,1,2.47,2.47
878,500461,Avocado Toast,Food,2,7.4,14.8
879,500462,Cold Brew,Beverage,1,4.7,4.7
880,500462,Granola Bar,Snack,1,2.71,2.71
881,500462,Blueberry Muffin,Bakery,1,3.69,3.69
882,500463,Turkey Sandwich,Food,1,8.33,8.33
883,500463,Blueberry Muffin,Bakery,1,3.67,3.67
884,500464,Turkey Sandwich,Food,1,8.33,8.33
885,500465,Turkey Sandwich,Food,2,8.33,16.66
886,500465,Cappuccino,Beverage,1,4.17,4.17
887,500466,Croissant,Bakery,1,3.15,3.15
888,500467,Latte,Beverage,1,4.47,4.47
889,500467,Blueberry Muffin,Bakery,1,3.73,3.73
890,500467,Cold Brew,Beverage,1,4.66,4.66
891,500467,Granola Bar,Snack,1,2.71,2.71
892,500468,Blueberry Muffin,Bakery,2,3.7,7.4
893,500468,Chocolate Chip Cookie,Bakery,2,2.47,4.94
894,500468,Granola Bar,Snack,1,2.75,2.75
895,500469,Blueberry Muffin,Bakery,1,3.64,3.64
896,500469,Bagel with Cream Cheese,Bakery,1,3.96,3.96
897,500469,Turkey Sandwich,Food,1,8.49,8.49
898,500469,Caesar Salad,Food,1,8.25,8.25
899,500470,Croissant,Bakery,1,3.21,3.21
900,500471,Chocolate Chip Cookie,Bakery,1,2.45,2.45
901,500471,Latte,Beverage,1,4.42,4.42
902,500472,Cold Brew,Beverage,1,4.67,4.67
903,500472,Cappuccino,Beverage,1,4.16,4.16
904,500473,Latte,Beverage,1,4.46,4.46
905,500473,Granola Bar,Snack,1,2.73,2.73
906,500473,Avocado Toast,Food,1,7.48,7.48
907,500473,Chocolate Chip Cookie,Bakery,1,2.48,2.48
908,500474,Chocolate Chip Cookie,Bakery,1,2.47,2.47
909,500474,Bagel with Cream Cheese,Bakery,1,3.89,3.89
910,500475,Granola Bar,Snack,2,2.74,5.48
911,500476,Blueberry Muffin,Bakery,1,3.67,3.67
912,500476,Veggie Wrap,Food,1,7.69,7.69
913,500476,Chocolate Chip Cookie,Bakery,1,2.48,2.48
914,500477,Cappuccino,Beverage,1,4.17,4.17
915,500477,Blueberry Muffin,Bakery,1,3.67,3.67
916,500477,Bagel with Cream Cheese,Bakery,1,3.94,3.94
917,500478,Avocado Toast,Food,1,7.32,7.32
918,500479,Iced Tea,Beverage,1,3.4,3.4
919,500479,Fruit Cup,Snack,2,3.47,6.94
920,500480,Espresso,Beverage,2,2.94,5.88
921,500481,Blueberry Muffin,Bakery,1,3.74,3.74
922,500481,Turkey Sandwich,Food,1,8.42,8.42
923,500482,Latte,Beverage,1,4.48,4.48
924,500482,Cold Brew,Beverage,1,4.67,4.67
925,500482,Iced Tea,Beverage,1,3.41,3.41
926,500483,Bagel with Cream Cheese,Bakery,1,3.9,3.9
927,500483,Cold Brew,Beverage,1,4.75,4.75
928,500484,Cappuccino,Beverage,2,4.16,8.32
929,500485,Latte,Beverage,1,4.47,4.47
930,500485,Caesar Salad,Food,1,8.07,8.07
931,500485,Granola Bar,Snack,1,2.73,2.73
932,500486,Bagel with Cream Cheese,Bakery,2,3.93,7.86
933,500487,Cappuccino,Beverage,1,4.13,4.13
934,500487,Croissant,Bakery,1,3.23,3.23
935,500488,Iced Tea,Beverage,1,3.41,3.41
936,500488,Caesar Salad,Food,1,8.12,8.12
937,500488,Bagel with Cream Cheese,Bakery,1,3.9,3.9
938,500488,Turkey Sandwich,Food,1,8.28,8.28
939,500489,Chocolate Chip Cookie,Bakery,1,2.43,2.43
940,500489,Croissant,Bakery,1,3.17,3.17
941,500489,Caesar Salad,Food,1,8.21,8.21
942,500490,Blueberry Muffin,Bakery,1,3.74,3.74
943,500490,Turkey Sandwich,Food,1,8.31,8.31
944,500491,Turkey Sandwich,Food,1,8.39,8.39
945,500492,Caesar Salad,Food,1,8.15,8.15
946,500492,Veggie Wrap,Food,1,7.6,7.6
947,500493,Turkey Sandwich,Food,1,8.39,8.39
948,500494,Chocolate Chip Cookie,Bakery,1,2.49,2.49
949,500495,Latte,Beverage,1,4.42,4.42
950,500496,Iced Tea,Beverage,1,3.41,3.41
951,500497,Granola Bar,Snack,1,2.73,2.73
952,500497,Avocado Toast,Food,1,7.38,7.38
953,500498,Cappuccino,Beverage,1,4.15,4.15
954,500499,Turkey Sandwich,Food,1,8.29,8.29
955,500499,Avocado Toast,Food,1,7.37,7.37
956,500499,Espresso,Beverage,1,2.92,2.92
957,500500,Latte,Beverage,1,4.5,4.5
958,500500,Turkey Sandwich,Food,2,8.32,16.64
959,500500,Iced Tea,Beverage,1,3.47,3.47
960,500500,Caesar Salad,Food,1,8.12,8.12
961,500501,Cappuccino,Beverage,1,4.2,4.2
962,500501,Granola Bar,Snack,2,2.68,5.36
963,500502,Chocolate Chip Cookie,Bakery,1,2.43,2.43
964,500502,Croissant,Bakery,1,3.23,3.23
965,500502,Caesar Salad,Food,1,8.15,8.15
966,500503,Blueberry Muffin,Bakery,1,3.74,3.74
967,500504,Fruit Cup,Snack,1,3.46,3.46
968,500505,Latte,Beverage,1,4.37,4.37
969,500505,Turkey Sandwich,Food,1,8.41,8.41
970,500505,Bagel with Cream Cheese,Bakery,1,3.92,3.92
971,500506,Veggie Wrap,Food,1,7.67,7.67
972,500506,Cold Brew,Beverage,1,4.75,4.75
973,500507,Granola Bar,Snack,1,2.68,2.68
974,500507,Chocolate Chip Cookie,Bakery,1,2.44,2.44
975,500508,Iced Tea,Beverage,2,3.45,6.9
976,500509,Cappuccino,Beverage,1,4.16,4.16
977,500509,Chocolate Chip Cookie,Bakery,2,2.5,5.0
978,500510,Chocolate Chip Cookie,Bakery,1,2.47,2.47
979,500511,Veggie Wrap,Food,1,7.52,7.52
980,500511,Chocolate Chip Cookie,Bakery,1,2.5,2.5
981,500511,Cold Brew,Beverage,1,4.74,4.74
982,500512,Avocado Toast,Food,1,7.47,7.47
983,500512,Granola Bar,Snack,1,2.68,2.68
984,500512,Veggie Wrap,Food,1,7.54,7.54
985,500513,Croissant,Bakery,1,3.2,3.2
986,500513,Chocolate Chip Cookie,Bakery,2,2.47,4.94
987,500514,Iced Tea,Beverage,1,3.45,3.45
988,500514,Granola Bar,Snack,1,2.73,2.73
989,500514,Chocolate Chip Cookie,Bakery,1,2.5,2.5
990,500514,Croissant,Bakery,2,3.22,6.44
991,500515,Turkey Sandwich,Food,1,8.34,8.34
992,500516,Croissant,Bakery,1,3.23,3.23
993,500516,Turkey Sandwich,Food,1,8.25,8.25
994,500516,Granola Bar,Snack,2,2.75,5.5
995,500517,Espresso,Beverage,2,2.93,5.86
996,500518,Latte,Beverage,1,4.44,4.44
997,500518,Bagel with Cream Cheese,Bakery,1,3.92,3.92
998,500519,Fruit Cup,Snack,1,3.47,3.47
999,500519,Cappuccino,Beverage,2,4.16,8.32
1000,500519,Espresso,Beverage,1,2.91,2.91
1001,500520,Turkey Sandwich,Food,1,8.31,8.31
1002,500520,Cappuccino,Beverage,2,4.25,8.5
1003,500520,Croissant,Bakery,1,3.23,3.23
1004,500521,Croissant,Bakery,1,3.22,3.22
1005,500521,Fruit Cup,Snack,1,3.45,3.45
1006,500521,Chocolate Chip Cookie,Bakery,1,2.44,2.44
1007,500521,Bagel with Cream Cheese,Bakery,1,3.92,3.92
1008,500522,Cold Brew,Beverage,1,4.73,4.73
1009,500522,Iced Tea,Beverage,1,3.43,3.43
1010,500522,Blueberry Muffin,Bakery,1,3.75,3.75
1011,500523,Bagel with Cream Cheese,Bakery,1,3.95,3.95
1012,500524,Iced Tea,Beverage,2,3.42,6.84
1013,500524,Croissant,Bakery,1,3.24,3.24
1014,500524,Chocolate Chip Cookie,Bakery,1,2.46,2.46
1015,500525,Iced Tea,Beverage,1,3.44,3.44
1016,500525,Granola Bar,Snack,2,2.75,5.5
1017,500525,Bagel with Cream Cheese,Bakery,1,3.93,3.93
1018,500525,Croissant,Bakery,1,3.19,3.19
1019,500526,Caesar Salad,Food,2,8.12,16.24
1020,500526,Latte,Beverage,1,4.46,4.46
1021,500526,Croissant,Bakery,1,3.18,3.18
1022,500526,Cold Brew,Beverage,1,4.69,4.69
1023,500527,Cappuccino,Beverage,1,4.22,4.22
1024,500528,Latte,Beverage,1,4.4,4.4
1025,500528,Caesar Salad,Food,2,8.12,16.24
1026,500528,Espresso,Beverage,2,2.93,5.86
1027,500529,Fruit Cup,Snack,1,3.5,3.5
1028,500529,Blueberry Muffin,Bakery,1,3.73,3.73
1029,500530,Blueberry Muffin,Bakery,2,3.66,7.32
1030,500531,Espresso,Beverage,1,2.97,2.97
1031,500532,Chocolate Chip Cookie,Bakery,1,2.48,2.48
1032,500532,Avocado Toast,Food,1,7.38,7.38
1033,500532,Caesar Salad,Food,1,8.16,8.16
1034,500532,Turkey Sandwich,Food,1,8.32,8.32
1035,500533,Fruit Cup,Snack,1,3.43,3.43
1036,500533,Bagel with Cream Cheese,Bakery,2,3.94,7.88
1037,500533,Avocado Toast,Food,1,7.42,7.42
1038,500534,Turkey Sandwich,Food,1,8.41,8.41
1039,500534,Fruit Cup,Snack,1,3.5,3.5
1040,500534,Veggie Wrap,Food,2,7.73,15.46
1041,500534,Caesar Salad,Food,1,8.09,8.09
1042,500535,Latte,Beverage,1,4.4,4.4
1043,500535,Cold Brew,Beverage,2,4.63,9.26
1044,500536,Chocolate Chip Cookie,Bakery,1,2.43,2.43
1045,500537,Cappuccino,Beverage,1,4.23,4.23
1046,500537,Granola Bar,Snack,1,2.67,2.67
1047,500537,Espresso,Beverage,1,2.96,2.96
1048,500537,Blueberry Muffin,Bakery,1,3.68,3.68
1049,500538,Turkey Sandwich,Food,1,8.3,8.3
1050,500538,Espresso,Beverage,1,3.0,3.0
1051,500539,Cappuccino,Beverage,1,4.2,4.2
1052,500540,Iced Tea,Beverage,1,3.46,3.46
1053,500541,Espresso,Beverage,1,2.98,2.98
1054,500541,Croissant,Bakery,1,3.23,3.23
1055,500542,Turkey Sandwich,Food,1,8.35,8.35
1056,500543,Espresso,Beverage,1,2.91,2.91
1057,500544,Espresso,Beverage,1,2.96,2.96
1058,500545,Blueberry Muffin,Bakery,1,3.69,3.69
1059,500545,Avocado Toast,Food,2,7.43,14.86
1060,500546,Espresso,Beverage,2,2.98,5.96
1061,500546,Turkey Sandwich,Food,1,8.39,8.39
1062,500546,Blueberry Muffin,Bakery,1,3.7,3.7
1063,500546,Avocado Toast,Food,2,7.41,14.82
1064,500547,Turkey Sandwich,Food,2,8.48,16.96
1065,500547,Cappuccino,Beverage,1,4.15,4.15
1066,500547,Chocolate Chip Cookie,Bakery,1,2.43,2.43
1067,500547,Blueberry Muffin,Bakery,2,3.69,7.38
1068,500548,Turkey Sandwich,Food,2,8.31,16.62
1069,500549,Cappuccino,Beverage,1,4.17,4.17
1070,500549,Turkey Sandwich,Food,1,8.29,8.29
1071,500549,Espresso,Beverage,1,3.0,3.0
1072,500550,Turkey Sandwich,Food,1,8.29,8.29
1073,500550,Fruit Cup,Snack,1,3.45,3.45
1074,500551,Granola Bar,Snack,1,2.69,2.69
1075,500551,Latte,Beverage,1,4.45,4.45
1076,500552,Cappuccino,Beverage,1,4.14,4.14
1077,500552,Chocolate Chip Cookie,Bakery,1,2.46,2.46
1078,500553,Avocado Toast,Food,1,7.38,7.38
1079,500554,Veggie Wrap,Food,1,7.71,7.71
1080,500554,Cappuccino,Beverage,1,4.14,4.14
1081,500554,Espresso,Beverage,1,2.95,2.95
1082,500554,Croissant,Bakery,1,3.17,3.17
1083,500555,Latte,Beverage,1,4.5,4.5
1084,500555,Iced Tea,Beverage,2,3.4,6.8
1085,500555,Turkey Sandwich,Food,1,8.35,8.35
1086,500556,Chocolate Chip Cookie,Bakery,1,2.44,2.44
1087,500556,Turkey Sandwich,Food,1,8.36,8.36
1088,500557,Espresso,Beverage,2,2.92,5.84
1089,500558,Espresso,Beverage,2,2.91,5.82
1090,500559,Iced Tea,Beverage,1,3.49,3.49
1091,500559,Fruit Cup,Snack,1,3.46,3.46
1092,500559,Veggie Wrap,Food,1,7.7,7.7
1093,500560,Granola Bar,Snack,1,2.73,2.73
1094,500560,Fruit Cup,Snack,1,3.5,3.5
1095,500560,Chocolate Chip Cookie,Bakery,1,2.48,2.48
1096,500560,Avocado Toast,Food,1,7.43,7.43
1097,500561,Avocado Toast,Food,1,7.42,7.42
1098,500561,Veggie Wrap,Food,1,7.54,7.54
1099,500562,Cappuccino,Beverage,1,4.17,4.17
1100,500563,Latte,Beverage,1,4.39,4.39
1101,500563,Croissant,Bakery,1,3.17,3.17
1102,500564,Blueberry Muffin,Bakery,1,3.69,3.69
1103,500565,Caesar Salad,Food,1,8.23,8.23
1104,500565,Chocolate Chip Cookie,Bakery,2,2.44,4.88
1105,500566,Avocado Toast,Food,2,7.41,14.82
1106,500567,Espresso,Beverage,1,2.94,2.94
1107,500567,Avocado Toast,Food,1,7.47,7.47
1108,500568,Avocado Toast,Food,1,7.29,7.29
1109,500568,Veggie Wrap,Food,1,7.56,7.56
1110,500568,Espresso,Beverage,1,2.97,2.97
1111,500569,Iced Tea,Beverage,1,3.46,3.46
1112,500570,Fruit Cup,Snack,1,3.4,3.4
1113,500570,Cold Brew,Beverage,1,4.72,4.72
1114,500571,Blueberry Muffin,Bakery,1,3.72,3.72
1115,500572,Cold Brew,Beverage,1,4.71,4.71
1116,500572,Caesar Salad,Food,1,8.21,8.21
1117,500572,Chocolate Chip Cookie,Bakery,2,2.5,5.0
1118,500572,Iced Tea,Beverage,1,3.49,3.49
1119,500573,Iced Tea,Beverage,1,3.48,3.48
1120,500574,Fruit Cup,Snack,1,3.41,3.41
1121,500574,Granola Bar,Snack,1,2.73,2.73
1122,500575,Cappuccino,Beverage,1,4.17,4.17
1123,500576,Granola Bar,Snack,2,2.75,5.5
1124,500576,Caesar Salad,Food,1,8.17,8.17
1125,500577,Fruit Cup,Snack,2,3.43,6.86
1126,500577,Chocolate Chip Cookie,Bakery,1,2.45,2.45
1127,500578,Bagel with Cream Cheese,Bakery,1,3.93,3.93
1128,500578,Fruit Cup,Snack,1,3.43,3.43
1129,500578,Chocolate Chip Cookie,Bakery,1,2.49,2.49
1130,500579,Caesar Salad,Food,1,8.24,8.24
1131,500579,Veggie Wrap,Food,1,7.63,7.63
1132,500580,Espresso,Beverage,1,2.96,2.96
1133,500581,Cold Brew,Beverage,1,4.61,4.61
1134,500582,Espresso,Beverage,1,2.96,2.96
1135,500582,Caesar Salad,Food,2,8.01,16.02
1136,500583,Latte,Beverage,1,4.39,4.39
1137,500584,Caesar Salad,Food,1,8.2,8.2
1138,500585,Avocado Toast,Food,1,7.32,7.32
1139,500585,Bagel with Cream Cheese,Bakery,1,3.96,3.96
1140,500586,Bagel with Cream Cheese,Bakery,1,3.93,3.93
1141,500586,Croissant,Bakery,1,3.24,3.24
1142,500587,Cold Brew,Beverage,1,4.69,4.69
1143,500588,Latte,Beverage,1,4.4,4.4
1144,500588,Cappuccino,Beverage,2,4.15,8.3
1145,500589,Avocado Toast,Food,1,7.37,7.37
1146,500590,Bagel with Cream Cheese,Bakery,1,3.97,3.97
1147,500590,Granola Bar,Snack,1,2.68,2.68
1148,500590,Cappuccino,Beverage,1,4.18,4.18
1149,500591,Chocolate Chip Cookie,Bakery,2,2.46,4.92
1150,500591,Croissant,Bakery,1,3.17,3.17
1151,500591,Latte,Beverage,2,4.45,8.9
1152,500592,Caesar Salad,Food,1,8.18,8.18
1153,500592,Latte,Beverage,1,4.47,4.47
1154,500592,Cappuccino,Beverage,1,4.13,4.13
1155,500593,Croissant,Bakery,1,3.24,3.24
1156,500594,Espresso,Beverage,1,2.93,2.93
1157,500594,Latte,Beverage,1,4.4,4.4
1158,500595,Granola Bar,Snack,1,2.74,2.74
1159,500595,Fruit Cup,Snack,1,3.44,3.44
1160,500596,Avocado Toast,Food,1,7.34,7.34
1161,500597,Caesar Salad,Food,1,8.13,8.13
1162,500597,Iced Tea,Beverage,1,3.43,3.43
1163,500598,Chocolate Chip Cookie,Bakery,1,2.47,2.47
1164,500599,Cappuccino,Beverage,1,4.22,4.22
1165,500599,Iced Tea,Beverage,1,3.47,3.47
1166,500599,Espresso,Beverage,1,2.93,2.93
1167,500599,Croissant,Bakery,1,3.19,3.19
1168,500600,Blueberry Muffin,Bakery,1,3.74,3.74
1169,500600,Latte,Beverage,1,4.49,4.49
1170,500600,Espresso,Beverage,2,2.96,5.92
1171,500601,Croissant,Bakery,1,3.16,3.16
1172,500601,Granola Bar,Snack,1,2.71,2.71
1173,500601,Veggie Wrap,Food,1,7.64,7.64
1174,500602,Granola Bar,Snack,2,2.7,5.4
1175,500603,Turkey Sandwich,Food,2,8.31,16.62
1176,500603,Blueberry Muffin,Bakery,1,3.65,3.65
1177,500603,Latte,Beverage,1,4.48,4.48
1178,500604,Avocado Toast,Food,1,7.34,7.34
1179,500604,Cold Brew,Beverage,1,4.74,4.74
1180,500605,Turkey Sandwich,Food,2,8.3,16.6
1181,500606,Chocolate Chip Cookie,Bakery,1,2.43,2.43
1182,500606,Granola Bar,Snack,2,2.68,5.36
1183,500606,Cappuccino,Beverage,1,4.17,4.17
1184,500606,Croissant,Bakery,1,3.21,3.21
1185,500607,Cold Brew,Beverage,1,4.71,4.71
1186,500607,Cappuccino,Beverage,1,4.22,4.22
1187,500608,Croissant,Bakery,2,3.24,6.48
1188,500609,Fruit Cup,Snack,1,3.44,3.44
1189,500609,Espresso,Beverage,1,2.98,2.98
1190,500609,Granola Bar,Snack,1,2.74,2.74
1191,500610,Veggie Wrap,Food,1,7.7,7.7
1192,500611,Cappuccino,Beverage,1,4.16,4.16
1193,500611,Croissant,Bakery,1,3.23,3.23
1194,500611,Caesar Salad,Food,1,8.06,8.06
1195,500612,Turkey Sandwich,Food,1,8.44,8.44
1196,500613,Chocolate Chip Cookie,Bakery,1,2.45,2.45
1197,500613,Caesar Salad,Food,1,8.11,8.11
1198,500614,Croissant,Bakery,1,3.16,3.16
1199,500615,Croissant,Bakery,2,3.16,6.32
1200,500616,Chocolate Chip Cookie,Bakery,1,2.46,2.46
1201,500616,Cold Brew,Beverage,1,4.69,4.69
1202,500616,Caesar Salad,Food,1,8.06,8.06
1203,500617,Fruit Cup,Snack,1,3.46,3.46
1204,500618,Fruit Cup,Snack,1,3.46,3.46
1205,500619,Cappuccino,Beverage,1,4.18,4.18
1206,500620,Avocado Toast,Food,1,7.35,7.35
1207,500621,Cappuccino,Beverage,1,4.18,4.18
1208,500621,Caesar Salad,Food,1,8.05,8.05
1209,500622,Fruit Cup,Snack,1,3.41,3.41
1210,500623,Turkey Sandwich,Food,1,8.43,8.43
1211,500623,Latte,Beverage,1,4.42,4.42
1212,500624,Croissant,Bakery,1,3.2,3.2
1213,500625,Turkey Sandwich,Food,1,8.33,8.33
1214,500625,Croissant,Bakery,1,3.18,3.18
1215,500626,Veggie Wrap,Food,1,7.67,7.67
1216,500627,Chocolate Chip Cookie,Bakery,1,2.49,2.49
1217,500628,Chocolate Chip Cookie,Bakery,1,2.5,2.5
1218,500628,Granola Bar,Snack,1,2.69,2.69
1219,500629,Blueberry Muffin,Bakery,1,3.64,3.64
1220,500629,Cold Brew,Beverage,1,4.63,4.63
1221,500630,Avocado Toast,Food,1,7.4,7.4
1222,500630,Granola Bar,Snack,1,2.69,2.69
1223,500631,Cappuccino,Beverage,1,4.24,4.24
1224,500632,Croissant,Bakery,1,3.24,3.24
1225,500633,Latte,Beverage,2,4.46,8.92
1226,500633,Cappuccino,Beverage,1,4.21,4.21
1227,500633,Bagel with Cream Cheese,Bakery,1,3.91,3.91
1228,500633,Espresso,Beverage,1,2.93,2.93
1229,500634,Granola Bar,Snack,1,2.69,2.69
1230,500634,Iced Tea,Beverage,1,3.42,3.42
1231,500635,Cold Brew,Beverage,1,4.69,4.69
1232,500635,Croissant,Bakery,1,3.2,3.2
1233,500635,Blueberry Muffin,Bakery,1,3.74,3.74
1234,500636,Fruit Cup,Snack,1,3.49,3.49
1235,500636,Cold Brew,Beverage,1,4.73,4.73
1236,500636,Latte,Beverage,1,4.49,4.49
1237,500637,Fruit Cup,Snack,1,3.46,3.46
1238,500637,Cappuccino,Beverage,1,4.14,4.14
1239,500637,Espresso,Beverage,1,2.91,2.91
1240,500637,Veggie Wrap,Food,1,7.53,7.53
1241,500638,Turkey Sandwich,Food,1,8.49,8.49
1242,500638,Espresso,Beverage,1,2.98,2.98
1243,500639,Croissant,Bakery,1,3.16,3.16
1244,500639,Bagel with Cream Cheese,Bakery,2,3.92,7.84
1245,500640,Caesar Salad,Food,1,8.1,8.1
1246,500640,Granola Bar,Snack,1,2.75,2.75
1247,500641,Croissant,Bakery,1,3.16,3.16
1248,500641,Blueberry Muffin,Bakery,2,3.65,7.3
1249,500642,Cold Brew,Beverage,1,4.72,4.72
1250,500642,Iced Tea,Beverage,1,3.43,3.43
1251,500642,Avocado Toast,Food,1,7.36,7.36
1252,500643,Cappuccino,Beverage,1,4.17,4.17
1253,500643,Bagel with Cream Cheese,Bakery,1,3.96,3.96
1254,500644,Cold Brew,Beverage,2,4.67,9.34
1255,500644,Avocado Toast,Food,1,7.32,7.32
1256,500645,Fruit Cup,Snack,1,3.48,3.48
1257,500646,Caesar Salad,Food,1,8.01,8.01
1258,500646,Iced Tea,Beverage,1,3.47,3.47
1259,500646,Cappuccino,Beverage,2,4.22,8.44
1260,500647,Turkey Sandwich,Food,1,8.26,8.26
1261,500648,Cold Brew,Beverage,1,4.66,4.66
1262,500649,Veggie Wrap,Food,2,7.6,15.2
1263,500649,Bagel with Cream Cheese,Bakery,1,3.98,3.98
1264,500650,Fruit Cup,Snack,1,3.45,3.45
1265,500650,Espresso,Beverage,1,2.92,2.92
1266,500651,Croissant,Bakery,1,3.17,3.17
1267,500651,Iced Tea,Beverage,1,3.5,3.5
1268,500651,Turkey Sandwich,Food,1,8.34,8.34
1269,500652,Blueberry Muffin,Bakery,1,3.71,3.71
1270,500652,Caesar Salad,Food,1,8.23,8.23
1271,500653,Turkey Sandwich,Food,1,8.46,8.46
1272,500653,Iced Tea,Beverage,2,3.45,6.9
1273,500654,Granola Bar,Snack,1,2.72,2.72
1274,500655,Veggie Wrap,Food,1,7.57,7.57
1275,500656,Granola Bar,Snack,1,2.73,2.73
1276,500656,Espresso,Beverage,1,2.99,2.99
1277,500657,Chocolate Chip Cookie,Bakery,1,2.48,2.48
1278,500657,Bagel with Cream Cheese,Bakery,1,3.98,3.98
1279,500657,Latte,Beverage,1,4.45,4.45
1280,500657,Caesar Salad,Food,1,8.07,8.07
1281,500658,Granola Bar,Snack,1,2.68,2.68
1282,500659,Granola Bar,Snack,1,2.75,2.75
1283,500660,Fruit Cup,Snack,1,3.5,3.5
1284,500661,Latte,Beverage,1,4.42,4.42
1285,500661,Veggie Wrap,Food,1,7.53,7.53
1286,500661,Chocolate Chip Cookie,Bakery,1,2.45,2.45
1287,500662,Bagel with Cream Cheese,Bakery,1,3.97,3.97
1288,500663,Cold Brew,Beverage,1,4.66,4.66
1289,500663,Latte,Beverage,2,4.41,8.82
1290,500664,Cappuccino,Beverage,2,4.25,8.5
1291,500664,Latte,Beverage,2,4.38,8.76
1292,500665,Granola Bar,Snack,2,2.71,5.42
1293,500666,Fruit Cup,Snack,1,3.46,3.46
1294,500666,Veggie Wrap,Food,1,7.71,7.71
1295,500667,Granola Bar,Snack,2,2.7,5.4
1296,500667,Avocado Toast,Food,1,7.45,7.45
1297,500668,Cold Brew,Beverage,1,4.71,4.71
1298,500668,Veggie Wrap,Food,1,7.65,7.65
1299,500669,Granola Bar,Snack,1,2.71,2.71
1300,500669,Latte,Beverage,1,4.41,4.41
1301,500670,Latte,Beverage,1,4.47,4.47
1302,500670,Chocolate Chip Cookie,Bakery,1,2.45,2.45
1303,500670,Granola Bar,Snack,1,2.68,2.68
1304,500671,Iced Tea,Beverage,1,3.5,3.5
1305,500672,Blueberry Muffin,Bakery,1,3.66,3.66
1306,500672,Cappuccino,Beverage,2,4.18,8.36
1307,500673,Granola Bar,Snack,1,2.71,2.71
1308,500673,Cold Brew,Beverage,1,4.73,4.73
1309,500673,Cappuccino,Beverage,1,4.16,4.16
1310,500674,Blueberry Muffin,Bakery,1,3.68,3.68
1311,500674,Cappuccino,Beverage,1,4.22,4.22
1312,500675,Blueberry Muffin,Bakery,1,3.66,3.66
1313,500676,Avocado Toast,Food,1,7.44,7.44
1314,500677,Espresso,Beverage,1,2.98,2.98
1315,500678,Cold Brew,Beverage,1,4.61,4.61
1316,500678,Granola Bar,Snack,1,2.67,2.67
1317,500678,Croissant,Bakery,1,3.16,3.16
1318,500679,Avocado Toast,Food,1,7.33,7.33
1319,500679,Caesar Salad,Food,1,8.16,8.16
1320,500679,Croissant,Bakery,1,3.19,3.19
1321,500680,Espresso,Beverage,1,2.91,2.91
1322,500680,Croissant,Bakery,1,3.18,3.18
1323,500680,Bagel with Cream Cheese,Bakery,1,3.93,3.93
1324,500681,Fruit Cup,Snack,1,3.48,3.48
1325,500682,Blueberry Muffin,Bakery,1,3.64,3.64
1326,500682,Turkey Sandwich,Food,1,8.38,8.38
1327,500683,Bagel with Cream Cheese,Bakery,1,3.93,3.93
1328,500683,Cappuccino,Beverage,1,4.23,4.23
1329,500684,Cold Brew,Beverage,1,4.73,4.73
1330,500684,Bagel with Cream Cheese,Bakery,1,3.93,3.93
1331,500684,Turkey Sandwich,Food,1,8.25,8.25
1332,500685,Blueberry Muffin,Bakery,2,3.71,7.42
1333,500686,Fruit Cup,Snack,1,3.45,3.45
1334,500686,Chocolate Chip Cookie,Bakery,2,2.45,4.9
1335,500686,Turkey Sandwich,Food,1,8.33,8.33
1336,500687,Fruit Cup,Snack,1,3.41,3.41
1337,500688,Turkey Sandwich,Food,1,8.29,8.29
1338,500689,Turkey Sandwich,Food,1,8.38,8.38
1339,500690,Bagel with Cream Cheese,Bakery,1,3.88,3.88
1340,500690,Caesar Salad,Food,1,8.2,8.2
1341,500690,Espresso,Beverage,1,2.99,2.99
1342,500690,Avocado Toast,Food,1,7.33,7.33
1343,500691,Bagel with Cream Cheese,Bakery,2,3.89,7.78
1344,500691,Espresso,Beverage,1,2.95,2.95
1345,500691,Blueberry Muffin,Bakery,1,3.67,3.67
1346,500692,Iced Tea,Beverage,1,3.48,3.48
1347,500693,Turkey Sandwich,Food,1,8.28,8.28
1348,500693,Cappuccino,Beverage,1,4.18,4.18
1349,500694,Fruit Cup,Snack,1,3.48,3.48
1350,500694,Bagel with Cream Cheese,Bakery,2,3.98,7.96
1351,500694,Iced Tea,Beverage,2,3.43,6.86
1352,500695,Bagel with Cream Cheese,Bakery,1,3.92,3.92
1353,500695,Cappuccino,Beverage,2,4.24,8.48
1354,500695,Chocolate Chip Cookie,Bakery,1,2.44,2.44
1355,500696,Fruit Cup,Snack,1,3.45,3.45
1356,500697,Avocado Toast,Food,1,7.41,7.41
1357,500697,Iced Tea,Beverage,2,3.5,7.0
1358,500697,Granola Bar,Snack,1,2.74,2.74
1359,500698,Veggie Wrap,Food,1,7.74,7.74
1360,500698,Bagel with Cream Cheese,Bakery,2,3.97,7.94
1361,500698,Iced Tea,Beverage,1,3.47,3.47
1362,500699,Avocado Toast,Food,1,7.36,7.36
1363,500700,Cold Brew,Beverage,1,4.74,4.74
1364,500701,Chocolate Chip Cookie,Bakery,1,2.44,2.44
1365,500701,Bagel with Cream Cheese,Bakery,1,3.97,3.97
1366,500702,Chocolate Chip Cookie,Bakery,1,2.44,2.44
1367,500702,Granola Bar,Snack,1,2.71,2.71
1368,500702,Iced Tea,Beverage,1,3.45,3.45
1369,500703,Cold Brew,Beverage,2,4.66,9.32
1370,500703,Fruit Cup,Snack,1,3.47,3.47
1371,500704,Avocado Toast,Food,1,7.36,7.36
1372,500705,Croissant,Bakery,1,3.15,3.15
1373,500706,Cold Brew,Beverage,1,4.75,4.75
1374,500707,Chocolate Chip Cookie,Bakery,1,2.43,2.43
1375,500708,Cold Brew,Beverage,1,4.67,4.67
1376,500708,Iced Tea,Beverage,1,3.43,3.43
1377,500709,Cappuccino,Beverage,1,4.14,4.14
1378,500710,Granola Bar,Snack,1,2.7,2.7
1379,500710,Croissant,Bakery,1,3.17,3.17
1380,500710,Chocolate Chip Cookie,Bakery,1,2.48,2.48
1381,500711,Granola Bar,Snack,1,2.74,2.74
1382,500712,Caesar Salad,Food,1,8.09,8.09
1383,500713,Turkey Sandwich,Food,1,8.5,8.5
1384,500713,Veggie Wrap,Food,1,7.68,7.68
1385,500713,Cappuccino,Beverage,1,4.15,4.15
1386,500714,Croissant,Bakery,1,3.17,3.17
1387,500715,Avocado Toast,Food,2,7.33,14.66
1388,500716,Granola Bar,Snack,2,2.74,5.48
1389,500716,Fruit Cup,Snack,1,3.45,3.45
1390,500717,Granola Bar,Snack,1,2.69,2.69
1391,500717,Veggie Wrap,Food,1,7.6,7.6
1392,500718,Turkey Sandwich,Food,1,8.34,8.34
1393,500718,Veggie Wrap,Food,1,7.54,7.54
1394,500719,Latte,Beverage,1,4.47,4.47
1395,500719,Espresso,Beverage,1,2.95,2.95
1396,500719,Blueberry Muffin,Bakery,1,3.71,3.71
1397,500719,Bagel with Cream Cheese,Bakery,1,3.9,3.9
1398,500720,Blueberry Muffin,Bakery,1,3.74,3.74
1399,500721,Granola Bar,Snack,1,2.74,2.74
1400,500721,Caesar Salad,Food,2,8.06,16.12
1401,500722,Avocado Toast,Food,1,7.37,7.37
1402,500722,Latte,Beverage,1,4.47,4.47
1403,500723,Veggie Wrap,Food,1,7.73,7.73
1404,500723,Chocolate Chip Cookie,Bakery,1,2.46,2.46
1405,500724,Iced Tea,Beverage,1,3.47,3.47
1406,500724,Croissant,Bakery,1,3.17,3.17
1407,500724,Blueberry Muffin,Bakery,1,3.74,3.74
1408,500725,Blueberry Muffin,Bakery,1,3.67,3.67
1409,500726,Veggie Wrap,Food,1,7.53,7.53
1410,500726,Granola Bar,Snack,1,2.74,2.74
1411,500726,Chocolate Chip Cookie,Bakery,1,2.44,2.44
1412,500727,Cappuccino,Beverage,1,4.22,4.22
1413,500728,Cappuccino,Beverage,1,4.22,4.22
1414,500728,Blueberry Muffin,Bakery,1,3.72,3.72
1415,500729,Cold Brew,Beverage,1,4.64,4.64
1416,500730,Croissant,Bakery,1,3.16,3.16
1417,500730,Fruit Cup,Snack,1,3.45,3.45
1418,500730,Avocado Toast,Food,1,7.36,7.36
1419,500730,Cold Brew,Beverage,1,4.64,4.64
1420,500731,Blueberry Muffin,Bakery,1,3.69,3.69
1421,500731,Espresso,Beverage,1,2.99,2.99
1422,500732,Avocado Toast,Food,1,7.33,7.33
1423,500732,Chocolate Chip Cookie,Bakery,2,2.48,4.96
1424,500733,Caesar Salad,Food,1,8.1,8.1
1425,500734,Blueberry Muffin,Bakery,1,3.68,3.68
1426,500734,Bagel with Cream Cheese,Bakery,1,3.98,3.98
1427,500734,Granola Bar,Snack,2,2.69,5.38
1428,500735,Croissant,Bakery,2,3.23,6.46
1429,500735,Espresso,Beverage,1,2.92,2.92
1430,500735,Avocado Toast,Food,1,7.32,7.32
1431,500736,Espresso,Beverage,1,2.91,2.91
1432,500736,Turkey Sandwich,Food,1,8.3,8.3
1433,500737,Latte,Beverage,1,4.41,4.41
1434,500738,Blueberry Muffin,Bakery,2,3.7,7.4
1435,500739,Cappuccino,Beverage,1,4.24,4.24
1436,500740,Chocolate Chip Cookie,Bakery,1,2.45,2.45
1437,500741,Avocado Toast,Food,1,7.48,7.48
1438,500742,Bagel with Cream Cheese,Bakery,1,3.92,3.92
1439,500743,Croissant,Bakery,2,3.17,6.34
1440,500744,Granola Bar,Snack,1,2.7,2.7
1441,500744,Iced Tea,Beverage,1,3.46,3.46
1442,500745,Turkey Sandwich,Food,1,8.46,8.46
1443,500746,Granola Bar,Snack,1,2.72,2.72
1444,500746,Bagel with Cream Cheese,Bakery,1,3.92,3.92
1445,500747,Bagel with Cream Cheese,Bakery,1,3.97,3.97
1446,500747,Iced Tea,Beverage,1,3.4,3.4
1447,500748,Fruit Cup,Snack,1,3.45,3.45
1448,500749,Espresso,Beverage,1,2.91,2.91
1449,500750,Croissant,Bakery,2,3.2,6.4
1450,500750,Avocado Toast,Food,1,7.41,7.41
1451,500751,Espresso,Beverage,1,2.92,2.92
1452,500752,Veggie Wrap,Food,1,7.66,7.66
1453,500752,Bagel with Cream Cheese,Bakery,1,3.89,3.89
1454,500753,Blueberry Muffin,Bakery,1,3.73,3.73
1455,500753,Granola Bar,Snack,1,2.71,2.71
1456,500753,Latte,Beverage,1,4.45,4.45
1457,500754,Espresso,Beverage,1,2.95,2.95
1458,500754,Cold Brew,Beverage,1,4.64,4.64
1459,500755,Bagel with Cream Cheese,Bakery,1,3.93,3.93
1460,500756,Turkey Sandwich,Food,2,8.37,16.74
1461,500756,Bagel with Cream Cheese,Bakery,1,3.98,3.98
1462,500757,Avocado Toast,Food,1,7.37,7.37
1463,500758,Latte,Beverage,1,4.45,4.45
1464,500758,Cappuccino,Beverage,2,4.19,8.38
1465,500759,Bagel with Cream Cheese,Bakery,1,3.93,3.93
1466,500760,Latte,Beverage,1,4.5,4.5
1467,500760,Cappuccino,Beverage,1,4.24,4.24
1468,500761,Chocolate Chip Cookie,Bakery,1,2.43,2.43
1469,500761,Avocado Toast,Food,1,7.3,7.3
1470,500762,Espresso,Beverage,1,2.98,2.98
1471,500762,Turkey Sandwich,Food,1,8.44,8.44
1472,500763,Avocado Toast,Food,1,7.32,7.32
1473,500764,Cold Brew,Beverage,2,4.7,9.4
1474,500764,Croissant,Bakery,1,3.16,3.16
1475,500765,Iced Tea,Beverage,1,3.49,3.49
1476,500765,Turkey Sandwich,Food,1,8.42,8.42
1477,500766,Avocado Toast,Food,1,7.47,7.47
1478,500767,Chocolate Chip Cookie,Bakery,1,2.46,2.46
1479,500768,Espresso,Beverage,2,2.96,5.92
1480,500768,Cold Brew,Beverage,1,4.63,4.63
1481,500769,Espresso,Beverage,1,2.97,2.97
1482,500770,Cold Brew,Beverage,1,4.68,4.68
1483,500771,Cappuccino,Beverage,2,4.16,8.32
1484,500772,Croissant,Bakery,1,3.25,3.25
1485,500772,Espresso,Beverage,1,2.97,2.97
1486,500773,Avocado Toast,Food,1,7.28,7.28
1487,500773,Iced Tea,Beverage,2,3.48,6.96
1488,500774,Latte,Beverage,1,4.4,4.4
1489,500774,Cold Brew,Beverage,2,4.64,9.28
1490,500775,Avocado Toast,Food,1,7.3,7.3
1491,500776,Blueberry Muffin,Bakery,1,3.64,3.64
1492,500776,Veggie Wrap,Food,1,7.74,7.74
1493,500776,Chocolate Chip Cookie,Bakery,1,2.45,2.45
1494,500777,Cold Brew,Beverage,1,4.63,4.63
1495,500778,Croissant,Bakery,1,3.21,3.21
1496,500779,Fruit Cup,Snack,1,3.49,3.49
1497,500779,Iced Tea,Beverage,1,3.41,3.41
1498,500779,Blueberry Muffin,Bakery,2,3.66,7.32
1499,500780,Croissant,Bakery,1,3.21,3.21
1500,500780,Bagel with Cream Cheese,Bakery,1,3.97,3.97
1501,500781,Turkey Sandwich,Food,1,8.37,8.37
1502,500781,Latte,Beverage,2,4.43,8.86
1503,500781,Granola Bar,Snack,1,2.71,2.71
1504,500781,Blueberry Muffin,Bakery,1,3.67,3.67
1505,500782,Blueberry Muffin,Bakery,1,3.7,3.7
1506,500783,Croissant,Bakery,1,3.18,3.18
1507,500784,Iced Tea,Beverage,1,3.46,3.46
1508,500785,Cappuccino,Beverage,1,4.2,4.2
1509,500786,Latte,Beverage,1,4.48,4.48
1510,500786,Cold Brew,Beverage,1,4.72,4.72
1511,500786,Iced Tea,Beverage,1,3.48,3.48
1512,500786,Bagel with Cream Cheese,Bakery,1,3.9,3.9
1513,500787,Chocolate Chip Cookie,Bakery,1,2.48,2.48
1514,500787,Granola Bar,Snack,1,2.73,2.73
1515,500788,Croissant,Bakery,1,3.22,3.22
1516,500788,Cold Brew,Beverage,1,4.63,4.63
1517,500788,Veggie Wrap,Food,2,7.73,15.46
1518,500788,Blueberry Muffin,Bakery,1,3.67,3.67
1519,500789,Avocado Toast,Food,1,7.45,7.45
1520,500789,Cold Brew,Beverage,1,4.63,4.63
1521,500790,Bagel with Cream Cheese,Bakery,1,3.93,3.93
1522,500791,Chocolate Chip Cookie,Bakery,1,2.45,2.45
1523,500791,Turkey Sandwich,Food,1,8.38,8.38
1524,500792,Iced Tea,Beverage,1,3.41,3.41
1525,500793,Avocado Toast,Food,1,7.37,7.37
1526,500794,Blueberry Muffin,Bakery,2,3.65,7.3
1527,500794,Avocado Toast,Food,1,7.33,7.33
1528,500794,Bagel with Cream Cheese,Bakery,1,3.9,3.9
1529,500795,Caesar Salad,Food,1,8.19,8.19
1530,500796,Latte,Beverage,1,4.39,4.39
1531,500797,Veggie Wrap,Food,1,7.59,7.59
1532,500797,Caesar Salad,Food,1,8.2,8.2
1533,500797,Granola Bar,Snack,1,2.71,2.71
1534,500797,Blueberry Muffin,Bakery,1,3.67,3.67
1535,500798,Avocado Toast,Food,1,7.42,7.42
1536,500798,Cappuccino,Beverage,1,4.14,4.14
1537,500799,Veggie Wrap,Food,2,7.72,15.44
1538,500800,Caesar Salad,Food,2,8.16,16.32
1539,500800,Granola Bar,Snack,1,2.73,2.73
1540,500801,Turkey Sandwich,Food,1,8.26,8.26
1541,500801,Latte,Beverage,2,4.46,8.92
1542,500802,Croissant,Bakery,1,3.22,3.22
1543,500803,Cold Brew,Beverage,1,4.68,4.68
1544,500803,Latte,Beverage,1,4.44,4.44
1545,500804,Iced Tea,Beverage,1,3.46,3.46
1546,500804,Cappuccino,Beverage,1,4.16,4.16
1547,500805,Blueberry Muffin,Bakery,1,3.74,3.74
1548,500806,Fruit Cup,Snack,1,3.48,3.48
1549,500807,Cappuccino,Beverage,1,4.16,4.16
1550,500808,Caesar Salad,Food,1,8.1,8.1
1551,500809,Espresso,Beverage,1,2.97,2.97
1552,500810,Granola Bar,Snack,1,2.72,2.72
1553,500811,Turkey Sandwich,Food,2,8.39,16.78
1554,500811,Latte,Beverage,2,4.45,8.9
1555,500812,Iced Tea,Beverage,1,3.47,3.47
1556,500813,Veggie Wrap,Food,1,7.64,7.64
1557,500814,Avocado Toast,Food,1,7.32,7.32
1558,500815,Caesar Salad,Food,1,8.24,8.24
1559,500815,Iced Tea,Beverage,1,3.43,3.43
1560,500816,Espresso,Beverage,1,2.96,2.96
1561,500816,Bagel with Cream Cheese,Bakery,1,3.92,3.92
1562,500817,Cappuccino,Beverage,1,4.19,4.19
1563,500818,Avocado Toast,Food,1,7.4,7.4
1564,500818,Chocolate Chip Cookie,Bakery,1,2.44,2.44
1565,500818,Veggie Wrap,Food,1,7.72,7.72
1566,500818,Bagel with Cream Cheese,Bakery,1,3.99,3.99
1567,500819,Turkey Sandwich,Food,1,8.31,8.31
1568,500820,Espresso,Beverage,1,2.93,2.93
1569,500821,Caesar Salad,Food,2,8.08,16.16
1570,500822,Fruit Cup,Snack,1,3.42,3.42
1571,500823,Espresso,Beverage,1,2.94,2.94
1572,500823,Cold Brew,Beverage,1,4.68,4.68
1573,500823,Turkey Sandwich,Food,1,8.34,8.34
1574,500824,Croissant,Bakery,1,3.16,3.16
1575,500824,Cold Brew,Beverage,1,4.68,4.68
1576,500824,Caesar Salad,Food,1,8.23,8.23
1577,500825,Latte,Beverage,1,4.44,4.44
1578,500825,Blueberry Muffin,Bakery,1,3.67,3.67
1579,500825,Veggie Wrap,Food,1,7.68,7.68
1580,500826,Avocado Toast,Food,1,7.37,7.37
1581,500827,Latte,Beverage,1,4.47,4.47
1582,500827,Croissant,Bakery,2,3.24,6.48
1583,500828,Croissant,Bakery,1,3.17,3.17
1584,500828,Veggie Wrap,Food,1,7.73,7.73
1585,500829,Granola Bar,Snack,1,2.67,2.67
1586,500829,Fruit Cup,Snack,1,3.47,3.47
1587,500830,Turkey Sandwich,Food,1,8.31,8.31
1588,500831,Bagel with Cream Cheese,Bakery,1,3.98,3.98
1589,500832,Cold Brew,Beverage,1,4.65,4.65
1590,500832,Espresso,Beverage,1,2.96,2.96
1591,500833,Bagel with Cream Cheese,Bakery,1,3.92,3.92
1592,500833,Cappuccino,Beverage,1,4.14,4.14
1593,500834,Cold Brew,Beverage,1,4.72,4.72
1594,500835,Croissant,Bakery,2,3.16,6.32
1595,500835,Blueberry Muffin,Bakery,2,3.66,7.32
1596,500835,Latte,Beverage,1,4.37,4.37
1597,500836,Cappuccino,Beverage,1,4.13,4.13
1598,500837,Chocolate Chip Cookie,Bakery,1,2.49,2.49
1599,500837,Turkey Sandwich,Food,1,8.41,8.41
1600,500838,Cold Brew,Beverage,2,4.69,9.38
1601,500838,Espresso,Beverage,1,2.92,2.92
1602,500838,Bagel with Cream Cheese,Bakery,2,3.9,7.8
1603,500838,Veggie Wrap,Food,1,7.62,7.62
1604,500839,Turkey Sandwich,Food,1,8.33,8.33
1605,500839,Croissant,Bakery,1,3.21,3.21
1606,500840,Veggie Wrap,Food,1,7.67,7.67
1607,500841,Cold Brew,Beverage,1,4.65,4.65
1608,500841,Croissant,Bakery,1,3.21,3.21
1609,500841,Turkey Sandwich,Food,1,8.36,8.36
1610,500842,Caesar Salad,Food,1,8.12,8.12
1611,500842,Cappuccino,Beverage,1,4.23,4.23
1612,500843,Chocolate Chip Cookie,Bakery,1,2.43,2.43
1613,500843,Granola Bar,Snack,1,2.69,2.69
1614,500844,Latte,Beverage,1,4.42,4.42
1615,500845,Chocolate Chip Cookie,Bakery,1,2.47,2.47
1616,500846,Fruit Cup,Snack,1,3.41,3.41
1617,500847,Latte,Beverage,1,4.42,4.42
1618,500848,Latte,Beverage,1,4.39,4.39
1619,500849,Chocolate Chip Cookie,Bakery,1,2.44,2.44
1620,500849,Avocado Toast,Food,2,7.36,14.72
1621,500849,Croissant,Bakery,1,3.17,3.17
1622,500850,Latte,Beverage,1,4.37,4.37
1623,500851,Caesar Salad,Food,1,8.07,8.07
1624,500852,Veggie Wrap,Food,1,7.54,7.54
1625,500853,Avocado Toast,Food,1,7.29,7.29
1626,500853,Iced Tea,Beverage,1,3.46,3.46
1627,500853,Latte,Beverage,1,4.37,4.37
1628,500853,Turkey Sandwich,Food,1,8.37,8.37
1629,500854,Chocolate Chip Cookie,Bakery,1,2.43,2.43
1630,500854,Cold Brew,Beverage,1,4.61,4.61
1631,500854,Caesar Salad,Food,1,8.09,8.09
1632,500855,Croissant,Bakery,1,3.17,3.17
1633,500856,Turkey Sandwich,Food,1,8.38,8.38
1634,500857,Turkey Sandwich,Food,1,8.33,8.33
1635,500858,Latte,Beverage,1,4.38,4.38
1636,500858,Cappuccino,Beverage,1,4.17,4.17
1637,500858,Veggie Wrap,Food,2,7.63,15.26
1638,500859,Blueberry Muffin,Bakery,1,3.69,3.69
1639,500859,Granola Bar,Snack,1,2.72,2.72
1640,500860,Cappuccino,Beverage,1,4.19,4.19
1641,500861,Fruit Cup,Snack,1,3.5,3.5
1642,500861,Turkey Sandwich,Food,1,8.46,8.46
1643,500861,Cappuccino,Beverage,1,4.21,4.21
1644,500862,Granola Bar,Snack,1,2.68,2.68
1645,500863,Croissant,Bakery,1,3.17,3.17
1646,500863,Blueberry Muffin,Bakery,1,3.71,3.71
1647,500863,Cappuccino,Beverage,2,4.18,8.36
1648,500864,Croissant,Bakery,2,3.24,6.48
1649,500864,Cappuccino,Beverage,2,4.13,8.26
1650,500864,Bagel with Cream Cheese,Bakery,1,3.93,3.93
1651,500865,Iced Tea,Beverage,1,3.4,3.4
1652,500866,Latte,Beverage,2,4.4,8.8
1653,500867,Fruit Cup,Snack,2,3.42,6.84
1654,500867,Granola Bar,Snack,1,2.69,2.69
1655,500867,Veggie Wrap,Food,1,7.62,7.62
1656,500867,Blueberry Muffin,Bakery,1,3.74,3.74
1657,500868,Chocolate Chip Cookie,Bakery,1,2.49,2.49
1658,500869,Cappuccino,Beverage,2,4.18,8.36
1659,500869,Iced Tea,Beverage,1,3.49,3.49
1660,500870,Latte,Beverage,1,4.43,4.43
1661,500871,Cappuccino,Beverage,1,4.18,4.18
1662,500871,Fruit Cup,Snack,1,3.48,3.48
1663,500872,Blueberry Muffin,Bakery,1,3.64,3.64
1664,500873,Granola Bar,Snack,1,2.71,2.71
1665,500874,Cold Brew,Beverage,2,4.65,9.3
1666,500875,Granola Bar,Snack,2,2.75,5.5
1667,500875,Avocado Toast,Food,1,7.38,7.38
1668,500876,Iced Tea,Beverage,1,3.49,3.49
1669,500876,Latte,Beverage,1,4.38,4.38
1670,500877,Blueberry Muffin,Bakery,1,3.73,3.73
1671,500877,Croissant,Bakery,1,3.17,3.17
1672,500878,Turkey Sandwich,Food,1,8.32,8.32
1673,500878,Granola Bar,Snack,2,2.67,5.34
1674,500879,Cappuccino,Beverage,1,4.2,4.2
1675,500879,Blueberry Muffin,Bakery,2,3.65,7.3
1676,500879,Iced Tea,Beverage,2,3.41,6.82
1677,500880,Avocado Toast,Food,1,7.42,7.42
1678,500881,Chocolate Chip Cookie,Bakery,1,2.47,2.47
1679,500882,Bagel with Cream Cheese,Bakery,1,3.92,3.92
1680,500883,Bagel with Cream Cheese,Bakery,1,3.89,3.89
1681,500884,Avocado Toast,Food,1,7.34,7.34
1682,500884,Fruit Cup,Snack,2,3.41,6.82
1683,500884,Latte,Beverage,1,4.39,4.39
1684,500885,Croissant,Bakery,2,3.17,6.34
1685,500886,Avocado Toast,Food,1,7.48,7.48
1686,500886,Fruit Cup,Snack,1,3.46,3.46
1687,500887,Chocolate Chip Cookie,Bakery,1,2.49,2.49
1688,500888,Croissant,Bakery,2,3.18,6.36
1689,500888,Bagel with Cream Cheese,Bakery,2,3.98,7.96
1690,500889,Cold Brew,Beverage,1,4.62,4.62
1691,500889,Turkey Sandwich,Food,1,8.32,8.32
1692,500889,Veggie Wrap,Food,1,7.6,7.6
1693,500889,Chocolate Chip Cookie,Bakery,1,2.48,2.48
1694,500890,Avocado Toast,Food,1,7.45,7.45
1695,500890,Croissant,Bakery,1,3.16,3.16
1696,500890,Bagel with Cream Cheese,Bakery,1,3.91,3.91
1697,500890,Fruit Cup,Snack,1,3.42,3.42
1698,500891,Cold Brew,Beverage,1,4.65,4.65
1699,500892,Iced Tea,Beverage,1,3.4,3.4
1700,500893,Fruit Cup,Snack,1,3.5,3.5
1701,500894,Latte,Beverage,1,4.47,4.47
1702,500894,Cold Brew,Beverage,1,4.62,4.62
1703,500894,Iced Tea,Beverage,2,3.43,6.86
1704,500895,Turkey Sandwich,Food,2,8.26,16.52
1705,500896,Cold Brew,Beverage,1,4.73,4.73
1706,500897,Bagel with Cream Cheese,Bakery,1,3.94,3.94
1707,500898,Veggie Wrap,Food,2,7.73,15.46
1708,500898,Bagel with Cream Cheese,Bakery,1,4.0,4.0
1709,500899,Granola Bar,Snack,2,2.72,5.44
1710,500900,Caesar Salad,Food,1,8.09,8.09
1711,500900,Chocolate Chip Cookie,Bakery,1,2.43,2.43
1712,500900,Cappuccino,Beverage,1,4.14,4.14
1713,500901,Veggie Wrap,Food,2,7.72,15.44
1714,500901,Granola Bar,Snack,1,2.69,2.69
1715,500902,Veggie Wrap,Food,1,7.57,7.57
1716,500902,Bagel with Cream Cheese,Bakery,1,3.97,3.97
1717,500903,Turkey Sandwich,Food,2,8.46,16.92
1718,500903,Blueberry Muffin,Bakery,1,3.7,3.7
1719,500904,Cold Brew,Beverage,1,4.69,4.69
1720,500905,Latte,Beverage,1,4.44,4.44
1721,500905,Cappuccino,Beverage,1,4.22,4.22
1722,500905,Croissant,Bakery,1,3.21,3.21
1723,500906,Cold Brew,Beverage,1,4.63,4.63
1724,500906,Espresso,Beverage,1,2.93,2.93
1725,500906,Croissant,Bakery,2,3.2,6.4
1726,500907,Avocado Toast,Food,1,7.41,7.41
1727,500907,Cold Brew,Beverage,1,4.72,4.72
1728,500908,Veggie Wrap,Food,1,7.62,7.62
1729,500909,Fruit Cup,Snack,1,3.42,3.42
1730,500909,Latte,Beverage,1,4.44,4.44
1731,500909,Avocado Toast,Food,1,7.31,7.31
1732,500909,Cold Brew,Beverage,1,4.71,4.71
1733,500910,Veggie Wrap,Food,1,7.58,7.58
1734,500911,Veggie Wrap,Food,2,7.64,15.28
1735,500911,Granola Bar,Snack,1,2.7,2.7
1736,500911,Croissant,Bakery,1,3.25,3.25
1737,500911,Fruit Cup,Snack,1,3.48,3.48
1738,500912,Latte,Beverage,1,4.4,4.4
1739,500913,Veggie Wrap,Food,1,7.6,7.6
1740,500913,Bagel with Cream Cheese,Bakery,1,3.91,3.91
1741,500914,Espresso,Beverage,1,2.97,2.97
1742,500914,Granola Bar,Snack,1,2.73,2.73
1743,500915,Croissant,Bakery,1,3.2,3.2
1744,500915,Bagel with Cream Cheese,Bakery,1,3.95,3.95
1745,500915,Fruit Cup,Snack,1,3.5,3.5
1746,500915,Avocado Toast,Food,1,7.28,7.28
1747,500916,Fruit Cup,Snack,1,3.46,3.46
1748,500916,Turkey Sandwich,Food,1,8.48,8.48
1749,500916,Cold Brew,Beverage,1,4.72,4.72
1750,500917,Veggie Wrap,Food,1,7.67,7.67
1751,500917,Chocolate Chip Cookie,Bakery,1,2.43,2.43
1752,500918,Avocado Toast,Food,2,7.28,14.56
1753,500918,Chocolate Chip Cookie,Bakery,1,2.48,2.48
1754,500919,Chocolate Chip Cookie,Bakery,1,2.45,2.45
1755,500920,Iced Tea,Beverage,1,3.43,3.43
1756,500920,Cappuccino,Beverage,1,4.22,4.22
1757,500921,Iced Tea,Beverage,2,3.4,6.8
1758,500922,Avocado Toast,Food,1,7.49,7.49
1759,500922,Iced Tea,Beverage,1,3.47,3.47
1760,500923,Caesar Salad,Food,1,8.09,8.09
1761,500923,Fruit Cup,Snack,1,3.43,3.43
1762,500923,Iced Tea,Beverage,1,3.49,3.49
1763,500924,Croissant,Bakery,2,3.17,6.34
1764,500924,Cappuccino,Beverage,2,4.22,8.44
1765,500925,Granola Bar,Snack,1,2.67,2.67
1766,500926,Espresso,Beverage,1,2.98,2.98
1767,500927,Granola Bar,Snack,1,2.68,2.68
1768,500928,Chocolate Chip Cookie,Bakery,1,2.43,2.43
1769,500928,Cappuccino,Beverage,1,4.17,4.17
1770,500929,Granola Bar,Snack,1,2.67,2.67
1771,500930,Croissant,Bakery,1,3.21,3.21
1772,500931,Iced Tea,Beverage,1,3.43,3.43
1773,500931,Cappuccino,Beverage,1,4.23,4.23
1774,500932,Cold Brew,Beverage,1,4.69,4.69
1775,500932,Cappuccino,Beverage,2,4.2,8.4
1776,500933,Croissant,Bakery,2,3.23,6.46
1777,500933,Avocado Toast,Food,1,7.43,7.43
1778,500934,Croissant,Bakery,2,3.19,6.38
1779,500935,Avocado Toast,Food,2,7.35,14.7
1780,500936,Espresso,Beverage,1,2.92,2.92
1781,500937,Avocado Toast,Food,1,7.33,7.33
1782,500937,Espresso,Beverage,1,2.96,2.96
1783,500938,Cappuccino,Beverage,1,4.17,4.17
1784,500939,Latte,Beverage,1,4.39,4.39
1785,500940,Croissant,Bakery,1,3.19,3.19
1786,500941,Avocado Toast,Food,1,7.3,7.3
1787,500942,Espresso,Beverage,1,2.98,2.98
1788,500942,Bagel with Cream Cheese,Bakery,1,3.97,3.97
1789,500943,Caesar Salad,Food,1,8.01,8.01
1790,500944,Turkey Sandwich,Food,1,8.35,8.35
1791,500945,Iced Tea,Beverage,1,3.47,3.47
1792,500945,Caesar Salad,Food,2,8.23,16.46
1793,500945,Granola Bar,Snack,1,2.67,2.67
1794,500945,Cold Brew,Beverage,1,4.68,4.68
1795,500946,Iced Tea,Beverage,1,3.46,3.46
1796,500946,Caesar Salad,Food,1,8.11,8.11
1797,500946,Croissant,Bakery,1,3.21,3.21
1798,500947,Turkey Sandwich,Food,2,8.39,16.78
1799,500948,Bagel with Cream Cheese,Bakery,1,3.88,3.88
1800,500949,Veggie Wrap,Food,1,7.72,7.72
1801,500950,Fruit Cup,Snack,1,3.44,3.44
1802,500950,Caesar Salad,Food,1,8.23,8.23
1803,500950,Chocolate Chip Cookie,Bakery,1,2.48,2.48
1804,500951,Cold Brew,Beverage,1,4.63,4.63
1805,500952,Cappuccino,Beverage,1,4.18,4.18
1806,500952,Fruit Cup,Snack,1,3.42,3.42
1807,500953,Granola Bar,Snack,1,2.75,2.75
1808,500954,Blueberry Muffin,Bakery,1,3.72,3.72
1809,500954,Avocado Toast,Food,1,7.4,7.4
1810,500955,Avocado Toast,Food,1,7.44,7.44
1811,500955,Latte,Beverage,1,4.38,4.38
1812,500955,Cappuccino,Beverage,1,4.17,4.17
1813,500956,Iced Tea,Beverage,1,3.47,3.47
1814,500956,Veggie Wrap,Food,1,7.64,7.64
1815,500957,Fruit Cup,Snack,2,3.49,6.98
1816,500957,Croissant,Bakery,1,3.23,3.23
1817,500958,Avocado Toast,Food,1,7.37,7.37
1818,500959,Iced Tea,Beverage,2,3.44,6.88
1819,500959,Avocado Toast,Food,1,7.37,7.37
1820,500960,Croissant,Bakery,1,3.21,3.21
1821,500960,Caesar Salad,Food,1,8.24,8.24
1822,500961,Fruit Cup,Snack,1,3.4,3.4
1823,500961,Latte,Beverage,1,4.39,4.39
1824,500961,Chocolate Chip Cookie,Bakery,1,2.48,2.48
1825,500962,Iced Tea,Beverage,1,3.48,3.48
1826,500963,Caesar Salad,Food,2,8.01,16.02
1827,500963,Cappuccino,Beverage,1,4.21,4.21
1828,500963,Turkey Sandwich,Food,1,8.35,8.35
1829,500964,Espresso,Beverage,1,2.98,2.98
1830,500965,Chocolate Chip Cookie,Bakery,1,2.44,2.44
1831,500966,Iced Tea,Beverage,2,3.46,6.92
1832,500966,Granola Bar,Snack,1,2.68,2.68
1833,500967,Cold Brew,Beverage,1,4.73,4.73
1834,500968,Cappuccino,Beverage,2,4.22,8.44
1835,500968,Avocado Toast,Food,1,7.5,7.5
1836,500969,Caesar Salad,Food,1,8.24,8.24
1837,500970,Cappuccino,Beverage,2,4.22,8.44
1838,500970,Espresso,Beverage,1,2.97,2.97
1839,500970,Cold Brew,Beverage,1,4.64,4.64
1840,500971,Fruit Cup,Snack,1,3.41,3.41
1841,500971,Espresso,Beverage,1,2.93,2.93
1842,500972,Cold Brew,Beverage,2,4.74,9.48
1843,500973,Veggie Wrap,Food,1,7.71,7.71
1844,500974,Blueberry Muffin,Bakery,1,3.7,3.7
1845,500974,Avocado Toast,Food,1,7.41,7.41
1846,500975,Granola Bar,Snack,1,2.73,2.73
1847,500975,Blueberry Muffin,Bakery,1,3.68,3.68
1848,500976,Avocado Toast,Food,1,7.33,7.33
1849,500976,Croissant,Bakery,1,3.2,3.2
1850,500976,Caesar Salad,Food,2,8.16,16.32
1851,500976,Chocolate Chip Cookie,Bakery,1,2.47,2.47
1852,500977,Chocolate Chip Cookie,Bakery,1,2.49,2.49
1853,500978,Croissant,Bakery,1,3.16,3.16
1854,500979,Croissant,Bakery,1,3.22,3.22
1855,500980,Veggie Wrap,Food,2,7.59,15.18
1856,500981,Espresso,Beverage,2,2.99,5.98
1857,500982,Bagel with Cream Cheese,Bakery,1,3.89,3.89
1858,500982,Caesar Salad,Food,1,8.15,8.15
1859,500983,Croissant,Bakery,1,3.21,3.21
1860,500983,Blueberry Muffin,Bakery,2,3.68,7.36
1861,500983,Fruit Cup,Snack,2,3.42,6.84
1862,500983,Bagel with Cream Cheese,Bakery,1,3.89,3.89
1863,500984,Cappuccino,Beverage,1,4.15,4.15
1864,500984,Turkey Sandwich,Food,1,8.47,8.47
1865,500985,Cold Brew,Beverage,1,4.69,4.69
1866,500985,Veggie Wrap,Food,2,7.7,15.4
1867,500985,Avocado Toast,Food,1,7.3,7.3
1868,500986,Chocolate Chip Cookie,Bakery,1,2.43,2.43
1869,500986,Caesar Salad,Food,2,8.2,16.4
1870,500987,Iced Tea,Beverage,2,3.41,6.82
1871,500987,Turkey Sandwich,Food,1,8.49,8.49
1872,500987,Caesar Salad,Food,1,8.04,8.04
1873,500988,Chocolate Chip Cookie,Bakery,1,2.48,2.48
1874,500989,Bagel with Cream Cheese,Bakery,1,3.93,3.93
1875,500989,Fruit Cup,Snack,1,3.43,3.43
1876,500990,Espresso,Beverage,1,2.95,2.95
1877,500990,Bagel with Cream Cheese,Bakery,1,3.92,3.92
1878,500991,Caesar Salad,Food,1,8.04,8.04
1879,500992,Turkey Sandwich,Food,2,8.39,16.78
1880,500993,Latte,Beverage,1,4.45,4.45
1881,500994,Latte,Beverage,1,4.4,4.4
1882,500994,Espresso,Beverage,2,2.92,5.84
1883,500994,Bagel with Cream Cheese,Bakery,1,3.9,3.9
1884,500995,Caesar Salad,Food,1,8.18,8.18
1885,500996,Avocado Toast,Food,1,7.38,7.38
1886,500997,Fruit Cup,Snack,2,3.42,6.84
1887,500997,Cappuccino,Beverage,2,4.13,8.26
1888,500998,Croissant,Bakery,2,3.16,6.32
1889,500999,Granola Bar,Snack,1,2.74,2.74
1890,501000,Fruit Cup,Snack,1,3.44,3.44
1891,501000,Croissant,Bakery,1,3.24,3.24
1892,501000,Caesar Salad,Food,2,8.19,16.38
1893,501000,Blueberry Muffin,Bakery,1,3.72,3.72
1894,501001,Caesar Salad,Food,1,8.14,8.14
1895,501001,Espresso,Beverage,1,2.98,2.98
1896,501002,Espresso,Beverage,2,2.92,5.84
1897,501003,Fruit Cup,Snack,1,3.46,3.46
1898,501003,Blueberry Muffin,Bakery,1,3.7,3.7
1899,501004,Avocado Toast,Food,1,7.28,7.28
1900,501005,Fruit Cup,Snack,1,3.42,3.42
1901,501005,Blueberry Muffin,Bakery,1,3.7,3.7
1902,501005,Turkey Sandwich,Food,1,8.35,8.35
1903,501006,Espresso,Beverage,1,2.96,2.96
1904,501006,Iced Tea,Beverage,1,3.48,3.48
1905,501007,Croissant,Bakery,1,3.25,3.25
1906,501007,Cold Brew,Beverage,1,4.63,4.63
1907,501008,Turkey Sandwich,Food,2,8.37,16.74
1908,501009,Chocolate Chip Cookie,Bakery,1,2.5,2.5
1909,501010,Caesar Salad,Food,1,8.24,8.24
1910,501010,Cappuccino,Beverage,1,4.13,4.13
1911,501010,Chocolate Chip Cookie,Bakery,1,2.47,2.47
1912,501011,Cappuccino,Beverage,1,4.21,4.21
1913,501011,Granola Bar,Snack,1,2.74,2.74
1914,501011,Iced Tea,Beverage,2,3.46,6.92
1915,501011,Caesar Salad,Food,1,8.04,8.04
1916,501012,Chocolate Chip Cookie,Bakery,1,2.45,2.45
1917,501012,Granola Bar,Snack,1,2.68,2.68
1918,501012,Cold Brew,Beverage,1,4.65,4.65
1919,501013,Avocado Toast,Food,1,7.29,7.29
1920,501013,Fruit Cup,Snack,1,3.44,3.44
1921,501014,Espresso,Beverage,1,2.97,2.97
1922,501015,Veggie Wrap,Food,1,7.52,7.52
1923,501015,Croissant,Bakery,1,3.22,3.22
1924,501016,Granola Bar,Snack,1,2.68,2.68
1925,501017,Granola Bar,Snack,1,2.74,2.74
1926,501017,Cappuccino,Beverage,1,4.14,4.14
1927,501018,Caesar Salad,Food,2,8.09,16.18
1928,501019,Fruit Cup,Snack,1,3.46,3.46
1929,501020,Iced Tea,Beverage,2,3.43,6.86
1930,501020,Cappuccino,Beverage,1,4.14,4.14
1931,501020,Bagel with Cream Cheese,Bakery,1,3.98,3.98
1932,501021,Cappuccino,Beverage,1,4.23,4.23
1933,501021,Chocolate Chip Cookie,Bakery,1,2.43,2.43
1934,501021,Turkey Sandwich,Food,1,8.39,8.39
1935,501021,Blueberry Muffin,Bakery,1,3.67,3.67
1936,501022,Turkey Sandwich,Food,1,8.27,8.27
1937,501022,Fruit Cup,Snack,1,3.46,3.46
1938,501022,Veggie Wrap,Food,1,7.73,7.73
1939,501023,Fruit Cup,Snack,1,3.47,3.47
1940,501023,Espresso,Beverage,1,2.98,2.98
1941,501023,Avocado Toast,Food,2,7.42,14.84
1942,501024,Turkey Sandwich,Food,1,8.38,8.38
1943,501024,Veggie Wrap,Food,1,7.55,7.55
1944,501024,Espresso,Beverage,1,2.92,2.92
1945,501025,Avocado Toast,Food,1,7.32,7.32
1946,501025,Cold Brew,Beverage,1,4.62,4.62
1947,501026,Latte,Beverage,1,4.49,4.49
1948,501027,Fruit Cup,Snack,2,3.41,6.82
1949,501027,Croissant,Bakery,1,3.2,3.2
1950,501027,Latte,Beverage,1,4.45,4.45
1951,501028,Chocolate Chip Cookie,Bakery,1,2.43,2.43
1952,501029,Espresso,Beverage,1,2.99,2.99
1953,501029,Cappuccino,Beverage,1,4.16,4.16
1954,501030,Cappuccino,Beverage,1,4.17,4.17
1955,501031,Latte,Beverage,1,4.47,4.47
1956,501031,Bagel with Cream Cheese,Bakery,1,3.96,3.96
1957,501032,Fruit Cup,Snack,2,3.41,6.82
1958,501032,Latte,Beverage,1,4.47,4.47
1959,501033,Granola Bar,Snack,1,2.72,2.72
1960,501034,Iced Tea,Beverage,1,3.48,3.48
1961,501035,Iced Tea,Beverage,2,3.5,7.0
1962,501035,Latte,Beverage,1,4.4,4.4
1963,501036,Espresso,Beverage,1,2.96,2.96
1964,501036,Blueberry Muffin,Bakery,2,3.72,7.44
1965,501036,Caesar Salad,Food,1,8.16,8.16
1966,501036,Bagel with Cream Cheese,Bakery,1,3.98,3.98
1967,501037,Croissant,Bakery,1,3.21,3.21
1968,501037,Veggie Wrap,Food,1,7.59,7.59
1969,501038,Bagel with Cream Cheese,Bakery,1,3.94,3.94
1970,501039,Veggie Wrap,Food,1,7.6,7.6
1971,501039,Blueberry Muffin,Bakery,2,3.7,7.4
1972,501040,Croissant,Bakery,2,3.16,6.32
1973,501040,Bagel with Cream Cheese,Bakery,1,3.96,3.96
1974,501041,Cappuccino,Beverage,2,4.21,8.42
1975,501042,Fruit Cup,Snack,1,3.41,3.41
1976,501042,Blueberry Muffin,Bakery,2,3.69,7.38
1977,501043,Turkey Sandwich,Food,1,8.3,8.3
1978,501044,Bagel with Cream Cheese,Bakery,1,3.99,3.99
1979,501045,Veggie Wrap,Food,2,7.55,15.1
1980,501045,Blueberry Muffin,Bakery,1,3.65,3.65
1981,501046,Turkey Sandwich,Food,1,8.33,8.33
1982,501047,Avocado Toast,Food,1,7.28,7.28
1983,501048,Espresso,Beverage,1,2.98,2.98
1984,501048,Blueberry Muffin,Bakery,1,3.66,3.66
1985,501049,Turkey Sandwich,Food,1,8.26,8.26
1986,501049,Chocolate Chip Cookie,Bakery,1,2.45,2.45
1987,501050,Chocolate Chip Cookie,Bakery,1,2.44,2.44
1988,501051,Veggie Wrap,Food,2,7.72,15.44
1989,501051,Turkey Sandwich,Food,1,8.46,8.46
1990,501051,Chocolate Chip Cookie,Bakery,1,2.47,2.47
1991,501051,Bagel with Cream Cheese,Bakery,1,3.98,3.98
1992,501052,Blueberry Muffin,Bakery,1,3.74,3.74
1993,501052,Cold Brew,Beverage,1,4.71,4.71
1994,501053,Latte,Beverage,2,4.42,8.84
1995,501053,Blueberry Muffin,Bakery,1,3.67,3.67
1996,501054,Turkey Sandwich,Food,1,8.42,8.42
1997,501054,Fruit Cup,Snack,1,3.44,3.44
1998,501055,Caesar Salad,Food,1,8.1,8.1
1999,501055,Bagel with Cream Cheese,Bakery,1,3.93,3.93
2000,501055,Turkey Sandwich,Food,1,8.43,8.43
2001,501056,Caesar Salad,Food,1,8.04,8.04
2002,501056,Iced Tea,Beverage,1,3.5,3.5
2003,501057,Chocolate Chip Cookie,Bakery,1,2.49,2.49
2004,501057,Granola Bar,Snack,1,2.68,2.68
2005,501057,Veggie Wrap,Food,1,7.57,7.57
2006,501058,Chocolate Chip Cookie,Bakery,1,2.48,2.48
2007,501058,Avocado Toast,Food,2,7.48,14.96
2008,501058,Cold Brew,Beverage,2,4.63,9.26
2009,501058,Cappuccino,Beverage,1,4.14,4.14
2010,501059,Bagel with Cream Cheese,Bakery,2,3.96,7.92
2011,501060,Bagel with Cream Cheese,Bakery,1,4.0,4.0
2012,501061,Cold Brew,Beverage,1,4.68,4.68
2013,501062,Turkey Sandwich,Food,1,8.42,8.42
2014,501062,Chocolate Chip Cookie,Bakery,2,2.48,4.96
2015,501063,Granola Bar,Snack,1,2.69,2.69
2016,501064,Croissant,Bakery,1,3.2,3.2
2017,501064,Granola Bar,Snack,1,2.73,2.73
2018,501065,Cappuccino,Beverage,1,4.19,4.19
2019,501065,Veggie Wrap,Food,1,7.63,7.63
2020,501066,Croissant,Bakery,1,3.18,3.18
2021,501066,Fruit Cup,Snack,2,3.4,6.8
2022,501066,Turkey Sandwich,Food,1,8.35,8.35
2023,501067,Chocolate Chip Cookie,Bakery,1,2.49,2.49
2024,501067,Turkey Sandwich,Food,1,8.3,8.3
2025,501068,Iced Tea,Beverage,1,3.41,3.41
2026,501068,Chocolate Chip Cookie,Bakery,1,2.5,2.5
2027,501069,Chocolate Chip Cookie,Bakery,1,2.48,2.48
2028,501070,Cappuccino,Beverage,1,4.13,4.13
2029,501070,Espresso,Beverage,1,2.99,2.99
2030,501071,Bagel with Cream Cheese,Bakery,1,3.88,3.88
2031,501071,Turkey Sandwich,Food,1,8.38,8.38
2032,501071,Cold Brew,Beverage,1,4.63,4.63
2033,501072,Croissant,Bakery,2,3.19,6.38
2034,501072,Caesar Salad,Food,1,8.16,8.16
2035,501073,Bagel with Cream Cheese,Bakery,2,3.9,7.8
2036,501073,Cold Brew,Beverage,1,4.72,4.72
2037,501073,Espresso,Beverage,1,2.94,2.94
2038,501074,Avocado Toast,Food,1,7.41,7.41
2039,501074,Cappuccino,Beverage,1,4.24,4.24
2040,501074,Iced Tea,Beverage,1,3.41,3.41
2041,501075,Croissant,Bakery,1,3.23,3.23
2042,501076,Granola Bar,Snack,1,2.69,2.69
2043,501077,Turkey Sandwich,Food,1,8.39,8.39
2044,501078,Cold Brew,Beverage,1,4.66,4.66
2045,501078,Cappuccino,Beverage,1,4.19,4.19
2046,501079,Iced Tea,Beverage,1,3.43,3.43
2047,501079,Avocado Toast,Food,2,7.28,14.56
2048,501079,Caesar Salad,Food,1,8.13,8.13
2049,501080,Veggie Wrap,Food,1,7.56,7.56
2050,501080,Chocolate Chip Cookie,Bakery,1,2.43,2.43
2051,501080,Blueberry Muffin,Bakery,1,3.74,3.74
2052,501081,Caesar Salad,Food,1,8.19,8.19
2053,501081,Iced Tea,Beverage,1,3.48,3.48
2054,501082,Avocado Toast,Food,1,7.49,7.49
2055,501083,Blueberry Muffin,Bakery,1,3.7,3.7
2056,501083,Granola Bar,Snack,1,2.71,2.71
2057,501084,Avocado Toast,Food,1,7.35,7.35
2058,501084,Cold Brew,Beverage,1,4.7,4.7
2059,501084,Veggie Wrap,Food,1,7.68,7.68
2060,501084,Fruit Cup,Snack,1,3.43,3.43
2061,501085,Cold Brew,Beverage,1,4.71,4.71
2062,501085,Croissant,Bakery,2,3.24,6.48
2063,501085,Latte,Beverage,1,4.44,4.44
2064,501086,Blueberry Muffin,Bakery,1,3.71,3.71
2065,501087,Chocolate Chip Cookie,Bakery,1,2.46,2.46
2066,501088,Avocado Toast,Food,1,7.47,7.47
2067,501088,Chocolate Chip Cookie,Bakery,1,2.49,2.49
2068,501089,Blueberry Muffin,Bakery,1,3.72,3.72
2069,501089,Fruit Cup,Snack,1,3.44,3.44
2070,501090,Latte,Beverage,1,4.41,4.41
2071,501090,Chocolate Chip Cookie,Bakery,1,2.44,2.44
2072,501091,Bagel with Cream Cheese,Bakery,1,3.95,3.95
2073,501091,Caesar Salad,Food,2,8.15,16.3
2074,501092,Veggie Wrap,Food,1,7.56,7.56
2075,501092,Cold Brew,Beverage,1,4.73,4.73
2076,501093,Fruit Cup,Snack,1,3.42,3.42
2077,501094,Caesar Salad,Food,1,8.15,8.15
2078,501095,Latte,Beverage,1,4.39,4.39
2079,501095,Fruit Cup,Snack,1,3.41,3.41
2080,501095,Cold Brew,Beverage,1,4.62,4.62
2081,501096,Espresso,Beverage,1,2.98,2.98
2082,501097,Granola Bar,Snack,1,2.69,2.69
2083,501098,Espresso,Beverage,1,2.95,2.95
2084,501098,Granola Bar,Snack,1,2.7,2.7
2085,501098,Turkey Sandwich,Food,2,8.46,16.92
2086,501098,Cold Brew,Beverage,1,4.68,4.68
2087,501099,Espresso,Beverage,1,3.0,3.0
2088,501099,Bagel with Cream Cheese,Bakery,1,3.9,3.9
2089,501100,Cappuccino,Beverage,1,4.24,4.24
2090,501100,Blueberry Muffin,Bakery,1,3.67,3.67
2091,501101,Cappuccino,Beverage,1,4.23,4.23
2092,501102,Bagel with Cream Cheese,Bakery,1,3.97,3.97
2093,501102,Espresso,Beverage,1,2.98,2.98
2094,501102,Cappuccino,Beverage,1,4.17,4.17
2095,501103,Iced Tea,Beverage,1,3.48,3.48
2096,501104,Iced Tea,Beverage,1,3.48,3.48
2097,501105,Bagel with Cream Cheese,Bakery,1,3.88,3.88
2098,501106,Iced Tea,Beverage,1,3.41,3.41
2099,501107,Blueberry Muffin,Bakery,2,3.74,7.48
2100,501107,Caesar Salad,Food,2,8.1,16.2
2101,501108,Iced Tea,Beverage,1,3.42,3.42
2102,501109,Espresso,Beverage,1,2.97,2.97
2103,501109,Cold Brew,Beverage,1,4.64,4.64
2104,501110,Fruit Cup,Snack,1,3.48,3.48
2105,501110,Chocolate Chip Cookie,Bakery,1,2.44,2.44
2106,501111,Cappuccino,Beverage,1,4.19,4.19
2107,501112,Croissant,Bakery,1,3.19,3.19
2108,501113,Veggie Wrap,Food,2,7.61,15.22
2109,501113,Bagel with Cream Cheese,Bakery,1,3.98,3.98
2110,501114,Espresso,Beverage,1,2.91,2.91
2111,501114,Bagel with Cream Cheese,Bakery,1,3.93,3.93
2112,501115,Avocado Toast,Food,1,7.28,7.28
2113,501116,Cold Brew,Beverage,1,4.71,4.71
2114,501116,Caesar Salad,Food,1,8.13,8.13
2115,501116,Chocolate Chip Cookie,Bakery,2,2.43,4.86
2116,501117,Cold Brew,Beverage,1,4.67,4.67
2117,501118,Blueberry Muffin,Bakery,1,3.64,3.64
2118,501118,Veggie Wrap,Food,1,7.59,7.59
2119,501119,Cold Brew,Beverage,1,4.71,4.71
2120,501120,Granola Bar,Snack,1,2.71,2.71
2121,501120,Turkey Sandwich,Food,1,8.46,8.46
2122,501120,Latte,Beverage,1,4.5,4.5
2123,501120,Espresso,Beverage,1,2.99,2.99
2124,501121,Latte,Beverage,2,4.5,9.0
2125,501121,Granola Bar,Snack,1,2.68,2.68
2126,501122,Espresso,Beverage,1,2.96,2.96
2127,501122,Veggie Wrap,Food,1,7.65,7.65
2128,501123,Cappuccino,Beverage,1,4.14,4.14
2129,501123,Chocolate Chip Cookie,Bakery,1,2.44,2.44
2130,501123,Cold Brew,Beverage,1,4.68,4.68
2131,501123,Turkey Sandwich,Food,1,8.4,8.4
2132,501124,Bagel with Cream Cheese,Bakery,1,3.93,3.93
2133,501124,Granola Bar,Snack,2,2.74,5.48
2134,501125,Fruit Cup,Snack,1,3.49,3.49
2135,501125,Veggie Wrap,Food,1,7.72,7.72
2136,501125,Cold Brew,Beverage,2,4.64,9.28
2137,501126,Latte,Beverage,1,4.45,4.45
2138,501126,Cold Brew,Beverage,1,4.65,4.65
2139,501126,Caesar Salad,Food,1,8.17,8.17
2140,501127,Blueberry Muffin,Bakery,1,3.72,3.72
2141,501127,Cold Brew,Beverage,1,4.7,4.7
2142,501128,Chocolate Chip Cookie,Bakery,1,2.49,2.49
2143,501128,Turkey Sandwich,Food,1,8.34,8.34
2144,501129,Espresso,Beverage,1,2.96,2.96
2145,501130,Granola Bar,Snack,1,2.7,2.7
2146,501131,Cold Brew,Beverage,1,4.67,4.67
2147,501131,Granola Bar,Snack,1,2.72,2.72
2148,501132,Veggie Wrap,Food,1,7.61,7.61
2149,501133,Iced Tea,Beverage,2,3.43,6.86
2150,501133,Fruit Cup,Snack,1,3.43,3.43
2151,501134,Cold Brew,Beverage,1,4.73,4.73
2152,501134,Cappuccino,Beverage,1,4.24,4.24
2153,501134,Caesar Salad,Food,1,8.12,8.12
2154,501134,Turkey Sandwich,Food,2,8.39,16.78
2155,501135,Espresso,Beverage,1,2.98,2.98
2156,501135,Croissant,Bakery,1,3.22,3.22
2157,501136,Iced Tea,Beverage,1,3.49,3.49
2158,501137,Veggie Wrap,Food,1,7.55,7.55
2159,501137,Latte,Beverage,1,4.47,4.47
2160,501137,Cold Brew,Beverage,1,4.69,4.69
2161,501138,Cappuccino,Beverage,1,4.18,4.18
2162,501139,Blueberry Muffin,Bakery,2,3.72,7.44
2163,501139,Latte,Beverage,1,4.41,4.41
2164,501139,Espresso,Beverage,1,2.98,2.98
2165,501140,Fruit Cup,Snack,2,3.42,6.84
2166,501140,Cold Brew,Beverage,1,4.73,4.73
2167,501141,Iced Tea,Beverage,1,3.41,3.41
2168,501142,Caesar Salad,Food,1,8.08,8.08
2169,501143,Fruit Cup,Snack,1,3.47,3.47
2170,501143,Latte,Beverage,2,4.38,8.76
2171,501143,Cold Brew,Beverage,1,4.74,4.74
2172,501144,Iced Tea,Beverage,1,3.5,3.5
2173,501144,Avocado Toast,Food,1,7.4,7.4
2174,501145,Latte,Beverage,1,4.48,4.48
2175,501145,Cold Brew,Beverage,1,4.71,4.71
2176,501146,Caesar Salad,Food,1,8.11,8.11
2177,501147,Iced Tea,Beverage,1,3.43,3.43
2178,501147,Espresso,Beverage,1,2.93,2.93
2179,501148,Espresso,Beverage,1,2.93,2.93
2180,501149,Cappuccino,Beverage,1,4.19,4.19
2181,501149,Turkey Sandwich,Food,1,8.39,8.39
2182,501149,Iced Tea,Beverage,1,3.45,3.45
2183,501150,Croissant,Bakery,1,3.19,3.19
2184,501151,Croissant,Bakery,1,3.17,3.17
2185,501151,Veggie Wrap,Food,1,7.64,7.64
2186,501151,Fruit Cup,Snack,1,3.46,3.46
2187,501151,Cappuccino,Beverage,1,4.19,4.19
2188,501152,Iced Tea,Beverage,1,3.47,3.47
2189,501153,Chocolate Chip Cookie,Bakery,1,2.48,2.48
2190,501154,Latte,Beverage,1,4.45,4.45
2191,501154,Caesar Salad,Food,1,8.16,8.16
2192,501154,Cappuccino,Beverage,1,4.22,4.22
2193,501155,Espresso,Beverage,2,2.96,5.92
2194,501156,Avocado Toast,Food,1,7.33,7.33
2195,501156,Latte,Beverage,2,4.39,8.78
2196,501157,Cappuccino,Beverage,1,4.25,4.25
2197,501158,Croissant,Bakery,1,3.17,3.17
2198,501158,Latte,Beverage,1,4.49,4.49
2199,501159,Veggie Wrap,Food,1,7.61,7.61
2200,501159,Cappuccino,Beverage,1,4.21,4.21
2201,501160,Latte,Beverage,1,4.44,4.44
2202,501160,Croissant,Bakery,1,3.22,3.22
2203,501161,Granola Bar,Snack,1,2.72,2.72
2204,501161,Fruit Cup,Snack,1,3.45,3.45
2205,501162,Iced Tea,Beverage,1,3.5,3.5
2206,501163,Cold Brew,Beverage,1,4.61,4.61
2207,501163,Latte,Beverage,1,4.37,4.37
2208,501164,Bagel with Cream Cheese,Bakery,1,3.88,3.88
2209,501165,Chocolate Chip Cookie,Bakery,1,2.46,2.46
2210,501166,Bagel with Cream Cheese,Bakery,1,3.94,3.94
2211,501167,Croissant,Bakery,1,3.24,3.24
2212,501167,Cold Brew,Beverage,1,4.65,4.65
2213,501167,Iced Tea,Beverage,1,3.41,3.41
2214,501167,Blueberry Muffin,Bakery,1,3.74,3.74
2215,501168,Cappuccino,Beverage,1,4.13,4.13
2216,501168,Cold Brew,Beverage,1,4.65,4.65
2217,501169,Fruit Cup,Snack,2,3.41,6.82
2218,501170,Espresso,Beverage,1,2.95,2.95
2219,501170,Chocolate Chip Cookie,Bakery,2,2.43,4.86
2220,501171,Veggie Wrap,Food,1,7.62,7.62
2221,501171,Cold Brew,Beverage,1,4.72,4.72
2222,501171,Latte,Beverage,1,4.41,4.41
2223,501172,Iced Tea,Beverage,2,3.41,6.82
2224,501172,Espresso,Beverage,2,2.98,5.96
2225,501173,Bagel with Cream Cheese,Bakery,1,3.91,3.91
2226,501174,Fruit Cup,Snack,1,3.49,3.49
2227,501174,Latte,Beverage,1,4.42,4.42
2228,501175,Cold Brew,Beverage,1,4.63,4.63
2229,501175,Fruit Cup,Snack,1,3.44,3.44
2230,501175,Granola Bar,Snack,1,2.72,2.72
2231,501175,Avocado Toast,Food,2,7.35,14.7
2232,501176,Espresso,Beverage,1,2.98,2.98
2233,501177,Croissant,Bakery,1,3.16,3.16
2234,501178,Avocado Toast,Food,1,7.29,7.29
2235,501179,Croissant,Bakery,1,3.18,3.18
2236,501179,Latte,Beverage,1,4.46,4.46
2237,501180,Cappuccino,Beverage,1,4.24,4.24
2238,501181,Fruit Cup,Snack,1,3.44,3.44
2239,501182,Espresso,Beverage,1,2.97,2.97
2240,501183,Cappuccino,Beverage,1,4.19,4.19
2241,501183,Veggie Wrap,Food,1,7.53,7.53
2242,501184,Cappuccino,Beverage,1,4.23,4.23
2243,501184,Caesar Salad,Food,2,8.03,16.06
2244,501184,Croissant,Bakery,2,3.24,6.48
2245,501185,Fruit Cup,Snack,1,3.43,3.43
2246,501185,Cold Brew,Beverage,1,4.69,4.69
2247,501186,Latte,Beverage,1,4.47,4.47
2248,501186,Espresso,Beverage,1,2.96,2.96
2249,501187,Bagel with Cream Cheese,Bakery,1,3.94,3.94
2250,501188,Caesar Salad,Food,2,8.24,16.48
2251,501189,Cold Brew,Beverage,2,4.63,9.26
2252,501190,Caesar Salad,Food,1,8.02,8.02
2253,501191,Veggie Wrap,Food,1,7.53,7.53
2254,501191,Croissant,Bakery,1,3.15,3.15
2255,501192,Chocolate Chip Cookie,Bakery,1,2.49,2.49
2256,501193,Granola Bar,Snack,2,2.71,5.42
2257,501194,Veggie Wrap,Food,1,7.55,7.55
2258,501194,Chocolate Chip Cookie,Bakery,1,2.43,2.43
2259,501195,Blueberry Muffin,Bakery,1,3.72,3.72
2260,501196,Avocado Toast,Food,2,7.34,14.68
2261,501196,Bagel with Cream Cheese,Bakery,2,3.9,7.8
2262,501196,Turkey Sandwich,Food,1,8.38,8.38
2263,501196,Caesar Salad,Food,1,8.08,8.08
2264,501197,Caesar Salad,Food,1,8.16,8.16
2265,501197,Fruit Cup,Snack,2,3.42,6.84
2266,501197,Granola Bar,Snack,1,2.75,2.75
2267,501197,Iced Tea,Beverage,1,3.49,3.49
2268,501198,Avocado Toast,Food,1,7.46,7.46
2269,501198,Chocolate Chip Cookie,Bakery,1,2.43,2.43
2270,501199,Chocolate Chip Cookie,Bakery,2,2.48,4.96
2271,501200,Turkey Sandwich,Food,1,8.36,8.36
2272,501201,Caesar Salad,Food,2,8.19,16.38
2273,501201,Blueberry Muffin,Bakery,1,3.65,3.65
2274,501201,Fruit Cup,Snack,1,3.42,3.42
2275,501202,Blueberry Muffin,Bakery,1,3.68,3.68
2276,501203,Turkey Sandwich,Food,1,8.41,8.41
2277,501203,Granola Bar,Snack,1,2.69,2.69
2278,501204,Fruit Cup,Snack,1,3.46,3.46
2279,501204,Granola Bar,Snack,1,2.72,2.72
2280,501205,Espresso,Beverage,1,2.99,2.99
2281,501205,Iced Tea,Beverage,1,3.4,3.4
2282,501205,Chocolate Chip Cookie,Bakery,1,2.47,2.47
2283,501206,Latte,Beverage,1,4.42,4.42
2284,501206,Caesar Salad,Food,1,8.05,8.05
2285,501207,Avocado Toast,Food,1,7.45,7.45
2286,501207,Iced Tea,Beverage,1,3.42,3.42
2287,501207,Chocolate Chip Cookie,Bakery,1,2.47,2.47
2288,501208,Cold Brew,Beverage,1,4.71,4.71
2289,501208,Latte,Beverage,1,4.41,4.41
2290,501208,Croissant,Bakery,1,3.22,3.22
2291,501209,Avocado Toast,Food,1,7.4,7.4
2292,501209,Espresso,Beverage,2,2.97,5.94
2293,501210,Iced Tea,Beverage,2,3.46,6.92
2294,501210,Cappuccino,Beverage,1,4.16,4.16
2295,501211,Bagel with Cream Cheese,Bakery,1,3.99,3.99
2296,501212,Turkey Sandwich,Food,2,8.25,16.5
2297,501212,Fruit Cup,Snack,1,3.5,3.5
2298,501212,Espresso,Beverage,2,2.99,5.98
2299,501213,Cappuccino,Beverage,1,4.2,4.2
2300,501213,Blueberry Muffin,Bakery,1,3.72,3.72
2301,501213,Iced Tea,Beverage,1,3.45,3.45
2302,501213,Croissant,Bakery,2,3.23,6.46
2303,501214,Cold Brew,Beverage,1,4.67,4.67
2304,501214,Croissant,Bakery,1,3.16,3.16
2305,501215,Blueberry Muffin,Bakery,1,3.73,3.73
2306,501215,Iced Tea,Beverage,1,3.42,3.42
2307,501216,Fruit Cup,Snack,2,3.42,6.84
2308,501216,Bagel with Cream Cheese,Bakery,1,3.96,3.96
2309,501216,Caesar Salad,Food,1,8.23,8.23
2310,501217,Granola Bar,Snack,1,2.67,2.67
2311,501217,Cappuccino,Beverage,1,4.18,4.18
2312,501218,Espresso,Beverage,1,2.95,2.95
2313,501219,Cold Brew,Beverage,1,4.72,4.72
2314,501219,Chocolate Chip Cookie,Bakery,1,2.43,2.43
2315,501219,Avocado Toast,Food,1,7.38,7.38
2316,501220,Turkey Sandwich,Food,1,8.41,8.41
2317,501220,Latte,Beverage,1,4.47,4.47
2318,501220,Bagel with Cream Cheese,Bakery,1,3.96,3.96
2319,501220,Veggie Wrap,Food,1,7.61,7.61
2320,501221,Cappuccino,Beverage,1,4.17,4.17
2321,501221,Caesar Salad,Food,2,8.2,16.4
2322,501222,Latte,Beverage,1,4.41,4.41
2323,501222,Bagel with Cream Cheese,Bakery,1,3.98,3.98
2324,501222,Avocado Toast,Food,2,7.36,14.72
2325,501223,Iced Tea,Beverage,1,3.46,3.46
2326,501223,Croissant,Bakery,1,3.16,3.16
2327,501223,Fruit Cup,Snack,1,3.4,3.4
2328,501224,Caesar Salad,Food,1,8.15,8.15
2329,501224,Turkey Sandwich,Food,1,8.44,8.44
2330,501225,Chocolate Chip Cookie,Bakery,1,2.43,2.43
2331,501225,Fruit Cup,Snack,1,3.48,3.48
2332,501225,Croissant,Bakery,2,3.23,6.46
2333,501225,Veggie Wrap,Food,1,7.52,7.52
2334,501226,Granola Bar,Snack,1,2.72,2.72
2335,501226,Turkey Sandwich,Food,2,8.42,16.84
2336,501226,Latte,Beverage,1,4.41,4.41
2337,501226,Bagel with Cream Cheese,Bakery,1,3.93,3.93
2338,501227,Caesar Salad,Food,1,8.07,8.07
2339,501227,Bagel with Cream Cheese,Bakery,2,3.96,7.92
2340,501228,Veggie Wrap,Food,1,7.55,7.55
2341,501228,Chocolate Chip Cookie,Bakery,1,2.48,2.48
2342,501228,Espresso,Beverage,1,2.95,2.95
2343,501229,Espresso,Beverage,2,2.96,5.92
2344,501229,Iced Tea,Beverage,1,3.49,3.49
2345,501230,Fruit Cup,Snack,1,3.45,3.45
2346,501230,Avocado Toast,Food,1,7.34,7.34
2347,501231,Blueberry Muffin,Bakery,1,3.72,3.72
2348,501231,Cappuccino,Beverage,1,4.23,4.23
2349,501231,Veggie Wrap,Food,1,7.61,7.61
2350,501232,Iced Tea,Beverage,1,3.43,3.43
2351,501232,Turkey Sandwich,Food,1,8.41,8.41
2352,501233,Bagel with Cream Cheese,Bakery,1,3.95,3.95
2353,501233,Espresso,Beverage,1,2.98,2.98
2354,501233,Blueberry Muffin,Bakery,1,3.71,3.71
2355,501234,Turkey Sandwich,Food,1,8.3,8.3
2356,501234,Latte,Beverage,1,4.48,4.48
2357,501234,Caesar Salad,Food,1,8.07,8.07
2358,501235,Veggie Wrap,Food,1,7.53,7.53
2359,501235,Croissant,Bakery,2,3.2,6.4
2360,501235,Fruit Cup,Snack,1,3.48,3.48
2361,501235,Iced Tea,Beverage,1,3.5,3.5
2362,501236,Avocado Toast,Food,1,7.33,7.33
2363,501237,Caesar Salad,Food,1,8.2,8.2
2364,501238,Cappuccino,Beverage,2,4.2,8.4
2365,501239,Fruit Cup,Snack,1,3.41,3.41
2366,501239,Espresso,Beverage,1,3.0,3.0
2367,501239,Cappuccino,Beverage,1,4.14,4.14
2368,501240,Cappuccino,Beverage,1,4.14,4.14
2369,501240,Turkey Sandwich,Food,1,8.26,8.26
2370,501240,Iced Tea,Beverage,2,3.41,6.82
2371,501241,Blueberry Muffin,Bakery,1,3.66,3.66
2372,501241,Caesar Salad,Food,1,8.01,8.01
2373,501242,Cappuccino,Beverage,1,4.22,4.22
2374,501242,Iced Tea,Beverage,1,3.47,3.47
2375,501243,Chocolate Chip Cookie,Bakery,1,2.46,2.46
2376,501243,Cold Brew,Beverage,1,4.69,4.69
2377,501243,Avocado Toast,Food,1,7.43,7.43
2378,501243,Croissant,Bakery,1,3.24,3.24
2379,501244,Turkey Sandwich,Food,1,8.44,8.44
2380,501244,Iced Tea,Beverage,1,3.4,3.4
2381,501244,Croissant,Bakery,1,3.19,3.19
2382,501245,Caesar Salad,Food,1,8.05,8.05
2383,501245,Chocolate Chip Cookie,Bakery,1,2.48,2.48
2384,501245,Iced Tea,Beverage,1,3.46,3.46
2385,501245,Latte,Beverage,1,4.43,4.43
2386,501246,Avocado Toast,Food,1,7.46,7.46
2387,501246,Chocolate Chip Cookie,Bakery,2,2.49,4.98
2388,501247,Turkey Sandwich,Food,2,8.33,16.66
2389,501248,Croissant,Bakery,1,3.22,3.22
2390,501249,Caesar Salad,Food,1,8.05,8.05
2391,501249,Bagel with Cream Cheese,Bakery,1,3.92,3.92
2392,501250,Granola Bar,Snack,1,2.69,2.69
2393,501250,Turkey Sandwich,Food,1,8.25,8.25
2394,501250,Blueberry Muffin,Bakery,1,3.75,3.75
2395,501251,Croissant,Bakery,1,3.17,3.17
2396,501251,Veggie Wrap,Food,1,7.6,7.6
2397,501251,Blueberry Muffin,Bakery,1,3.64,3.64
2398,501252,Granola Bar,Snack,1,2.71,2.71
2399,501252,Turkey Sandwich,Food,1,8.42,8.42
2400,501252,Latte,Beverage,2,4.46,8.92
2401,501252,Iced Tea,Beverage,1,3.41,3.41
2402,501253,Espresso,Beverage,2,2.95,5.9
2403,501253,Bagel with Cream Cheese,Bakery,1,3.94,3.94
2404,501253,Veggie Wrap,Food,1,7.68,7.68
2405,501253,Avocado Toast,Food,1,7.47,7.47
2406,501254,Croissant,Bakery,1,3.23,3.23
2407,501254,Iced Tea,Beverage,1,3.47,3.47
2408,501254,Cold Brew,Beverage,1,4.71,4.71
2409,501255,Latte,Beverage,1,4.38,4.38
2410,501255,Caesar Salad,Food,2,8.02,16.04
2411,501255,Avocado Toast,Food,1,7.44,7.44
2412,501255,Turkey Sandwich,Food,2,8.29,16.58
2413,501256,Veggie Wrap,Food,1,7.72,7.72
2414,501257,Cappuccino,Beverage,2,4.2,8.4
2415,501257,Turkey Sandwich,Food,1,8.26,8.26
2416,501258,Turkey Sandwich,Food,1,8.34,8.34
2417,501259,Blueberry Muffin,Bakery,2,3.72,7.44
2418,501259,Granola Bar,Snack,1,2.68,2.68
2419,501260,Chocolate Chip Cookie,Bakery,2,2.46,4.92
2420,501261,Cappuccino,Beverage,1,4.2,4.2
2421,501261,Veggie Wrap,Food,1,7.72,7.72
2422,501262,Bagel with Cream Cheese,Bakery,1,3.92,3.92
2423,501262,Blueberry Muffin,Bakery,1,3.74,3.74
2424,501263,Croissant,Bakery,1,3.17,3.17
2425,501263,Turkey Sandwich,Food,1,8.39,8.39
2426,501263,Latte,Beverage,1,4.42,4.42
2427,501264,Espresso,Beverage,2,2.93,5.86
2428,501264,Granola Bar,Snack,1,2.67,2.67
2429,501265,Avocado Toast,Food,1,7.36,7.36
2430,501266,Avocado Toast,Food,1,7.32,7.32
2431,501267,Turkey Sandwich,Food,1,8.36,8.36
2432,501267,Caesar Salad,Food,1,8.2,8.2
2433,501267,Cappuccino,Beverage,1,4.22,4.22
2434,501267,Granola Bar,Snack,1,2.71,2.71
2435,501268,Caesar Salad,Food,1,8.2,8.2
2436,501268,Cold Brew,Beverage,1,4.61,4.61
2437,501268,Bagel with Cream Cheese,Bakery,1,3.96,3.96
2438,501269,Fruit Cup,Snack,2,3.42,6.84
2439,501270,Granola Bar,Snack,1,2.69,2.69
2440,501270,Turkey Sandwich,Food,1,8.32,8.32
2441,501270,Blueberry Muffin,Bakery,1,3.75,3.75
2442,501271,Veggie Wrap,Food,1,7.61,7.61
2443,501272,Iced Tea,Beverage,2,3.4,6.8
2444,501273,Avocado Toast,Food,1,7.47,7.47
2445,501273,Granola Bar,Snack,2,2.7,5.4
2446,501273,Bagel with Cream Cheese,Bakery,2,3.89,7.78
2447,501274,Fruit Cup,Snack,1,3.4,3.4
2448,501275,Croissant,Bakery,1,3.24,3.24
2449,501276,Caesar Salad,Food,1,8.01,8.01
2450,501276,Latte,Beverage,1,4.49,4.49
2451,501277,Bagel with Cream Cheese,Bakery,2,3.93,7.86
2452,501277,Latte,Beverage,1,4.49,4.49
2453,501277,Granola Bar,Snack,1,2.72,2.72
2454,501278,Chocolate Chip Cookie,Bakery,1,2.45,2.45
2455,501279,Bagel with Cream Cheese,Bakery,1,3.96,3.96
2456,501280,Avocado Toast,Food,1,7.5,7.5
2457,501281,Espresso,Beverage,1,2.99,2.99
2458,501282,Chocolate Chip Cookie,Bakery,2,2.49,4.98
2459,501283,Iced Tea,Beverage,1,3.44,3.44
2460,501283,Turkey Sandwich,Food,1,8.26,8.26
2461,501284,Bagel with Cream Cheese,Bakery,1,3.95,3.95
2462,501285,Bagel with Cream Cheese,Bakery,1,3.99,3.99
2463,501285,Caesar Salad,Food,1,8.22,8.22
2464,501286,Caesar Salad,Food,1,8.06,8.06
2465,501287,Espresso,Beverage,1,2.93,2.93
2466,501288,Espresso,Beverage,1,2.94,2.94
2467,501288,Caesar Salad,Food,1,8.02,8.02
2468,501289,Croissant,Bakery,1,3.21,3.21
2469,501289,Latte,Beverage,1,4.42,4.42
2470,501289,Turkey Sandwich,Food,1,8.25,8.25
2471,501289,Iced Tea,Beverage,1,3.46,3.46
2472,501290,Blueberry Muffin,Bakery,1,3.72,3.72
2473,501290,Fruit Cup,Snack,1,3.48,3.48
2474,501291,Blueberry Muffin,Bakery,1,3.7,3.7
2475,501292,Fruit Cup,Snack,1,3.42,3.42
2476,501292,Espresso,Beverage,1,2.99,2.99
2477,501293,Croissant,Bakery,1,3.24,3.24
2478,501294,Chocolate Chip Cookie,Bakery,1,2.49,2.49
2479,501295,Chocolate Chip Cookie,Bakery,1,2.44,2.44
2480,501295,Turkey Sandwich,Food,1,8.43,8.43
2481,501296,Croissant,Bakery,1,3.18,3.18
2482,501296,Avocado Toast,Food,1,7.43,7.43
2483,501296,Cold Brew,Beverage,1,4.66,4.66
2484,501297,Iced Tea,Beverage,2,3.46,6.92
2485,501297,Caesar Salad,Food,1,8.05,8.05
2486,501297,Cold Brew,Beverage,1,4.74,4.74
2487,501298,Bagel with Cream Cheese,Bakery,1,3.92,3.92
2488,501299,Cold Brew,Beverage,1,4.65,4.65
2489,501300,Cold Brew,Beverage,1,4.69,4.69
2490,501300,Bagel with Cream Cheese,Bakery,1,3.9,3.9
2491,501301,Espresso,Beverage,1,2.94,2.94
2492,501301,Veggie Wrap,Food,1,7.63,7.63
2493,501301,Granola Bar,Snack,1,2.72,2.72
2494,501302,Latte,Beverage,1,4.38,4.38
2495,501303,Espresso,Beverage,2,2.96,5.92
2496,501304,Croissant,Bakery,1,3.16,3.16
2497,501304,Turkey Sandwich,Food,1,8.37,8.37
2498,501305,Croissant,Bakery,1,3.21,3.21
2499,501306,Espresso,Beverage,1,2.93,2.93
2500,501307,Blueberry Muffin,Bakery,1,3.69,3.69
2501,501308,Chocolate Chip Cookie,Bakery,1,2.48,2.48
2502,501308,Caesar Salad,Food,1,8.03,8.03
2503,501308,Latte,Beverage,1,4.38,4.38
2504,501309,Cappuccino,Beverage,1,4.16,4.16
2505,501309,Croissant,Bakery,2,3.23,6.46
2506,501309,Caesar Salad,Food,1,8.23,8.23
2507,501310,Latte,Beverage,1,4.43,4.43
2508,501311,Chocolate Chip Cookie,Bakery,1,2.48,2.48
2509,501312,Bagel with Cream Cheese,Bakery,1,3.99,3.99
2510,501312,Avocado Toast,Food,1,7.29,7.29
2511,501313,Cold Brew,Beverage,1,4.63,4.63
2512,501313,Croissant,Bakery,1,3.21,3.21
2513,501314,Fruit Cup,Snack,1,3.43,3.43
2514,501314,Cold Brew,Beverage,1,4.65,4.65
2515,501315,Bagel with Cream Cheese,Bakery,1,3.9,3.9
2516,501315,Blueberry Muffin,Bakery,1,3.74,3.74
2517,501315,Caesar Salad,Food,2,8.09,16.18
2518,501315,Veggie Wrap,Food,1,7.61,7.61
2519,501316,Fruit Cup,Snack,1,3.47,3.47
2520,501316,Granola Bar,Snack,1,2.73,2.73
2521,501316,Blueberry Muffin,Bakery,2,3.71,7.42
2522,501316,Cappuccino,Beverage,1,4.16,4.16
2523,501317,Cold Brew,Beverage,2,4.63,9.26
2524,501318,Espresso,Beverage,1,2.95,2.95
2525,501318,Fruit Cup,Snack,1,3.4,3.4
2526,501318,Caesar Salad,Food,1,8.09,8.09
2527,501318,Latte,Beverage,1,4.38,4.38
2528,501319,Cold Brew,Beverage,2,4.72,9.44
2529,501319,Avocado Toast,Food,1,7.49,7.49
2530,501319,Bagel with Cream Cheese,Bakery,1,3.91,3.91
2531,501320,Croissant,Bakery,1,3.18,3.18
2532,501320,Avocado Toast,Food,1,7.31,7.31
2533,501321,Chocolate Chip Cookie,Bakery,1,2.43,2.43
2534,501321,Caesar Salad,Food,1,8.21,8.21
2535,501321,Turkey Sandwich,Food,1,8.46,8.46
2536,501321,Cold Brew,Beverage,1,4.65,4.65
2537,501322,Fruit Cup,Snack,1,3.43,3.43
2538,501323,Latte,Beverage,1,4.44,4.44
2539,501323,Fruit Cup,Snack,1,3.48,3.48
2540,501323,Avocado Toast,Food,1,7.43,7.43
2541,501323,Cappuccino,Beverage,1,4.14,4.14
2542,501324,Avocado Toast,Food,1,7.33,7.33
2543,501325,Turkey Sandwich,Food,2,8.36,16.72
2544,501326,Avocado Toast,Food,1,7.29,7.29
2545,501327,Cappuccino,Beverage,1,4.15,4.15
2546,501327,Blueberry Muffin,Bakery,2,3.66,7.32
2547,501328,Chocolate Chip Cookie,Bakery,1,2.5,2.5
2548,501328,Veggie Wrap,Food,2,7.72,15.44
2549,501328,Fruit Cup,Snack,1,3.42,3.42
2550,501328,Avocado Toast,Food,1,7.47,7.47
2551,501329,Chocolate Chip Cookie,Bakery,1,2.48,2.48
2552,501330,Veggie Wrap,Food,1,7.61,7.61
2553,501330,Cold Brew,Beverage,2,4.61,9.22
2554,501330,Caesar Salad,Food,1,8.18,8.18
2555,501330,Granola Bar,Snack,1,2.72,2.72
2556,501331,Caesar Salad,Food,1,8.02,8.02
2557,501331,Veggie Wrap,Food,1,7.56,7.56
2558,501332,Veggie Wrap,Food,2,7.61,15.22
2559,501332,Turkey Sandwich,Food,1,8.49,8.49
2560,501333,Fruit Cup,Snack,1,3.47,3.47
2561,501334,Espresso,Beverage,1,3.0,3.0
2562,501334,Chocolate Chip Cookie,Bakery,1,2.46,2.46
2563,501335,Fruit Cup,Snack,1,3.46,3.46
2564,501335,Cold Brew,Beverage,1,4.72,4.72
2565,501336,Turkey Sandwich,Food,1,8.42,8.42
2566,501336,Avocado Toast,Food,1,7.34,7.34
2567,501337,Cappuccino,Beverage,1,4.24,4.24
2568,501338,Caesar Salad,Food,1,8.06,8.06
2569,501338,Latte,Beverage,1,4.37,4.37
2570,501339,Caesar Salad,Food,1,8.16,8.16
2571,501340,Bagel with Cream Cheese,Bakery,2,3.94,7.88
2572,501340,Croissant,Bakery,2,3.19,6.38
2573,501340,Latte,Beverage,1,4.43,4.43
2574,501340,Fruit Cup,Snack,1,3.41,3.41
2575,501341,Espresso,Beverage,1,2.94,2.94
2576,501342,Bagel with Cream Cheese,Bakery,1,3.95,3.95
2577,501342,Turkey Sandwich,Food,1,8.46,8.46
2578,501343,Avocado Toast,Food,1,7.39,7.39
2579,501343,Fruit Cup,Snack,1,3.41,3.41
2580,501344,Bagel with Cream Cheese,Bakery,1,3.89,3.89
2581,501345,Turkey Sandwich,Food,1,8.38,8.38
2582,501345,Bagel with Cream Cheese,Bakery,1,3.89,3.89
2583,501346,Blueberry Muffin,Bakery,1,3.65,3.65
2584,501346,Turkey Sandwich,Food,1,8.25,8.25
2585,501346,Espresso,Beverage,1,2.99,2.99
2586,501347,Espresso,Beverage,1,2.91,2.91
2587,501348,Caesar Salad,Food,1,8.14,8.14
2588,501348,Granola Bar,Snack,1,2.72,2.72
2589,501348,Chocolate Chip Cookie,Bakery,1,2.48,2.48
2590,501348,Cold Brew,Beverage,1,4.65,4.65
2591,501349,Veggie Wrap,Food,2,7.66,15.32
2592,501349,Cold Brew,Beverage,1,4.63,4.63
2593,501349,Turkey Sandwich,Food,2,8.35,16.7
2594,501350,Avocado Toast,Food,2,7.39,14.78
2595,501351,Croissant,Bakery,1,3.21,3.21
2596,501352,Cold Brew,Beverage,1,4.71,4.71
2597,501353,Iced Tea,Beverage,1,3.44,3.44
2598,501353,Fruit Cup,Snack,1,3.48,3.48
2599,501354,Cappuccino,Beverage,1,4.16,4.16
2600,501355,Croissant,Bakery,1,3.2,3.2
2601,501356,Latte,Beverage,2,4.39,8.78
2602,501356,Espresso,Beverage,1,2.91,2.91
2603,501357,Caesar Salad,Food,1,8.23,8.23
2604,501357,Avocado Toast,Food,1,7.43,7.43
2605,501358,Chocolate Chip Cookie,Bakery,1,2.48,2.48
2606,501359,Avocado Toast,Food,1,7.39,7.39
2607,501359,Turkey Sandwich,Food,1,8.45,8.45
2608,501359,Cold Brew,Beverage,1,4.67,4.67
2609,501360,Granola Bar,Snack,1,2.69,2.69
2610,501360,Espresso,Beverage,1,2.98,2.98
2611,501361,Cappuccino,Beverage,1,4.22,4.22
2612,501362,Espresso,Beverage,1,2.94,2.94
2613,501362,Cappuccino,Beverage,1,4.12,4.12
2614,501363,Chocolate Chip Cookie,Bakery,1,2.47,2.47
2615,501363,Iced Tea,Beverage,1,3.5,3.5
2616,501364,Iced Tea,Beverage,1,3.49,3.49
2617,501364,Granola Bar,Snack,2,2.75,5.5
2618,501365,Blueberry Muffin,Bakery,1,3.72,3.72
2619,501366,Cappuccino,Beverage,1,4.18,4.18
2620,501367,Granola Bar,Snack,1,2.74,2.74
2621,501367,Caesar Salad,Food,1,8.05,8.05
2622,501367,Fruit Cup,Snack,1,3.49,3.49
2623,501368,Cold Brew,Beverage,1,4.67,4.67
2624,501369,Espresso,Beverage,1,2.91,2.91
2625,501369,Croissant,Bakery,2,3.2,6.4
2626,501370,Croissant,Bakery,1,3.23,3.23
2627,501370,Granola Bar,Snack,1,2.73,2.73
2628,501371,Caesar Salad,Food,1,8.18,8.18
2629,501372,Caesar Salad,Food,1,8.03,8.03
2630,501373,Latte,Beverage,2,4.37,8.74
2631,501374,Croissant,Bakery,1,3.22,3.22
2632,501375,Croissant,Bakery,1,3.2,3.2
2633,501375,Latte,Beverage,1,4.45,4.45
2634,501375,Bagel with Cream Cheese,Bakery,1,3.94,3.94
2635,501376,Cappuccino,Beverage,1,4.22,4.22
2636,501377,Turkey Sandwich,Food,1,8.39,8.39
2637,501377,Fruit Cup,Snack,1,3.48,3.48
2638,501378,Fruit Cup,Snack,1,3.46,3.46
2639,501378,Blueberry Muffin,Bakery,1,3.72,3.72
2640,501378,Bagel with Cream Cheese,Bakery,1,3.96,3.96
2641,501379,Cold Brew,Beverage,1,4.66,4.66
2642,501380,Fruit Cup,Snack,1,3.46,3.46
2643,501381,Blueberry Muffin,Bakery,1,3.74,3.74
2644,501381,Veggie Wrap,Food,1,7.68,7.68
2645,501381,Latte,Beverage,1,4.38,4.38
2646,501382,Avocado Toast,Food,1,7.44,7.44
2647,501382,Turkey Sandwich,Food,1,8.31,8.31
2648,501383,Veggie Wrap,Food,1,7.72,7.72
2649,501383,Iced Tea,Beverage,1,3.48,3.48
2650,501384,Iced Tea,Beverage,2,3.49,6.98
2651,501385,Granola Bar,Snack,1,2.69,2.69
2652,501386,Avocado Toast,Food,1,7.5,7.5
2653,501386,Turkey Sandwich,Food,1,8.3,8.3
2654,501386,Granola Bar,Snack,1,2.73,2.73
2655,501386,Veggie Wrap,Food,1,7.61,7.61
2656,501387,Latte,Beverage,1,4.39,4.39
2657,501388,Blueberry Muffin,Bakery,1,3.67,3.67
2658,501388,Iced Tea,Beverage,1,3.46,3.46
2659,501389,Latte,Beverage,1,4.47,4.47
2660,501390,Croissant,Bakery,1,3.2,3.2
2661,501391,Latte,Beverage,1,4.38,4.38
2662,501392,Bagel with Cream Cheese,Bakery,1,3.98,3.98
2663,501392,Veggie Wrap,Food,1,7.56,7.56
2664,501393,Chocolate Chip Cookie,Bakery,1,2.43,2.43
2665,501393,Cappuccino,Beverage,1,4.23,4.23
2666,501393,Latte,Beverage,2,4.41,8.82
2667,501394,Blueberry Muffin,Bakery,1,3.67,3.67
2668,501395,Veggie Wrap,Food,1,7.58,7.58
2669,501396,Chocolate Chip Cookie,Bakery,1,2.46,2.46
2670,501396,Croissant,Bakery,2,3.18,6.36
2671,501397,Espresso,Beverage,1,3.0,3.0
2672,501397,Blueberry Muffin,Bakery,1,3.7,3.7
2673,501398,Cold Brew,Beverage,1,4.66,4.66
2674,501398,Caesar Salad,Food,1,8.15,8.15
2675,501399,Iced Tea,Beverage,2,3.48,6.96
2676,501399,Avocado Toast,Food,1,7.48,7.48
2677,501399,Espresso,Beverage,1,2.98,2.98
2678,501400,Latte,Beverage,1,4.41,4.41
2679,501401,Turkey Sandwich,Food,1,8.41,8.41
2680,501401,Avocado Toast,Food,1,7.43,7.43
2681,501402,Cappuccino,Beverage,1,4.2,4.2
2682,501403,Latte,Beverage,1,4.44,4.44
2683,501404,Turkey Sandwich,Food,1,8.42,8.42
2684,501405,Cold Brew,Beverage,2,4.61,9.22
2685,501406,Espresso,Beverage,2,2.94,5.88
2686,501407,Cappuccino,Beverage,1,4.17,4.17
2687,501407,Croissant,Bakery,1,3.2,3.2
2688,501407,Granola Bar,Snack,1,2.73,2.73
2689,501408,Cappuccino,Beverage,1,4.13,4.13
2690,501408,Croissant,Bakery,1,3.24,3.24
2691,501409,Cappuccino,Beverage,1,4.21,4.21
2692,501410,Granola Bar,Snack,1,2.67,2.67
2693,501410,Cold Brew,Beverage,1,4.7,4.7
2694,501411,Blueberry Muffin,Bakery,2,3.72,7.44
2695,501412,Cold Brew,Beverage,1,4.71,4.71
2696,501412,Fruit Cup,Snack,2,3.4,6.8
2697,501412,Caesar Salad,Food,1,8.24,8.24
2698,501412,Blueberry Muffin,Bakery,1,3.7,3.7
2699,501413,Fruit Cup,Snack,1,3.43,3.43
2700,501414,Espresso,Beverage,1,2.93,2.93
2701,501415,Blueberry Muffin,Bakery,1,3.64,3.64
2702,501416,Espresso,Beverage,1,2.94,2.94
2703,501417,Latte,Beverage,1,4.44,4.44
2704,501418,Veggie Wrap,Food,1,7.73,7.73
2705,501419,Latte,Beverage,1,4.45,4.45
2706,501420,Cappuccino,Beverage,1,4.24,4.24
2707,501421,Espresso,Beverage,1,2.93,2.93
2708,501422,Iced Tea,Beverage,1,3.43,3.43
2709,501422,Croissant,Bakery,1,3.19,3.19
2710,501422,Chocolate Chip Cookie,Bakery,1,2.49,2.49
2711,501423,Croissant,Bakery,1,3.24,3.24
2712,501423,Bagel with Cream Cheese,Bakery,1,3.98,3.98
2713,501423,Espresso,Beverage,1,2.91,2.91
2714,501423,Latte,Beverage,1,4.5,4.5
2715,501424,Veggie Wrap,Food,1,7.67,7.67
2716,501425,Granola Bar,Snack,1,2.74,2.74
2717,501426,Blueberry Muffin,Bakery,2,3.68,7.36
2718,501427,Bagel with Cream Cheese,Bakery,1,3.94,3.94
2719,501428,Croissant,Bakery,1,3.2,3.2
2720,501429,Chocolate Chip Cookie,Bakery,1,2.44,2.44
2721,501429,Iced Tea,Beverage,1,3.46,3.46
2722,501430,Chocolate Chip Cookie,Bakery,1,2.44,2.44
2723,501431,Chocolate Chip Cookie,Bakery,1,2.47,2.47
2724,501431,Turkey Sandwich,Food,1,8.26,8.26
2725,501431,Croissant,Bakery,2,3.22,6.44
2726,501432,Turkey Sandwich,Food,1,8.36,8.36
2727,501433,Veggie Wrap,Food,1,7.74,7.74
2728,501434,Cappuccino,Beverage,1,4.24,4.24
2729,501435,Turkey Sandwich,Food,1,8.45,8.45
2730,501435,Caesar Salad,Food,1,8.14,8.14
2731,501436,Turkey Sandwich,Food,1,8.27,8.27
2732,501437,Espresso,Beverage,1,2.92,2.92
2733,501438,Caesar Salad,Food,1,8.01,8.01
2734,501438,Chocolate Chip Cookie,Bakery,2,2.5,5.0
2735,501438,Turkey Sandwich,Food,1,8.25,8.25
2736,501439,Croissant,Bakery,2,3.17,6.34
2737,501440,Fruit Cup,Snack,1,3.4,3.4
2738,501441,Granola Bar,Snack,1,2.69,2.69
2739,501442,Turkey Sandwich,Food,2,8.46,16.92
2740,501443,Espresso,Beverage,1,2.93,2.93
2741,501443,Avocado Toast,Food,2,7.33,14.66
2742,501444,Latte,Beverage,1,4.39,4.39
2743,501444,Chocolate Chip Cookie,Bakery,2,2.43,4.86
2744,501444,Cold Brew,Beverage,2,4.71,9.42
2745,501445,Cappuccino,Beverage,1,4.24,4.24
2746,501445,Granola Bar,Snack,1,2.75,2.75
2747,501445,Cold Brew,Beverage,2,4.61,9.22
2748,501446,Avocado Toast,Food,2,7.41,14.82
2749,501446,Cold Brew,Beverage,2,4.74,9.48
2750,501446,Latte,Beverage,1,4.39,4.39
2751,501446,Blueberry Muffin,Bakery,1,3.68,3.68
2752,501447,Espresso,Beverage,1,2.95,2.95
2753,501448,Cold Brew,Beverage,1,4.62,4.62
2754,501448,Latte,Beverage,1,4.38,4.38
2755,501449,Granola Bar,Snack,1,2.72,2.72
2756,501449,Veggie Wrap,Food,1,7.66,7.66
2757,501450,Cold Brew,Beverage,1,4.69,4.69
2758,501450,Avocado Toast,Food,2,7.32,14.64
2759,501451,Chocolate Chip Cookie,Bakery,1,2.44,2.44
2760,501451,Cold Brew,Beverage,1,4.74,4.74
2761,501452,Chocolate Chip Cookie,Bakery,1,2.47,2.47
2762,501453,Caesar Salad,Food,2,8.05,16.1
2763,501454,Cappuccino,Beverage,1,4.24,4.24
2764,501455,Veggie Wrap,Food,1,7.57,7.57
2765,501456,Caesar Salad,Food,1,8.21,8.21
2766,501457,Granola Bar,Snack,1,2.73,2.73
2767,501457,Espresso,Beverage,1,2.97,2.97
2768,501457,Cappuccino,Beverage,1,4.23,4.23
2769,501457,Avocado Toast,Food,1,7.34,7.34
2770,501458,Chocolate Chip Cookie,Bakery,1,2.47,2.47
2771,501459,Blueberry Muffin,Bakery,2,3.72,7.44
2772,501460,Bagel with Cream Cheese,Bakery,1,3.9,3.9
2773,501461,Blueberry Muffin,Bakery,1,3.69,3.69
2774,501461,Cappuccino,Beverage,1,4.13,4.13
2775,501462,Cappuccino,Beverage,1,4.16,4.16
2776,501463,Caesar Salad,Food,1,8.05,8.05
2777,501464,Blueberry Muffin,Bakery,1,3.74,3.74
2778,501464,Cappuccino,Beverage,1,4.22,4.22
2779,501465,Chocolate Chip Cookie,Bakery,1,2.49,2.49
2780,501466,Avocado Toast,Food,1,7.28,7.28
2781,501466,Turkey Sandwich,Food,1,8.44,8.44
2782,501467,Veggie Wrap,Food,1,7.55,7.55
2783,501467,Iced Tea,Beverage,1,3.44,3.44
2784,501467,Fruit Cup,Snack,1,3.47,3.47
2785,501467,Blueberry Muffin,Bakery,2,3.64,7.28
2786,501468,Fruit Cup,Snack,1,3.44,3.44
2787,501469,Fruit Cup,Snack,1,3.46,3.46
2788,501469,Iced Tea,Beverage,1,3.44,3.44
2789,501470,Cappuccino,Beverage,1,4.14,4.14
2790,501470,Granola Bar,Snack,1,2.68,2.68
2791,501470,Fruit Cup,Snack,1,3.4,3.4
2792,501471,Blueberry Muffin,Bakery,1,3.75,3.75
2793,501472,Turkey Sandwich,Food,1,8.28,8.28
2794,501473,Chocolate Chip Cookie,Bakery,1,2.49,2.49
2795,501473,Cold Brew,Beverage,1,4.74,4.74
2796,501473,Fruit Cup,Snack,1,3.4,3.4
2797,501474,Caesar Salad,Food,1,8.21,8.21
2798,501474,Croissant,Bakery,2,3.23,6.46
2799,501475,Cold Brew,Beverage,1,4.67,4.67
2800,501475,Blueberry Muffin,Bakery,1,3.7,3.7
2801,501476,Iced Tea,Beverage,2,3.4,6.8
2802,501477,Granola Bar,Snack,1,2.73,2.73
2803,501478,Blueberry Muffin,Bakery,1,3.66,3.66
2804,501478,Croissant,Bakery,1,3.23,3.23
2805,501479,Granola Bar,Snack,1,2.69,2.69
2806,501479,Latte,Beverage,2,4.48,8.96
2807,501479,Veggie Wrap,Food,2,7.53,15.06
2808,501479,Caesar Salad,Food,1,8.03,8.03
2809,501480,Chocolate Chip Cookie,Bakery,1,2.47,2.47
2810,501480,Cold Brew,Beverage,1,4.71,4.71
2811,501480,Turkey Sandwich,Food,2,8.46,16.92
2812,501480,Croissant,Bakery,1,3.22,3.22
2813,501481,Croissant,Bakery,1,3.15,3.15
2814,501482,Croissant,Bakery,1,3.21,3.21
2815,501483,Latte,Beverage,1,4.42,4.42
2816,501484,Blueberry Muffin,Bakery,1,3.67,3.67
2817,501484,Cappuccino,Beverage,1,4.24,4.24
2818,501484,Veggie Wrap,Food,1,7.59,7.59
2819,501485,Veggie Wrap,Food,1,7.55,7.55
2820,501485,Croissant,Bakery,1,3.17,3.17
2821,501486,Caesar Salad,Food,1,8.19,8.19
2822,501486,Croissant,Bakery,1,3.18,3.18
2823,501487,Turkey Sandwich,Food,2,8.38,16.76
2824,501488,Latte,Beverage,1,4.45,4.45
2825,501488,Espresso,Beverage,2,2.93,5.86
2826,501489,Blueberry Muffin,Bakery,1,3.74,3.74
2827,501489,Avocado Toast,Food,1,7.47,7.47
2828,501490,Chocolate Chip Cookie,Bakery,1,2.48,2.48
2829,501490,Avocado Toast,Food,1,7.39,7.39
2830,501491,Avocado Toast,Food,1,7.4,7.4
2831,501492,Veggie Wrap,Food,1,7.68,7.68
2832,501492,Caesar Salad,Food,1,8.02,8.02
2833,501493,Caesar Salad,Food,1,8.05,8.05
2834,501493,Chocolate Chip Cookie,Bakery,2,2.48,4.96
2835,501493,Veggie Wrap,Food,1,7.74,7.74
2836,501494,Caesar Salad,Food,2,8.02,16.04
2837,501495,Latte,Beverage,1,4.43,4.43
2838,501496,Turkey Sandwich,Food,1,8.41,8.41
2839,501496,Cold Brew,Beverage,1,4.65,4.65
2840,501496,Fruit Cup,Snack,1,3.42,3.42
2841,501497,Caesar Salad,Food,2,8.17,16.34
2842,501497,Cold Brew,Beverage,1,4.74,4.74
2843,501497,Croissant,Bakery,2,3.2,6.4
2844,501498,Cappuccino,Beverage,1,4.13,4.13
2845,501498,Granola Bar,Snack,1,2.74,2.74
2846,501499,Granola Bar,Snack,1,2.73,2.73
2847,501500,Fruit Cup,Snack,1,3.49,3.49
2848,501501,Blueberry Muffin,Bakery,1,3.69,3.69
2849,501502,Latte,Beverage,1,4.43,4.43
2850,501503,Latte,Beverage,1,4.48,4.48
2851,501504,Cold Brew,Beverage,1,4.74,4.74
2852,501504,Cappuccino,Beverage,1,4.21,4.21
2853,501504,Iced Tea,Beverage,1,3.46,3.46
2854,501505,Latte,Beverage,1,4.4,4.4
2855,501506,Cold Brew,Beverage,1,4.72,4.72
2856,501506,Cappuccino,Beverage,1,4.16,4.16
2857,501506,Chocolate Chip Cookie,Bakery,1,2.49,2.49
2858,501506,Croissant,Bakery,1,3.16,3.16
2859,501507,Croissant,Bakery,1,3.21,3.21
2860,501508,Chocolate Chip Cookie,Bakery,1,2.45,2.45
2861,501509,Fruit Cup,Snack,1,3.41,3.41
2862,501509,Latte,Beverage,1,4.42,4.42
2863,501510,Latte,Beverage,1,4.48,4.48
2864,501510,Fruit Cup,Snack,1,3.43,3.43
2865,501511,Iced Tea,Beverage,1,3.44,3.44
2866,501511,Cappuccino,Beverage,1,4.24,4.24
2867,501512,Chocolate Chip Cookie,Bakery,1,2.45,2.45
2868,501513,Fruit Cup,Snack,1,3.5,3.5
2869,501514,Caesar Salad,Food,1,8.2,8.2
2870,501515,Blueberry Muffin,Bakery,1,3.73,3.73
2871,501515,Fruit Cup,Snack,1,3.43,3.43
2872,501515,Iced Tea,Beverage,2,3.45,6.9
2873,501516,Caesar Salad,Food,1,8.05,8.05
2874,501516,Latte,Beverage,2,4.48,8.96
2875,501517,Avocado Toast,Food,1,7.4,7.4
2876,501517,Cappuccino,Beverage,1,4.18,4.18
2877,501517,Cold Brew,Beverage,2,4.63,9.26
2878,501517,Veggie Wrap,Food,1,7.69,7.69
2879,501518,Caesar Salad,Food,1,8.08,8.08
2880,501519,Granola Bar,Snack,1,2.69,2.69
2881,501519,Turkey Sandwich,Food,2,8.28,16.56
2882,501519,Chocolate Chip Cookie,Bakery,1,2.44,2.44
2883,501520,Espresso,Beverage,2,2.95,5.9
2884,501521,Cold Brew,Beverage,1,4.74,4.74
2885,501522,Chocolate Chip Cookie,Bakery,1,2.45,2.45
2886,501523,Bagel with Cream Cheese,Bakery,1,3.92,3.92
2887,501524,Croissant,Bakery,1,3.21,3.21
2888,501524,Veggie Wrap,Food,1,7.55,7.55
2889,501524,Espresso,Beverage,1,2.93,2.93
2890,501525,Espresso,Beverage,1,2.97,2.97
2891,501526,Cold Brew,Beverage,1,4.72,4.72
2892,501526,Turkey Sandwich,Food,1,8.36,8.36
2893,501526,Veggie Wrap,Food,2,7.69,15.38
2894,501527,Fruit Cup,Snack,1,3.46,3.46
2895,501528,Iced Tea,Beverage,1,3.5,3.5
2896,501528,Turkey Sandwich,Food,1,8.45,8.45
2897,501528,Fruit Cup,Snack,1,3.48,3.48
2898,501528,Cappuccino,Beverage,1,4.25,4.25
2899,501529,Chocolate Chip Cookie,Bakery,1,2.46,2.46
2900,501530,Veggie Wrap,Food,1,7.58,7.58
2901,501531,Bagel with Cream Cheese,Bakery,1,3.88,3.88
2902,501531,Veggie Wrap,Food,2,7.69,15.38
2903,501532,Avocado Toast,Food,1,7.31,7.31
2904,501533,Espresso,Beverage,1,2.97,2.97
2905,501533,Croissant,Bakery,2,3.24,6.48
2906,501534,Cappuccino,Beverage,1,4.15,4.15
2907,501534,Turkey Sandwich,Food,1,8.27,8.27
2908,501534,Cold Brew,Beverage,1,4.69,4.69
2909,501535,Croissant,Bakery,1,3.23,3.23
2910,501536,Veggie Wrap,Food,2,7.71,15.42
2911,501537,Turkey Sandwich,Food,2,8.33,16.66
2912,501537,Veggie Wrap,Food,2,7.67,15.34
2913,501537,Chocolate Chip Cookie,Bakery,1,2.49,2.49
2914,501538,Latte,Beverage,1,4.39,4.39
2915,501539,Avocado Toast,Food,1,7.29,7.29
2916,501540,Latte,Beverage,2,4.49,8.98
2917,501540,Iced Tea,Beverage,1,3.43,3.43
2918,501540,Caesar Salad,Food,1,8.03,8.03
2919,501540,Turkey Sandwich,Food,1,8.33,8.33
2920,501541,Croissant,Bakery,1,3.23,3.23
2921,501542,Blueberry Muffin,Bakery,2,3.69,7.38
2922,501543,Caesar Salad,Food,1,8.07,8.07
2923,501543,Veggie Wrap,Food,1,7.52,7.52
2924,501544,Latte,Beverage,1,4.41,4.41
2925,501544,Caesar Salad,Food,2,8.04,16.08
2926,501544,Chocolate Chip Cookie,Bakery,1,2.45,2.45
2927,501545,Iced Tea,Beverage,1,3.43,3.43
2928,501545,Cappuccino,Beverage,1,4.13,4.13
2929,501546,Fruit Cup,Snack,2,3.4,6.8
2930,501546,Bagel with Cream Cheese,Bakery,1,3.92,3.92
2931,501547,Turkey Sandwich,Food,1,8.41,8.41
2932,501548,Turkey Sandwich,Food,1,8.47,8.47
2933,501548,Latte,Beverage,1,4.42,4.42
2934,501549,Latte,Beverage,1,4.39,4.39
2935,501550,Latte,Beverage,2,4.37,8.74
2936,501550,Veggie Wrap,Food,1,7.74,7.74
2937,501551,Fruit Cup,Snack,1,3.5,3.5
2938,501552,Veggie Wrap,Food,1,7.6,7.6
2939,501552,Latte,Beverage,1,4.45,4.45
2940,501552,Croissant,Bakery,1,3.25,3.25
2941,501552,Cappuccino,Beverage,1,4.2,4.2
2942,501553,Blueberry Muffin,Bakery,1,3.64,3.64
2943,501554,Blueberry Muffin,Bakery,1,3.71,3.71
2944,501554,Caesar Salad,Food,1,8.22,8.22
2945,501555,Croissant,Bakery,1,3.16,3.16
2946,501556,Chocolate Chip Cookie,Bakery,1,2.49,2.49
2947,501557,Iced Tea,Beverage,1,3.45,3.45
2948,501557,Veggie Wrap,Food,1,7.74,7.74
2949,501558,Cappuccino,Beverage,1,4.18,4.18
2950,501558,Avocado Toast,Food,1,7.47,7.47
2951,501559,Blueberry Muffin,Bakery,1,3.71,3.71
2952,501559,Veggie Wrap,Food,1,7.75,7.75
2953,501559,Cold Brew,Beverage,1,4.65,4.65
2954,501560,Fruit Cup,Snack,1,3.45,3.45
2955,501560,Chocolate Chip Cookie,Bakery,1,2.43,2.43
2956,501561,Bagel with Cream Cheese,Bakery,1,3.89,3.89
2957,501561,Croissant,Bakery,1,3.19,3.19
2958,501562,Bagel with Cream Cheese,Bakery,1,3.98,3.98
2959,501563,Veggie Wrap,Food,2,7.54,15.08
2960,501563,Cappuccino,Beverage,1,4.16,4.16
2961,501564,Cappuccino,Beverage,1,4.13,4.13
2962,501564,Veggie Wrap,Food,1,7.7,7.7
2963,501564,Granola Bar,Snack,1,2.73,2.73
2964,501565,Turkey Sandwich,Food,1,8.27,8.27
2965,501566,Espresso,Beverage,1,2.97,2.97
2966,501566,Granola Bar,Snack,1,2.7,2.7
2967,501566,Cold Brew,Beverage,1,4.61,4.61
2968,501567,Caesar Salad,Food,1,8.17,8.17
2969,501567,Fruit Cup,Snack,1,3.41,3.41
2970,501568,Fruit Cup,Snack,1,3.43,3.43
2971,501569,Croissant,Bakery,1,3.15,3.15
2972,501569,Cold Brew,Beverage,1,4.71,4.71
2973,501569,Fruit Cup,Snack,1,3.47,3.47
2974,501569,Iced Tea,Beverage,1,3.41,3.41
2975,501570,Avocado Toast,Food,1,7.47,7.47
2976,501570,Croissant,Bakery,2,3.18,6.36
2977,501571,Latte,Beverage,1,4.41,4.41
2978,501571,Cold Brew,Beverage,1,4.62,4.62
2979,501572,Blueberry Muffin,Bakery,1,3.7,3.7
2980,501572,Caesar Salad,Food,1,8.11,8.11
2981,501572,Turkey Sandwich,Food,1,8.47,8.47
2982,501572,Avocado Toast,Food,2,7.3,14.6
2983,501573,Turkey Sandwich,Food,1,8.49,8.49
2984,501574,Veggie Wrap,Food,1,7.73,7.73
2985,501575,Granola Bar,Snack,1,2.72,2.72
2986,501575,Iced Tea,Beverage,1,3.42,3.42
2987,501575,Fruit Cup,Snack,1,3.41,3.41
2988,501576,Blueberry Muffin,Bakery,1,3.67,3.67
2989,501577,Cappuccino,Beverage,1,4.14,4.14
2990,501578,Croissant,Bakery,1,3.21,3.21
2991,501578,Turkey Sandwich,Food,1,8.49,8.49
2992,501579,Granola Bar,Snack,1,2.72,2.72
2993,501579,Cappuccino,Beverage,1,4.23,4.23
2994,501579,Croissant,Bakery,1,3.21,3.21
2995,501580,Veggie Wrap,Food,1,7.53,7.53
2996,501580,Granola Bar,Snack,1,2.74,2.74
2997,501580,Turkey Sandwich,Food,1,8.26,8.26
2998,501581,Espresso,Beverage,1,2.97,2.97
2999,501582,Croissant,Bakery,1,3.23,3.23
3000,501583,Caesar Salad,Food,1,8.13,8.13
3001,501584,Croissant,Bakery,2,3.22,6.44
3002,501585,Latte,Beverage,1,4.41,4.41
3003,501586,Fruit Cup,Snack,1,3.4,3.4
3004,501586,Caesar Salad,Food,2,8.19,16.38
3005,501586,Espresso,Beverage,1,2.94,2.94
3006,501587,Avocado Toast,Food,1,7.31,7.31
3007,501588,Espresso,Beverage,1,2.94,2.94
3008,501588,Cold Brew,Beverage,1,4.75,4.75
3009,501589,Iced Tea,Beverage,2,3.46,6.92
3010,501589,Caesar Salad,Food,1,8.09,8.09
3011,501590,Iced Tea,Beverage,1,3.42,3.42
3012,501590,Turkey Sandwich,Food,1,8.3,8.3
3013,501591,Fruit Cup,Snack,2,3.41,6.82
3014,501591,Croissant,Bakery,1,3.2,3.2
3015,501591,Veggie Wrap,Food,1,7.73,7.73
3016,501592,Croissant,Bakery,1,3.24,3.24
3017,501592,Avocado Toast,Food,1,7.45,7.45
3018,501592,Latte,Beverage,1,4.4,4.4
3019,501592,Granola Bar,Snack,1,2.73,2.73
3020,501593,Fruit Cup,Snack,1,3.49,3.49
3021,501594,Chocolate Chip Cookie,Bakery,1,2.46,2.46
3022,501595,Turkey Sandwich,Food,1,8.33,8.33
3023,501595,Cold Brew,Beverage,1,4.74,4.74
3024,501595,Granola Bar,Snack,2,2.7,5.4
3025,501596,Croissant,Bakery,1,3.16,3.16
3026,501596,Turkey Sandwich,Food,1,8.4,8.4
3027,501597,Avocado Toast,Food,1,7.43,7.43
3028,501597,Espresso,Beverage,1,2.99,2.99
3029,501598,Blueberry Muffin,Bakery,1,3.7,3.7
3030,501599,Blueberry Muffin,Bakery,1,3.75,3.75
3031,501599,Latte,Beverage,1,4.45,4.45
3032,501599,Cappuccino,Beverage,1,4.12,4.12
3033,501600,Bagel with Cream Cheese,Bakery,1,3.91,3.91
3034,501601,Caesar Salad,Food,2,8.15,16.3
3035,501602,Cold Brew,Beverage,1,4.62,4.62
3036,501602,Croissant,Bakery,1,3.2,3.2
3037,501603,Turkey Sandwich,Food,1,8.35,8.35
3038,501604,Cold Brew,Beverage,2,4.7,9.4
3039,501605,Croissant,Bakery,1,3.19,3.19
3040,501605,Bagel with Cream Cheese,Bakery,2,3.9,7.8
3041,501605,Veggie Wrap,Food,1,7.55,7.55
3042,501606,Caesar Salad,Food,1,8.23,8.23
3043,501606,Bagel with Cream Cheese,Bakery,1,3.9,3.9
3044,501607,Cappuccino,Beverage,1,4.21,4.21
3045,501608,Granola Bar,Snack,2,2.73,5.46
3046,501608,Bagel with Cream Cheese,Bakery,1,3.94,3.94
3047,501609,Fruit Cup,Snack,1,3.45,3.45
3048,501609,Turkey Sandwich,Food,1,8.26,8.26
3049,501609,Bagel with Cream Cheese,Bakery,1,3.93,3.93
3050,501609,Latte,Beverage,1,4.37,4.37
3051,501610,Fruit Cup,Snack,1,3.49,3.49
3052,501610,Espresso,Beverage,1,2.95,2.95
3053,501610,Cold Brew,Beverage,1,4.62,4.62
3054,501611,Bagel with Cream Cheese,Bakery,1,3.99,3.99
3055,501611,Granola Bar,Snack,1,2.73,2.73
3056,501612,Fruit Cup,Snack,1,3.47,3.47
3057,501613,Cappuccino,Beverage,1,4.15,4.15
3058,501614,Caesar Salad,Food,2,8.18,16.36
3059,501615,Avocado Toast,Food,1,7.33,7.33
3060,501616,Cold Brew,Beverage,1,4.64,4.64
3061,501616,Blueberry Muffin,Bakery,1,3.7,3.7
3062,501617,Chocolate Chip Cookie,Bakery,1,2.5,2.5
3063,501618,Espresso,Beverage,1,2.98,2.98
3064,501618,Caesar Salad,Food,1,8.13,8.13
3065,501618,Croissant,Bakery,1,3.23,3.23
3066,501619,Cold Brew,Beverage,2,4.74,9.48
3067,501619,Bagel with Cream Cheese,Bakery,1,3.88,3.88
3068,501620,Granola Bar,Snack,2,2.67,5.34
3069,501621,Cappuccino,Beverage,1,4.15,4.15
3070,501621,Granola Bar,Snack,1,2.69,2.69
3071,501622,Veggie Wrap,Food,1,7.55,7.55
3072,501622,Fruit Cup,Snack,2,3.4,6.8
3073,501622,Latte,Beverage,2,4.39,8.78
3074,501622,Granola Bar,Snack,1,2.74,2.74
3075,501623,Veggie Wrap,Food,1,7.73,7.73
3076,501623,Cold Brew,Beverage,1,4.63,4.63
3077,501624,Blueberry Muffin,Bakery,1,3.73,3.73
3078,501625,Espresso,Beverage,1,2.92,2.92
3079,501625,Chocolate Chip Cookie,Bakery,2,2.43,4.86
3080,501626,Fruit Cup,Snack,1,3.43,3.43
3081,501626,Caesar Salad,Food,1,8.09,8.09
3082,501627,Cappuccino,Beverage,1,4.25,4.25
3083,501627,Croissant,Bakery,1,3.23,3.23
3084,501628,Cold Brew,Beverage,1,4.69,4.69
3085,501629,Caesar Salad,Food,1,8.2,8.2
3086,501629,Veggie Wrap,Food,1,7.7,7.7
3087,501629,Cold Brew,Beverage,1,4.72,4.72
3088,501630,Granola Bar,Snack,1,2.7,2.7
3089,501631,Blueberry Muffin,Bakery,1,3.66,3.66
3090,501632,Turkey Sandwich,Food,1,8.43,8.43
3091,501632,Cold Brew,Beverage,1,4.74,4.74
3092,501633,Cold Brew,Beverage,2,4.68,9.36
3093,501634,Bagel with Cream Cheese,Bakery,1,3.99,3.99
3094,501634,Iced Tea,Beverage,1,3.45,3.45
3095,501635,Granola Bar,Snack,1,2.73,2.73
3096,501635,Chocolate Chip Cookie,Bakery,1,2.5,2.5
3097,501636,Iced Tea,Beverage,2,3.47,6.94
3098,501637,Chocolate Chip Cookie,Bakery,1,2.43,2.43
3099,501637,Avocado Toast,Food,1,7.43,7.43
3100,501637,Bagel with Cream Cheese,Bakery,1,3.95,3.95
3101,501638,Cold Brew,Beverage,1,4.68,4.68
3102,501639,Blueberry Muffin,Bakery,1,3.7,3.7
3103,501639,Latte,Beverage,2,4.42,8.84
3104,501640,Veggie Wrap,Food,1,7.61,7.61
3105,501641,Veggie Wrap,Food,2,7.59,15.18
3106,501642,Chocolate Chip Cookie,Bakery,1,2.49,2.49
3107,501643,Espresso,Beverage,1,2.94,2.94
3108,501643,Granola Bar,Snack,2,2.74,5.48
3109,501643,Caesar Salad,Food,1,8.18,8.18
3110,501643,Veggie Wrap,Food,1,7.71,7.71
3111,501644,Turkey Sandwich,Food,1,8.26,8.26
3112,501645,Avocado Toast,Food,1,7.31,7.31
3113,501646,Turkey Sandwich,Food,1,8.41,8.41
3114,501646,Fruit Cup,Snack,2,3.43,6.86
3115,501647,Cappuccino,Beverage,1,4.21,4.21
3116,501648,Blueberry Muffin,Bakery,1,3.7,3.7
3117,501648,Caesar Salad,Food,1,8.18,8.18
3118,501648,Croissant,Bakery,1,3.17,3.17
3119,501649,Cold Brew,Beverage,1,4.62,4.62
3120,501650,Cappuccino,Beverage,1,4.13,4.13
3121,501651,Turkey Sandwich,Food,1,8.35,8.35
3122,501651,Cappuccino,Beverage,1,4.24,4.24
3123,501652,Fruit Cup,Snack,1,3.44,3.44
3124,501652,Caesar Salad,Food,1,8.2,8.2
3125,501653,Caesar Salad,Food,1,8.18,8.18
3126,501653,Chocolate Chip Cookie,Bakery,1,2.46,2.46
3127,501653,Granola Bar,Snack,1,2.73,2.73
3128,501654,Bagel with Cream Cheese,Bakery,2,3.9,7.8
3129,501655,Bagel with Cream Cheese,Bakery,1,3.92,3.92
3130,501656,Chocolate Chip Cookie,Bakery,2,2.48,4.96
3131,501656,Latte,Beverage,1,4.46,4.46
3132,501656,Croissant,Bakery,1,3.21,3.21
3133,501657,Avocado Toast,Food,1,7.37,7.37
3134,501658,Iced Tea,Beverage,1,3.45,3.45
3135,501658,Espresso,Beverage,1,2.99,2.99
3136,501659,Latte,Beverage,1,4.42,4.42
3137,501660,Turkey Sandwich,Food,1,8.5,8.5
3138,501661,Fruit Cup,Snack,1,3.4,3.4
3139,501662,Chocolate Chip Cookie,Bakery,1,2.5,2.5
3140,501662,Cappuccino,Beverage,1,4.22,4.22
3141,501662,Veggie Wrap,Food,2,7.64,15.28
3142,501663,Cold Brew,Beverage,1,4.66,4.66
3143,501663,Fruit Cup,Snack,2,3.4,6.8
3144,501663,Espresso,Beverage,1,2.95,2.95
3145,501663,Veggie Wrap,Food,1,7.61,7.61
3146,501664,Cold Brew,Beverage,1,4.66,4.66
3147,501664,Fruit Cup,Snack,1,3.45,3.45
3148,501665,Latte,Beverage,1,4.43,4.43
3149,501665,Veggie Wrap,Food,1,7.59,7.59
3150,501666,Bagel with Cream Cheese,Bakery,1,3.95,3.95
3151,501667,Latte,Beverage,1,4.38,4.38
3152,501667,Caesar Salad,Food,1,8.18,8.18
3153,501668,Cold Brew,Beverage,2,4.71,9.42
3154,501668,Espresso,Beverage,1,2.96,2.96
3155,501668,Veggie Wrap,Food,1,7.68,7.68
3156,501669,Blueberry Muffin,Bakery,1,3.7,3.7
3157,501669,Fruit Cup,Snack,1,3.41,3.41
3158,501670,Veggie Wrap,Food,1,7.6,7.6
3159,501671,Iced Tea,Beverage,1,3.48,3.48
3160,501671,Espresso,Beverage,1,2.94,2.94
3161,501671,Latte,Beverage,1,4.46,4.46
3162,501672,Espresso,Beverage,1,2.95,2.95
3163,501673,Veggie Wrap,Food,1,7.52,7.52
3164,501674,Cappuccino,Beverage,2,4.22,8.44
3165,501674,Latte,Beverage,1,4.4,4.4
3166,501675,Croissant,Bakery,1,3.16,3.16
3167,501675,Turkey Sandwich,Food,1,8.3,8.3
3168,501676,Granola Bar,Snack,2,2.73,5.46
3169,501677,Blueberry Muffin,Bakery,1,3.73,3.73
3170,501677,Iced Tea,Beverage,2,3.44,6.88
3171,501677,Chocolate Chip Cookie,Bakery,1,2.43,2.43
3172,501678,Espresso,Beverage,1,2.96,2.96
3173,501678,Turkey Sandwich,Food,1,8.45,8.45
3174,501678,Veggie Wrap,Food,1,7.56,7.56
3175,501679,Fruit Cup,Snack,2,3.43,6.86
3176,501679,Cappuccino,Beverage,1,4.13,4.13
3177,501679,Caesar Salad,Food,1,8.06,8.06
3178,501680,Turkey Sandwich,Food,2,8.47,16.94
3179,501681,Avocado Toast,Food,1,7.47,7.47
3180,501681,Turkey Sandwich,Food,1,8.32,8.32
3181,501682,Bagel with Cream Cheese,Bakery,1,3.96,3.96
3182,501682,Caesar Salad,Food,1,8.05,8.05
3183,501683,Chocolate Chip Cookie,Bakery,1,2.45,2.45
3184,501684,Croissant,Bakery,1,3.18,3.18
3185,501685,Cappuccino,Beverage,1,4.21,4.21
3186,501685,Granola Bar,Snack,2,2.74,5.48
3187,501686,Bagel with Cream Cheese,Bakery,1,3.92,3.92
3188,501686,Fruit Cup,Snack,1,3.46,3.46
3189,501686,Cappuccino,Beverage,1,4.2,4.2
3190,501687,Blueberry Muffin,Bakery,1,3.65,3.65
3191,501687,Cappuccino,Beverage,1,4.13,4.13
3192,501687,Veggie Wrap,Food,1,7.7,7.7
3193,501688,Fruit Cup,Snack,1,3.49,3.49
3194,501688,Caesar Salad,Food,1,8.02,8.02
3195,501688,Veggie Wrap,Food,1,7.61,7.61
3196,501689,Granola Bar,Snack,1,2.67,2.67
3197,501689,Caesar Salad,Food,2,8.19,16.38
3198,501689,Croissant,Bakery,1,3.15,3.15
3199,501689,Blueberry Muffin,Bakery,2,3.66,7.32
3200,501690,Veggie Wrap,Food,2,7.61,15.22
3201,501691,Chocolate Chip Cookie,Bakery,1,2.43,2.43
3202,501691,Avocado Toast,Food,1,7.41,7.41
3203,501691,Granola Bar,Snack,1,2.73,2.73
3204,501692,Blueberry Muffin,Bakery,2,3.66,7.32
3205,501693,Fruit Cup,Snack,2,3.45,6.9
3206,501693,Cold Brew,Beverage,1,4.73,4.73
3207,501694,Avocado Toast,Food,1,7.46,7.46
3208,501694,Veggie Wrap,Food,1,7.54,7.54
3209,501695,Caesar Salad,Food,1,8.09,8.09
3210,501696,Avocado Toast,Food,1,7.29,7.29
3211,501697,Granola Bar,Snack,1,2.72,2.72
3212,501698,Iced Tea,Beverage,1,3.46,3.46
3213,501699,Granola Bar,Snack,2,2.73,5.46
3214,501700,Caesar Salad,Food,2,8.2,16.4
3215,501701,Fruit Cup,Snack,1,3.43,3.43
3216,501702,Blueberry Muffin,Bakery,1,3.71,3.71
3217,501702,Veggie Wrap,Food,1,7.52,7.52
3218,501702,Espresso,Beverage,1,2.99,2.99
3219,501703,Cappuccino,Beverage,1,4.19,4.19
3220,501704,Fruit Cup,Snack,1,3.46,3.46
3221,501705,Blueberry Muffin,Bakery,1,3.74,3.74
3222,501705,Chocolate Chip Cookie,Bakery,1,2.44,2.44
3223,501706,Chocolate Chip Cookie,Bakery,1,2.49,2.49
3224,501706,Turkey Sandwich,Food,1,8.25,8.25
3225,501707,Chocolate Chip Cookie,Bakery,1,2.48,2.48
3226,501708,Turkey Sandwich,Food,1,8.33,8.33
3227,501708,Iced Tea,Beverage,1,3.4,3.4
3228,501709,Cold Brew,Beverage,1,4.74,4.74
3229,501710,Bagel with Cream Cheese,Bakery,1,3.9,3.9
3230,501711,Veggie Wrap,Food,1,7.66,7.66
3231,501712,Granola Bar,Snack,1,2.71,2.71
3232,501712,Croissant,Bakery,1,3.22,3.22
3233,501712,Blueberry Muffin,Bakery,2,3.72,7.44
3234,501713,Espresso,Beverage,1,2.97,2.97
3235,501713,Veggie Wrap,Food,2,7.66,15.32
3236,501714,Iced Tea,Beverage,1,3.46,3.46
3237,501714,Espresso,Beverage,1,2.96,2.96
3238,501714,Avocado Toast,Food,1,7.4,7.4
3239,501715,Cappuccino,Beverage,1,4.17,4.17
3240,501716,Blueberry Muffin,Bakery,1,3.67,3.67
3241,501716,Granola Bar,Snack,2,2.67,5.34
3242,501716,Cold Brew,Beverage,2,4.65,9.3
3243,501717,Espresso,Beverage,1,2.92,2.92
3244,501718,Latte,Beverage,1,4.45,4.45
3245,501718,Fruit Cup,Snack,1,3.4,3.4
3246,501718,Caesar Salad,Food,1,8.11,8.11
3247,501719,Avocado Toast,Food,1,7.45,7.45
3248,501720,Latte,Beverage,1,4.39,4.39
3249,501721,Fruit Cup,Snack,1,3.43,3.43
3250,501722,Cappuccino,Beverage,2,4.13,8.26
3251,501722,Turkey Sandwich,Food,1,8.48,8.48
3252,501723,Granola Bar,Snack,1,2.67,2.67
3253,501724,Cappuccino,Beverage,1,4.13,4.13
3254,501724,Fruit Cup,Snack,1,3.41,3.41
3255,501725,Caesar Salad,Food,1,8.2,8.2
3256,501725,Cold Brew,Beverage,1,4.75,4.75
3257,501726,Espresso,Beverage,1,2.95,2.95
3258,501726,Cold Brew,Beverage,1,4.71,4.71
3259,501726,Cappuccino,Beverage,1,4.22,4.22
3260,501727,Caesar Salad,Food,1,8.07,8.07
3261,501727,Latte,Beverage,1,4.45,4.45
3262,501727,Turkey Sandwich,Food,1,8.29,8.29
3263,501728,Granola Bar,Snack,2,2.75,5.5
3264,501728,Chocolate Chip Cookie,Bakery,2,2.43,4.86
3265,501729,Fruit Cup,Snack,1,3.47,3.47
3266,501730,Turkey Sandwich,Food,1,8.48,8.48
3267,501730,Espresso,Beverage,2,2.93,5.86
3268,501730,Veggie Wrap,Food,1,7.6,7.6
3269,501730,Blueberry Muffin,Bakery,1,3.7,3.7
3270,501731,Chocolate Chip Cookie,Bakery,1,2.5,2.5
3271,501732,Fruit Cup,Snack,1,3.46,3.46
3272,501732,Iced Tea,Beverage,1,3.43,3.43
3273,501732,Cappuccino,Beverage,1,4.17,4.17
3274,501732,Bagel with Cream Cheese,Bakery,2,3.89,7.78
3275,501733,Blueberry Muffin,Bakery,1,3.66,3.66
3276,501734,Fruit Cup,Snack,1,3.48,3.48
3277,501734,Chocolate Chip Cookie,Bakery,1,2.44,2.44
3278,501734,Granola Bar,Snack,1,2.73,2.73
3279,501734,Caesar Salad,Food,1,8.17,8.17
3280,501735,Latte,Beverage,1,4.48,4.48
3281,501735,Bagel with Cream Cheese,Bakery,1,3.94,3.94
3282,501735,Chocolate Chip Cookie,Bakery,1,2.48,2.48
3283,501736,Croissant,Bakery,1,3.25,3.25
3284,501736,Latte,Beverage,1,4.38,4.38
3285,501737,Latte,Beverage,1,4.38,4.38
3286,501737,Cappuccino,Beverage,1,4.16,4.16
3287,501738,Croissant,Bakery,1,3.24,3.24
3288,501738,Blueberry Muffin,Bakery,1,3.68,3.68
3289,501739,Croissant,Bakery,1,3.18,3.18
3290,501740,Chocolate Chip Cookie,Bakery,2,2.48,4.96
3291,501740,Latte,Beverage,1,4.38,4.38
3292,501740,Iced Tea,Beverage,1,3.46,3.46
3293,501741,Avocado Toast,Food,1,7.38,7.38
3294,501741,Caesar Salad,Food,1,8.08,8.08
3295,501742,Fruit Cup,Snack,2,3.48,6.96
3296,501743,Granola Bar,Snack,1,2.75,2.75
3297,501744,Avocado Toast,Food,2,7.38,14.76
3298,501744,Cold Brew,Beverage,1,4.63,4.63
3299,501745,Veggie Wrap,Food,1,7.72,7.72
3300,501745,Cold Brew,Beverage,1,4.7,4.7
3301,501746,Espresso,Beverage,1,2.99,2.99
3302,501746,Cold Brew,Beverage,1,4.74,4.74
3303,501746,Bagel with Cream Cheese,Bakery,1,3.92,3.92
3304,501747,Bagel with Cream Cheese,Bakery,2,3.89,7.78
3305,501747,Turkey Sandwich,Food,1,8.4,8.4
3306,501747,Latte,Beverage,1,4.45,4.45
3307,501748,Turkey Sandwich,Food,1,8.42,8.42
3308,501748,Iced Tea,Beverage,2,3.49,6.98
3309,501749,Turkey Sandwich,Food,1,8.35,8.35
3310,501749,Avocado Toast,Food,1,7.32,7.32
3311,501749,Veggie Wrap,Food,1,7.7,7.7
3312,501749,Fruit Cup,Snack,2,3.42,6.84
3313,501750,Blueberry Muffin,Bakery,1,3.68,3.68
3314,501750,Latte,Beverage,1,4.4,4.4
3315,501751,Avocado Toast,Food,1,7.31,7.31
3316,501751,Veggie Wrap,Food,1,7.68,7.68
3317,501752,Croissant,Bakery,1,3.16,3.16
3318,501752,Veggie Wrap,Food,1,7.62,7.62
3319,501753,Cappuccino,Beverage,1,4.19,4.19
3320,501753,Espresso,Beverage,1,2.94,2.94
3321,501754,Cappuccino,Beverage,1,4.21,4.21
3322,501754,Granola Bar,Snack,1,2.73,2.73
3323,501754,Cold Brew,Beverage,1,4.64,4.64
3324,501754,Latte,Beverage,1,4.48,4.48
3325,501755,Iced Tea,Beverage,1,3.46,3.46
3326,501756,Bagel with Cream Cheese,Bakery,1,3.95,3.95
3327,501757,Blueberry Muffin,Bakery,1,3.73,3.73
3328,501757,Fruit Cup,Snack,1,3.43,3.43
3329,501757,Veggie Wrap,Food,1,7.54,7.54
3330,501757,Espresso,Beverage,2,2.97,5.94
3331,501758,Veggie Wrap,Food,1,7.61,7.61
3332,501758,Blueberry Muffin,Bakery,1,3.65,3.65
3333,501758,Latte,Beverage,1,4.37,4.37
3334,501759,Blueberry Muffin,Bakery,1,3.75,3.75
3335,501759,Croissant,Bakery,1,3.18,3.18
3336,501760,Espresso,Beverage,1,2.95,2.95
3337,501760,Blueberry Muffin,Bakery,1,3.74,3.74
3338,501761,Blueberry Muffin,Bakery,1,3.74,3.74
3339,501761,Cappuccino,Beverage,2,4.13,8.26
3340,501761,Croissant,Bakery,1,3.21,3.21
3341,501762,Croissant,Bakery,1,3.2,3.2
3342,501762,Fruit Cup,Snack,1,3.45,3.45
3343,501763,Cappuccino,Beverage,2,4.2,8.4
3344,501763,Fruit Cup,Snack,1,3.46,3.46
3345,501763,Granola Bar,Snack,1,2.69,2.69
3346,501764,Caesar Salad,Food,1,8.14,8.14
3347,501765,Bagel with Cream Cheese,Bakery,1,3.88,3.88
3348,501765,Avocado Toast,Food,1,7.39,7.39
3349,501766,Chocolate Chip Cookie,Bakery,1,2.47,2.47
3350,501766,Blueberry Muffin,Bakery,1,3.65,3.65
3351,501766,Fruit Cup,Snack,1,3.5,3.5
3352,501766,Bagel with Cream Cheese,Bakery,1,3.9,3.9
3353,501767,Cold Brew,Beverage,1,4.66,4.66
3354,501767,Blueberry Muffin,Bakery,1,3.74,3.74
3355,501767,Cappuccino,Beverage,1,4.25,4.25
3356,501767,Fruit Cup,Snack,1,3.45,3.45
3357,501768,Granola Bar,Snack,1,2.74,2.74
3358,501768,Croissant,Bakery,1,3.18,3.18
3359,501769,Granola Bar,Snack,1,2.69,2.69
3360,501769,Chocolate Chip Cookie,Bakery,1,2.47,2.47
3361,501770,Croissant,Bakery,1,3.16,3.16
3362,501770,Chocolate Chip Cookie,Bakery,1,2.46,2.46
3363,501770,Caesar Salad,Food,1,8.23,8.23
3364,501771,Turkey Sandwich,Food,2,8.31,16.62
3365,501772,Bagel with Cream Cheese,Bakery,1,3.99,3.99
3366,501772,Cold Brew,Beverage,1,4.62,4.62
3367,501773,Cappuccino,Beverage,1,4.2,4.2
3368,501773,Cold Brew,Beverage,1,4.63,4.63
3369,501774,Caesar Salad,Food,1,8.18,8.18
3370,501775,Croissant,Bakery,2,3.17,6.34
3371,501776,Iced Tea,Beverage,1,3.49,3.49
3372,501776,Latte,Beverage,1,4.47,4.47
3373,501776,Bagel with Cream Cheese,Bakery,2,3.92,7.84
3374,501777,Cappuccino,Beverage,1,4.17,4.17
3375,501777,Fruit Cup,Snack,1,3.43,3.43
3376,501778,Fruit Cup,Snack,1,3.45,3.45
3377,501778,Latte,Beverage,1,4.46,4.46
3378,501778,Veggie Wrap,Food,1,7.73,7.73
3379,501778,Bagel with Cream Cheese,Bakery,1,3.92,3.92
3380,501779,Avocado Toast,Food,1,7.35,7.35
3381,501779,Espresso,Beverage,1,2.95,2.95
3382,501780,Granola Bar,Snack,1,2.72,2.72
3383,501781,Caesar Salad,Food,1,8.07,8.07
3384,501781,Espresso,Beverage,1,2.99,2.99
3385,501782,Croissant,Bakery,1,3.19,3.19
3386,501783,Veggie Wrap,Food,1,7.59,7.59
3387,501783,Fruit Cup,Snack,1,3.4,3.4
3388,501784,Cappuccino,Beverage,1,4.24,4.24
3389,501784,Cold Brew,Beverage,1,4.64,4.64
3390,501785,Turkey Sandwich,Food,1,8.29,8.29
3391,501785,Chocolate Chip Cookie,Bakery,1,2.46,2.46
3392,501786,Chocolate Chip Cookie,Bakery,1,2.49,2.49
3393,501787,Turkey Sandwich,Food,1,8.47,8.47
3394,501787,Blueberry Muffin,Bakery,2,3.68,7.36
3395,501788,Latte,Beverage,2,4.4,8.8
3396,501788,Bagel with Cream Cheese,Bakery,1,3.97,3.97
3397,501788,Turkey Sandwich,Food,2,8.49,16.98
3398,501789,Croissant,Bakery,1,3.21,3.21
3399,501789,Cold Brew,Beverage,1,4.74,4.74
3400,501789,Iced Tea,Beverage,1,3.45,3.45
3401,501789,Turkey Sandwich,Food,2,8.39,16.78
3402,501790,Blueberry Muffin,Bakery,1,3.65,3.65
3403,501790,Fruit Cup,Snack,1,3.42,3.42
3404,501791,Latte,Beverage,1,4.49,4.49
3405,501792,Cold Brew,Beverage,1,4.73,4.73
3406,501793,Latte,Beverage,1,4.49,4.49
3407,501793,Blueberry Muffin,Bakery,1,3.71,3.71
3408,501793,Bagel with Cream Cheese,Bakery,1,3.98,3.98
3409,501794,Latte,Beverage,2,4.39,8.78
3410,501794,Turkey Sandwich,Food,2,8.27,16.54
3411,501794,Chocolate Chip Cookie,Bakery,1,2.43,2.43
3412,501795,Iced Tea,Beverage,2,3.41,6.82
3413,501795,Latte,Beverage,1,4.41,4.41
3414,501796,Chocolate Chip Cookie,Bakery,1,2.49,2.49
3415,501796,Cappuccino,Beverage,1,4.19,4.19
3416,501797,Blueberry Muffin,Bakery,2,3.65,7.3
3417,501798,Espresso,Beverage,2,2.93,5.86
3418,501798,Veggie Wrap,Food,1,7.54,7.54
3419,501798,Cappuccino,Beverage,2,4.15,8.3
3420,501799,Veggie Wrap,Food,1,7.64,7.64
3421,501799,Espresso,Beverage,1,2.92,2.92
3422,501799,Caesar Salad,Food,1,8.06,8.06
3423,501799,Fruit Cup,Snack,1,3.45,3.45
3424,501800,Croissant,Bakery,1,3.18,3.18
3425,501800,Cold Brew,Beverage,1,4.65,4.65
3426,501800,Espresso,Beverage,1,2.93,2.93
3427,501801,Veggie Wrap,Food,1,7.58,7.58
3428,501802,Veggie Wrap,Food,1,7.7,7.7
3429,501803,Granola Bar,Snack,1,2.7,2.7
3430,501804,Chocolate Chip Cookie,Bakery,1,2.46,2.46
3431,501804,Fruit Cup,Snack,1,3.43,3.43
3432,501805,Latte,Beverage,2,4.5,9.0
3433,501805,Bagel with Cream Cheese,Bakery,1,3.97,3.97
3434,501805,Veggie Wrap,Food,1,7.62,7.62
3435,501806,Turkey Sandwich,Food,2,8.41,16.82
3436,501806,Cappuccino,Beverage,1,4.23,4.23
3437,501807,Latte,Beverage,1,4.39,4.39
3438,501807,Caesar Salad,Food,1,8.16,8.16
3439,501808,Cold Brew,Beverage,1,4.68,4.68
3440,501808,Espresso,Beverage,1,2.95,2.95
3441,501809,Croissant,Bakery,1,3.22,3.22
3442,501809,Latte,Beverage,1,4.42,4.42
3443,501809,Iced Tea,Beverage,2,3.49,6.98
3444,501810,Fruit Cup,Snack,1,3.41,3.41
3445,501811,Avocado Toast,Food,1,7.4,7.4
3446,501812,Turkey Sandwich,Food,1,8.37,8.37
3447,501812,Caesar Salad,Food,1,8.05,8.05
3448,501813,Iced Tea,Beverage,1,3.44,3.44
3449,501814,Veggie Wrap,Food,1,7.59,7.59
3450,501815,Croissant,Bakery,1,3.23,3.23
3451,501816,Cold Brew,Beverage,1,4.69,4.69
3452,501817,Bagel with Cream Cheese,Bakery,2,3.9,7.8
3453,501817,Cappuccino,Beverage,1,4.16,4.16
3454,501818,Blueberry Muffin,Bakery,1,3.68,3.68
3455,501818,Turkey Sandwich,Food,2,8.5,17.0
3456,501818,Avocado Toast,Food,1,7.37,7.37
3457,501819,Iced Tea,Beverage,1,3.46,3.46
3458,501819,Fruit Cup,Snack,2,3.4,6.8
3459,501819,Latte,Beverage,1,4.4,4.4
3460,501819,Turkey Sandwich,Food,1,8.37,8.37
3461,501820,Bagel with Cream Cheese,Bakery,1,3.93,3.93
3462,501820,Chocolate Chip Cookie,Bakery,1,2.48,2.48
3463,501821,Granola Bar,Snack,2,2.73,5.46
3464,501821,Bagel with Cream Cheese,Bakery,1,3.93,3.93
3465,501821,Fruit Cup,Snack,1,3.45,3.45
3466,501822,Iced Tea,Beverage,1,3.42,3.42
3467,501822,Blueberry Muffin,Bakery,1,3.71,3.71
3468,501822,Veggie Wrap,Food,1,7.63,7.63
3469,501823,Chocolate Chip Cookie,Bakery,1,2.46,2.46
3470,501823,Croissant,Bakery,1,3.18,3.18
3471,501823,Veggie Wrap,Food,1,7.75,7.75
3472,501823,Turkey Sandwich,Food,1,8.44,8.44
3473,501824,Granola Bar,Snack,1,2.67,2.67
3474,501825,Chocolate Chip Cookie,Bakery,1,2.47,2.47
3475,501825,Croissant,Bakery,2,3.22,6.44
3476,501826,Veggie Wrap,Food,1,7.58,7.58
3477,501827,Caesar Salad,Food,1,8.05,8.05
3478,501827,Blueberry Muffin,Bakery,2,3.65,7.3
3479,501827,Turkey Sandwich,Food,1,8.33,8.33
3480,501827,Veggie Wrap,Food,1,7.53,7.53
3481,501828,Veggie Wrap,Food,2,7.66,15.32
3482,501829,Espresso,Beverage,1,2.98,2.98
3483,501830,Espresso,Beverage,1,2.97,2.97
3484,501831,Bagel with Cream Cheese,Bakery,1,3.97,3.97
3485,501832,Cold Brew,Beverage,1,4.62,4.62
3486,501832,Croissant,Bakery,1,3.21,3.21
3487,501833,Veggie Wrap,Food,1,7.7,7.7
3488,501833,Caesar Salad,Food,1,8.01,8.01
3489,501833,Fruit Cup,Snack,1,3.44,3.44
3490,501834,Croissant,Bakery,1,3.24,3.24
3491,501834,Cold Brew,Beverage,1,4.66,4.66
3492,501835,Espresso,Beverage,1,2.91,2.91
3493,501836,Granola Bar,Snack,1,2.74,2.74
3494,501837,Chocolate Chip Cookie,Bakery,1,2.5,2.5
3495,501837,Iced Tea,Beverage,2,3.42,6.84
3496,501838,Cappuccino,Beverage,1,4.23,4.23
3497,501839,Croissant,Bakery,2,3.16,6.32
3498,501839,Iced Tea,Beverage,1,3.42,3.42
3499,501839,Espresso,Beverage,2,2.94,5.88
3500,501839,Turkey Sandwich,Food,1,8.28,8.28
3501,501840,Granola Bar,Snack,1,2.73,2.73
3502,501840,Cappuccino,Beverage,1,4.14,4.14
3503,501841,Cold Brew,Beverage,1,4.66,4.66
3504,501841,Cappuccino,Beverage,1,4.18,4.18
3505,501841,Caesar Salad,Food,1,8.11,8.11
3506,501842,Latte,Beverage,1,4.37,4.37
3507,501843,Blueberry Muffin,Bakery,1,3.65,3.65
3508,501843,Avocado Toast,Food,2,7.31,14.62
3509,501844,Blueberry Muffin,Bakery,1,3.74,3.74
3510,501845,Caesar Salad,Food,1,8.12,8.12
3511,501845,Espresso,Beverage,1,2.98,2.98
3512,501846,Croissant,Bakery,1,3.23,3.23
3513,501847,Espresso,Beverage,1,2.97,2.97
3514,501848,Cold Brew,Beverage,1,4.67,4.67
3515,501849,Avocado Toast,Food,1,7.44,7.44
3516,501850,Latte,Beverage,2,4.48,8.96
3517,501851,Granola Bar,Snack,1,2.7,2.7
3518,501851,Cold Brew,Beverage,2,4.66,9.32
3519,501851,Fruit Cup,Snack,2,3.49,6.98
3520,501851,Chocolate Chip Cookie,Bakery,1,2.46,2.46
3521,501852,Fruit Cup,Snack,1,3.44,3.44
3522,501853,Avocado Toast,Food,1,7.47,7.47
3523,501854,Granola Bar,Snack,1,2.71,2.71
3524,501854,Avocado Toast,Food,1,7.41,7.41
3525,501855,Latte,Beverage,1,4.46,4.46
3526,501855,Cold Brew,Beverage,1,4.65,4.65
3527,501856,Blueberry Muffin,Bakery,1,3.71,3.71
3528,501856,Croissant,Bakery,1,3.24,3.24
3529,501856,Espresso,Beverage,1,2.99,2.99
3530,501856,Cold Brew,Beverage,1,4.69,4.69
3531,501857,Blueberry Muffin,Bakery,1,3.67,3.67
3532,501858,Blueberry Muffin,Bakery,1,3.75,3.75
3533,501858,Cold Brew,Beverage,1,4.73,4.73
3534,501859,Blueberry Muffin,Bakery,1,3.75,3.75
3535,501859,Turkey Sandwich,Food,1,8.46,8.46
3536,501860,Bagel with Cream Cheese,Bakery,2,3.95,7.9
3537,501861,Caesar Salad,Food,1,8.17,8.17
3538,501862,Espresso,Beverage,1,2.96,2.96
3539,501863,Chocolate Chip Cookie,Bakery,1,2.49,2.49
3540,501863,Cold Brew,Beverage,1,4.68,4.68
3541,501864,Caesar Salad,Food,1,8.23,8.23
3542,501864,Avocado Toast,Food,1,7.38,7.38
3543,501865,Blueberry Muffin,Bakery,1,3.68,3.68
3544,501866,Latte,Beverage,1,4.38,4.38
3545,501867,Veggie Wrap,Food,1,7.72,7.72
3546,501867,Chocolate Chip Cookie,Bakery,1,2.45,2.45
3547,501867,Latte,Beverage,1,4.42,4.42
3548,501868,Cold Brew,Beverage,1,4.69,4.69
3549,501869,Fruit Cup,Snack,1,3.48,3.48
3550,501870,Espresso,Beverage,1,2.99,2.99
3551,501870,Blueberry Muffin,Bakery,2,3.64,7.28
3552,501870,Granola Bar,Snack,2,2.67,5.34
3553,501871,Fruit Cup,Snack,1,3.49,3.49
3554,501871,Veggie Wrap,Food,1,7.7,7.7
3555,501871,Croissant,Bakery,1,3.16,3.16
3556,501872,Veggie Wrap,Food,1,7.64,7.64
3557,501872,Cappuccino,Beverage,1,4.14,4.14
3558,501873,Chocolate Chip Cookie,Bakery,1,2.49,2.49
3559,501874,Granola Bar,Snack,2,2.73,5.46
3560,501875,Fruit Cup,Snack,2,3.48,6.96
3561,501875,Blueberry Muffin,Bakery,1,3.73,3.73
3562,501875,Croissant,Bakery,1,3.2,3.2
3563,501875,Caesar Salad,Food,1,8.23,8.23
3564,501876,Avocado Toast,Food,1,7.47,7.47
3565,501876,Iced Tea,Beverage,1,3.45,3.45
3566,501877,Avocado Toast,Food,1,7.34,7.34
3567,501877,Veggie Wrap,Food,1,7.75,7.75
3568,501877,Croissant,Bakery,1,3.21,3.21
3569,501878,Bagel with Cream Cheese,Bakery,1,3.98,3.98
3570,501879,Turkey Sandwich,Food,1,8.42,8.42
3571,501880,Blueberry Muffin,Bakery,1,3.71,3.71
3572,501880,Espresso,Beverage,1,2.97,2.97
3573,501881,Espresso,Beverage,1,2.93,2.93
3574,501881,Cappuccino,Beverage,1,4.22,4.22
3575,501882,Chocolate Chip Cookie,Bakery,1,2.44,2.44
3576,501882,Croissant,Bakery,1,3.16,3.16
3577,501882,Blueberry Muffin,Bakery,2,3.68,7.36
3578,501883,Caesar Salad,Food,1,8.2,8.2
3579,501883,Veggie Wrap,Food,1,7.62,7.62
3580,501883,Chocolate Chip Cookie,Bakery,1,2.44,2.44
3581,501884,Croissant,Bakery,1,3.15,3.15
3582,501885,Cold Brew,Beverage,1,4.73,4.73
3583,501885,Croissant,Bakery,1,3.21,3.21
3584,501886,Chocolate Chip Cookie,Bakery,1,2.47,2.47
3585,501886,Bagel with Cream Cheese,Bakery,1,3.91,3.91
3586,501887,Bagel with Cream Cheese,Bakery,1,3.99,3.99
3587,501888,Cappuccino,Beverage,1,4.13,4.13
3588,501888,Veggie Wrap,Food,1,7.69,7.69
3589,501889,Turkey Sandwich,Food,1,8.48,8.48
3590,501889,Bagel with Cream Cheese,Bakery,1,3.88,3.88
3591,501889,Cappuccino,Beverage,1,4.25,4.25
3592,501890,Turkey Sandwich,Food,1,8.32,8.32
3593,501891,Iced Tea,Beverage,1,3.4,3.4
3594,501891,Bagel with Cream Cheese,Bakery,1,3.94,3.94
3595,501892,Chocolate Chip Cookie,Bakery,1,2.47,2.47
3596,501892,Veggie Wrap,Food,2,7.72,15.44
3597,501893,Iced Tea,Beverage,1,3.41,3.41
3598,501894,Cold Brew,Beverage,1,4.71,4.71
3599,501894,Bagel with Cream Cheese,Bakery,1,3.92,3.92
3600,501895,Avocado Toast,Food,1,7.35,7.35
3601,501896,Veggie Wrap,Food,2,7.73,15.46
3602,501896,Granola Bar,Snack,1,2.7,2.7
3603,501897,Caesar Salad,Food,1,8.03,8.03
3604,501898,Bagel with Cream Cheese,Bakery,2,3.92,7.84
3605,501899,Turkey Sandwich,Food,1,8.49,8.49
3606,501900,Avocado Toast,Food,1,7.42,7.42
3607,501900,Espresso,Beverage,1,2.99,2.99
3608,501900,Fruit Cup,Snack,1,3.42,3.42
3609,501901,Iced Tea,Beverage,1,3.44,3.44
3610,501901,Caesar Salad,Food,2,8.18,16.36
3611,501902,Granola Bar,Snack,1,2.74,2.74
3612,501902,Bagel with Cream Cheese,Bakery,1,3.99,3.99
3613,501902,Espresso,Beverage,2,2.92,5.84
3614,501903,Cold Brew,Beverage,1,4.7,4.7
3615,501904,Granola Bar,Snack,1,2.73,2.73
3616,501904,Veggie Wrap,Food,1,7.54,7.54
3617,501904,Chocolate Chip Cookie,Bakery,1,2.45,2.45
3618,501905,Cappuccino,Beverage,2,4.25,8.5
3619,501905,Cold Brew,Beverage,2,4.71,9.42
3620,501906,Croissant,Bakery,1,3.21,3.21
3621,501906,Avocado Toast,Food,1,7.45,7.45
3622,501906,Espresso,Beverage,1,2.91,2.91
3623,501906,Cappuccino,Beverage,1,4.18,4.18
3624,501907,Fruit Cup,Snack,1,3.43,3.43
3625,501908,Veggie Wrap,Food,1,7.67,7.67
3626,501908,Latte,Beverage,1,4.46,4.46
3627,501909,Iced Tea,Beverage,1,3.41,3.41
3628,501910,Veggie Wrap,Food,1,7.61,7.61
3629,501910,Latte,Beverage,1,4.42,4.42
3630,501911,Chocolate Chip Cookie,Bakery,1,2.45,2.45
3631,501912,Iced Tea,Beverage,1,3.42,3.42
3632,501913,Caesar Salad,Food,1,8.19,8.19
3633,501914,Cold Brew,Beverage,1,4.73,4.73
3634,501915,Fruit Cup,Snack,1,3.4,3.4
3635,501916,Avocado Toast,Food,1,7.5,7.5
3636,501916,Granola Bar,Snack,1,2.68,2.68
3637,501917,Bagel with Cream Cheese,Bakery,1,3.89,3.89
3638,501917,Chocolate Chip Cookie,Bakery,1,2.5,2.5
3639,501917,Blueberry Muffin,Bakery,1,3.68,3.68
3640,501918,Cold Brew,Beverage,1,4.67,4.67
3641,501919,Granola Bar,Snack,1,2.68,2.68
3642,501920,Veggie Wrap,Food,1,7.74,7.74
3643,501920,Iced Tea,Beverage,2,3.41,6.82
3644,501920,Blueberry Muffin,Bakery,1,3.7,3.7
3645,501921,Cold Brew,Beverage,1,4.61,4.61
3646,501921,Chocolate Chip Cookie,Bakery,1,2.48,2.48
3647,501922,Croissant,Bakery,1,3.25,3.25
3648,501922,Bagel with Cream Cheese,Bakery,1,3.93,3.93
3649,501922,Chocolate Chip Cookie,Bakery,1,2.5,2.5
3650,501923,Caesar Salad,Food,1,8.22,8.22
3651,501923,Veggie Wrap,Food,1,7.65,7.65
3652,501924,Cappuccino,Beverage,1,4.24,4.24
3653,501924,Croissant,Bakery,1,3.16,3.16
3654,501925,Turkey Sandwich,Food,1,8.38,8.38
3655,501926,Caesar Salad,Food,1,8.21,8.21
3656,501927,Cappuccino,Beverage,1,4.16,4.16
3657,501928,Cold Brew,Beverage,1,4.72,4.72
3658,501928,Caesar Salad,Food,1,8.12,8.12
3659,501929,Cold Brew,Beverage,2,4.72,9.44
3660,501929,Croissant,Bakery,1,3.23,3.23
3661,501929,Avocado Toast,Food,1,7.34,7.34
3662,501930,Croissant,Bakery,1,3.25,3.25
3663,501931,Blueberry Muffin,Bakery,1,3.68,3.68
3664,501932,Cold Brew,Beverage,1,4.72,4.72
3665,501933,Espresso,Beverage,1,2.94,2.94
3666,501933,Granola Bar,Snack,2,2.68,5.36
3667,501934,Granola Bar,Snack,1,2.71,2.71
3668,501934,Cappuccino,Beverage,1,4.13,4.13
3669,501935,Avocado Toast,Food,1,7.36,7.36
3670,501935,Turkey Sandwich,Food,1,8.43,8.43
3671,501936,Cappuccino,Beverage,1,4.16,4.16
3672,501936,Iced Tea,Beverage,1,3.43,3.43
3673,501936,Turkey Sandwich,Food,1,8.26,8.26
3674,501936,Latte,Beverage,1,4.47,4.47
3675,501937,Blueberry Muffin,Bakery,1,3.66,3.66
3676,501937,Granola Bar,Snack,1,2.69,2.69
3677,501938,Latte,Beverage,1,4.39,4.39
3678,501938,Cappuccino,Beverage,1,4.21,4.21
3679,501938,Blueberry Muffin,Bakery,1,3.68,3.68
3680,501939,Cappuccino,Beverage,1,4.22,4.22
3681,501939,Croissant,Bakery,1,3.23,3.23
3682,501939,Cold Brew,Beverage,1,4.66,4.66
3683,501940,Cappuccino,Beverage,1,4.21,4.21
3684,501940,Latte,Beverage,1,4.39,4.39
3685,501941,Granola Bar,Snack,1,2.74,2.74
3686,501942,Avocado Toast,Food,1,7.32,7.32
3687,501942,Bagel with Cream Cheese,Bakery,1,4.0,4.0
3688,501943,Bagel with Cream Cheese,Bakery,2,3.99,7.98
3689,501943,Chocolate Chip Cookie,Bakery,1,2.5,2.5
3690,501943,Latte,Beverage,2,4.43,8.86
3691,501944,Granola Bar,Snack,1,2.71,2.71
3692,501945,Fruit Cup,Snack,2,3.43,6.86
3693,501945,Caesar Salad,Food,1,8.2,8.2
3694,501946,Blueberry Muffin,Bakery,2,3.73,7.46
3695,501947,Iced Tea,Beverage,1,3.48,3.48
3696,501947,Turkey Sandwich,Food,1,8.4,8.4
3697,501947,Veggie Wrap,Food,1,7.57,7.57
3698,501948,Avocado Toast,Food,1,7.31,7.31
3699,501948,Cappuccino,Beverage,1,4.15,4.15
3700,501948,Turkey Sandwich,Food,1,8.34,8.34
3701,501948,Croissant,Bakery,1,3.16,3.16
3702,501949,Caesar Salad,Food,1,8.2,8.2
3703,501950,Cappuccino,Beverage,1,4.18,4.18
3704,501951,Bagel with Cream Cheese,Bakery,1,3.96,3.96
3705,501952,Avocado Toast,Food,1,7.44,7.44
3706,501953,Cold Brew,Beverage,1,4.73,4.73
3707,501954,Granola Bar,Snack,1,2.68,2.68
3708,501954,Latte,Beverage,1,4.39,4.39
3709,501954,Iced Tea,Beverage,1,3.4,3.4
3710,501955,Espresso,Beverage,2,2.92,5.84
3711,501956,Cold Brew,Beverage,2,4.75,9.5
3712,501957,Fruit Cup,Snack,2,3.43,6.86
3713,501957,Veggie Wrap,Food,1,7.61,7.61
3714,501958,Cold Brew,Beverage,1,4.69,4.69
3715,501959,Veggie Wrap,Food,1,7.61,7.61
3716,501960,Chocolate Chip Cookie,Bakery,1,2.47,2.47
3717,501960,Caesar Salad,Food,1,8.22,8.22
3718,501961,Cold Brew,Beverage,1,4.7,4.7
3719,501962,Caesar Salad,Food,2,8.22,16.44
3720,501962,Blueberry Muffin,Bakery,1,3.65,3.65
3721,501963,Bagel with Cream Cheese,Bakery,2,3.99,7.98
3722,501963,Blueberry Muffin,Bakery,1,3.67,3.67
3723,501963,Cold Brew,Beverage,1,4.74,4.74
3724,501964,Avocado Toast,Food,1,7.29,7.29
3725,501964,Caesar Salad,Food,1,8.04,8.04
3726,501965,Turkey Sandwich,Food,1,8.27,8.27
3727,501965,Blueberry Muffin,Bakery,1,3.65,3.65
3728,501966,Granola Bar,Snack,1,2.73,2.73
3729,501967,Granola Bar,Snack,1,2.73,2.73
3730,501967,Blueberry Muffin,Bakery,1,3.74,3.74
3731,501967,Fruit Cup,Snack,1,3.43,3.43
3732,501967,Cold Brew,Beverage,2,4.63,9.26
3733,501968,Chocolate Chip Cookie,Bakery,1,2.5,2.5
3734,501968,Avocado Toast,Food,1,7.33,7.33
3735,501968,Cold Brew,Beverage,1,4.74,4.74
3736,501968,Bagel with Cream Cheese,Bakery,1,4.0,4.0
3737,501969,Latte,Beverage,1,4.4,4.4
3738,501970,Blueberry Muffin,Bakery,1,3.65,3.65
3739,501971,Turkey Sandwich,Food,1,8.39,8.39
3740,501972,Granola Bar,Snack,1,2.7,2.7
3741,501972,Cold Brew,Beverage,1,4.73,4.73
3742,501972,Chocolate Chip Cookie,Bakery,1,2.48,2.48
3743,501973,Blueberry Muffin,Bakery,1,3.67,3.67
3744,501973,Veggie Wrap,Food,1,7.68,7.68
3745,501973,Turkey Sandwich,Food,1,8.39,8.39
3746,501974,Blueberry Muffin,Bakery,1,3.71,3.71
3747,501975,Espresso,Beverage,2,2.98,5.96
3748,501975,Blueberry Muffin,Bakery,1,3.74,3.74
3749,501976,Bagel with Cream Cheese,Bakery,1,3.9,3.9
3750,501977,Latte,Beverage,2,4.44,8.88
3751,501978,Latte,Beverage,2,4.45,8.9
3752,501978,Iced Tea,Beverage,1,3.48,3.48
3753,501979,Iced Tea,Beverage,1,3.43,3.43
3754,501980,Cappuccino,Beverage,1,4.25,4.25
3755,501981,Turkey Sandwich,Food,1,8.42,8.42
3756,501981,Latte,Beverage,1,4.42,4.42
3757,501981,Iced Tea,Beverage,1,3.4,3.4
3758,501982,Fruit Cup,Snack,1,3.4,3.4
3759,501982,Croissant,Bakery,1,3.2,3.2
3760,501983,Turkey Sandwich,Food,1,8.31,8.31
3761,501984,Fruit Cup,Snack,2,3.44,6.88
3762,501984,Latte,Beverage,1,4.47,4.47
3763,501984,Granola Bar,Snack,1,2.72,2.72
3764,501984,Bagel with Cream Cheese,Bakery,1,3.92,3.92
3765,501985,Chocolate Chip Cookie,Bakery,2,2.45,4.9
3766,501985,Blueberry Muffin,Bakery,1,3.7,3.7
3767,501986,Cold Brew,Beverage,1,4.71,4.71
3768,501987,Croissant,Bakery,1,3.19,3.19
3769,501987,Chocolate Chip Cookie,Bakery,2,2.47,4.94
3770,501988,Caesar Salad,Food,1,8.14,8.14
3771,501988,Bagel with Cream Cheese,Bakery,1,3.99,3.99
3772,501989,Avocado Toast,Food,2,7.47,14.94
3773,501990,Iced Tea,Beverage,1,3.42,3.42
3774,501991,Blueberry Muffin,Bakery,1,3.68,3.68
3775,501991,Caesar Salad,Food,1,8.04,8.04
3776,501991,Avocado Toast,Food,1,7.3,7.3
3777,501992,Avocado Toast,Food,1,7.32,7.32
3778,501992,Bagel with Cream Cheese,Bakery,1,3.98,3.98
3779,501992,Cappuccino,Beverage,1,4.25,4.25
3780,501993,Iced Tea,Beverage,1,3.49,3.49
3781,501994,Espresso,Beverage,2,2.95,5.9
3782,501994,Blueberry Muffin,Bakery,1,3.74,3.74
3783,501994,Latte,Beverage,1,4.41,4.41
3784,501994,Fruit Cup,Snack,1,3.43,3.43
3785,501995,Fruit Cup,Snack,1,3.43,3.43
3786,501996,Chocolate Chip Cookie,Bakery,2,2.47,4.94
3787,501996,Veggie Wrap,Food,1,7.62,7.62
3788,501997,Caesar Salad,Food,1,8.02,8.02
3789,501997,Latte,Beverage,1,4.38,4.38
3790,501997,Blueberry Muffin,Bakery,1,3.65,3.65
3791,501997,Iced Tea,Beverage,1,3.47,3.47
3792,501998,Espresso,Beverage,1,2.91,2.91
3793,501999,Caesar Salad,Food,2,8.21,16.42
3794,502000,Espresso,Beverage,2,2.96,5.92
3795,502001,Turkey Sandwich,Food,1,8.36,8.36
3796,502002,Bagel with Cream Cheese,Bakery,1,3.95,3.95
3797,502002,Cold Brew,Beverage,2,4.61,9.22
3798,502002,Avocado Toast,Food,2,7.35,14.7
3799,502003,Iced Tea,Beverage,1,3.41,3.41
3800,502003,Granola Bar,Snack,1,2.7,2.7
3801,502004,Avocado Toast,Food,2,7.35,14.7
3802,502005,Espresso,Beverage,1,2.94,2.94
3803,502006,Latte,Beverage,1,4.46,4.46
3804,502006,Bagel with Cream Cheese,Bakery,1,3.99,3.99
3805,502006,Turkey Sandwich,Food,1,8.31,8.31
3806,502007,Espresso,Beverage,1,2.97,2.97
3807,502007,Granola Bar,Snack,1,2.74,2.74
3808,502008,Latte,Beverage,1,4.4,4.4
3809,502008,Avocado Toast,Food,1,7.48,7.48
3810,502008,Veggie Wrap,Food,1,7.61,7.61
3811,502009,Veggie Wrap,Food,1,7.57,7.57
3812,502010,Iced Tea,Beverage,1,3.4,3.4
3813,502011,Espresso,Beverage,1,2.98,2.98
3814,502012,Croissant,Bakery,1,3.22,3.22
3815,502013,Turkey Sandwich,Food,1,8.46,8.46
3816,502014,Caesar Salad,Food,1,8.21,8.21
3817,502014,Bagel with Cream Cheese,Bakery,1,3.89,3.89
3818,502014,Chocolate Chip Cookie,Bakery,1,2.5,2.5
3819,502015,Latte,Beverage,1,4.42,4.42
3820,502015,Croissant,Bakery,1,3.21,3.21
3821,502015,Bagel with Cream Cheese,Bakery,2,3.88,7.76
3822,502015,Caesar Salad,Food,1,8.17,8.17
3823,502016,Croissant,Bakery,1,3.23,3.23
3824,502016,Cold Brew,Beverage,1,4.66,4.66
3825,502017,Bagel with Cream Cheese,Bakery,2,3.92,7.84
3826,502017,Iced Tea,Beverage,2,3.41,6.82
3827,502017,Avocado Toast,Food,1,7.34,7.34
3828,502018,Blueberry Muffin,Bakery,1,3.73,3.73
3829,502018,Chocolate Chip Cookie,Bakery,2,2.45,4.9
3830,502019,Granola Bar,Snack,1,2.75,2.75
3831,502020,Cappuccino,Beverage,1,4.13,4.13
3832,502020,Bagel with Cream Cheese,Bakery,1,3.94,3.94
3833,502021,Bagel with Cream Cheese,Bakery,1,3.98,3.98
3834,502022,Granola Bar,Snack,1,2.72,2.72
3835,502022,Veggie Wrap,Food,2,7.54,15.08
3836,502023,Veggie Wrap,Food,1,7.54,7.54
3837,502024,Blueberry Muffin,Bakery,1,3.74,3.74
3838,502024,Chocolate Chip Cookie,Bakery,1,2.47,2.47
3839,502024,Cappuccino,Beverage,1,4.2,4.2
3840,502024,Veggie Wrap,Food,1,7.71,7.71
3841,502025,Caesar Salad,Food,1,8.03,8.03
3842,502026,Turkey Sandwich,Food,2,8.42,16.84
3843,502026,Fruit Cup,Snack,1,3.47,3.47
3844,502026,Bagel with Cream Cheese,Bakery,1,3.97,3.97
3845,502027,Cold Brew,Beverage,2,4.71,9.42
3846,502027,Blueberry Muffin,Bakery,1,3.68,3.68
3847,502027,Granola Bar,Snack,2,2.67,5.34
3848,502028,Turkey Sandwich,Food,1,8.39,8.39
3849,502028,Veggie Wrap,Food,1,7.72,7.72
3850,502029,Turkey Sandwich,Food,1,8.46,8.46
3851,502029,Iced Tea,Beverage,1,3.46,3.46
3852,502029,Blueberry Muffin,Bakery,1,3.66,3.66
3853,502030,Blueberry Muffin,Bakery,2,3.68,7.36
3854,502031,Cappuccino,Beverage,1,4.24,4.24
3855,502031,Bagel with Cream Cheese,Bakery,1,3.9,3.9
3856,502031,Caesar Salad,Food,1,8.03,8.03
3857,502032,Chocolate Chip Cookie,Bakery,1,2.49,2.49
3858,502032,Espresso,Beverage,1,2.94,2.94
3859,502032,Latte,Beverage,1,4.48,4.48
3860,502033,Latte,Beverage,1,4.38,4.38
3861,502033,Veggie Wrap,Food,1,7.54,7.54
3862,502034,Granola Bar,Snack,1,2.71,2.71
3863,502035,Iced Tea,Beverage,2,3.49,6.98
3864,502035,Caesar Salad,Food,1,8.22,8.22
3865,502036,Iced Tea,Beverage,1,3.4,3.4
3866,502036,Avocado Toast,Food,1,7.32,7.32
3867,502036,Croissant,Bakery,1,3.18,3.18
3868,502037,Turkey Sandwich,Food,1,8.3,8.3
3869,502037,Cappuccino,Beverage,1,4.18,4.18
3870,502038,Fruit Cup,Snack,2,3.42,6.84
3871,502038,Avocado Toast,Food,1,7.29,7.29
3872,502039,Croissant,Bakery,1,3.19,3.19
3873,502039,Granola Bar,Snack,1,2.74,2.74
3874,502040,Cappuccino,Beverage,1,4.17,4.17
3875,502041,Granola Bar,Snack,1,2.71,2.71
3876,502042,Iced Tea,Beverage,1,3.47,3.47
3877,502042,Fruit Cup,Snack,1,3.4,3.4
3878,502042,Latte,Beverage,1,4.44,4.44
3879,502043,Fruit Cup,Snack,1,3.42,3.42
3880,502043,Espresso,Beverage,2,2.97,5.94
3881,502043,Blueberry Muffin,Bakery,1,3.67,3.67
3882,502044,Espresso,Beverage,1,2.95,2.95
3883,502044,Chocolate Chip Cookie,Bakery,1,2.43,2.43
3884,502044,Turkey Sandwich,Food,2,8.32,16.64
3885,502045,Latte,Beverage,1,4.39,4.39
3886,502045,Cold Brew,Beverage,1,4.7,4.7
3887,502045,Blueberry Muffin,Bakery,1,3.69,3.69
3888,502046,Avocado Toast,Food,1,7.38,7.38
3889,502047,Blueberry Muffin,Bakery,1,3.65,3.65
3890,502047,Avocado Toast,Food,1,7.48,7.48
3891,502047,Turkey Sandwich,Food,1,8.42,8.42
3892,502048,Chocolate Chip Cookie,Bakery,1,2.49,2.49
3893,502048,Iced Tea,Beverage,1,3.48,3.48
3894,502049,Croissant,Bakery,1,3.25,3.25
3895,502049,Avocado Toast,Food,1,7.35,7.35
3896,502049,Espresso,Beverage,1,2.94,2.94
3897,502050,Avocado Toast,Food,1,7.37,7.37
3898,502051,Avocado Toast,Food,1,7.41,7.41
3899,502052,Granola Bar,Snack,1,2.69,2.69
3900,502053,Bagel with Cream Cheese,Bakery,1,3.99,3.99
3901,502054,Blueberry Muffin,Bakery,1,3.69,3.69
3902,502055,Veggie Wrap,Food,1,7.73,7.73
3903,502055,Avocado Toast,Food,1,7.34,7.34
3904,502055,Caesar Salad,Food,1,8.2,8.2
3905,502056,Fruit Cup,Snack,1,3.42,3.42
3906,502056,Cold Brew,Beverage,1,4.73,4.73
3907,502056,Caesar Salad,Food,2,8.13,16.26
3908,502057,Croissant,Bakery,1,3.18,3.18
3909,502057,Espresso,Beverage,1,2.92,2.92
3910,502057,Bagel with Cream Cheese,Bakery,1,3.95,3.95
3911,502058,Espresso,Beverage,1,2.94,2.94
3912,502059,Veggie Wrap,Food,1,7.59,7.59
3913,502059,Turkey Sandwich,Food,2,8.33,16.66
3914,502060,Fruit Cup,Snack,1,3.45,3.45
3915,502061,Chocolate Chip Cookie,Bakery,1,2.48,2.48
3916,502062,Caesar Salad,Food,1,8.05,8.05
3917,502063,Latte,Beverage,1,4.39,4.39
3918,502063,Veggie Wrap,Food,1,7.65,7.65
3919,502064,Latte,Beverage,1,4.48,4.48
3920,502065,Turkey Sandwich,Food,1,8.35,8.35
3921,502066,Cold Brew,Beverage,1,4.73,4.73
3922,502066,Chocolate Chip Cookie,Bakery,1,2.48,2.48
3923,502067,Croissant,Bakery,1,3.23,3.23
3924,502067,Veggie Wrap,Food,1,7.66,7.66
3925,502067,Chocolate Chip Cookie,Bakery,1,2.49,2.49
3926,502068,Turkey Sandwich,Food,1,8.38,8.38
3927,502069,Espresso,Beverage,1,2.96,2.96
3928,502070,Latte,Beverage,1,4.42,4.42
3929,502071,Fruit Cup,Snack,1,3.45,3.45
3930,502072,Bagel with Cream Cheese,Bakery,1,3.97,3.97
3931,502072,Latte,Beverage,1,4.41,4.41
3932,502073,Cappuccino,Beverage,1,4.15,4.15
3933,502074,Cold Brew,Beverage,1,4.7,4.7
3934,502074,Croissant,Bakery,1,3.25,3.25
3935,502074,Iced Tea,Beverage,1,3.48,3.48
3936,502075,Espresso,Beverage,1,2.94,2.94
3937,502076,Espresso,Beverage,2,2.99,5.98
3938,502077,Blueberry Muffin,Bakery,2,3.74,7.48
3939,502077,Cold Brew,Beverage,1,4.61,4.61
3940,502077,Granola Bar,Snack,1,2.7,2.7
3941,502078,Espresso,Beverage,1,2.96,2.96
3942,502078,Latte,Beverage,1,4.42,4.42
3943,502078,Fruit Cup,Snack,1,3.46,3.46
3944,502079,Chocolate Chip Cookie,Bakery,1,2.46,2.46
3945,502079,Veggie Wrap,Food,2,7.63,15.26
3946,502080,Granola Bar,Snack,1,2.68,2.68
3947,502080,Latte,Beverage,1,4.42,4.42
3948,502081,Croissant,Bakery,1,3.24,3.24
3949,502081,Espresso,Beverage,1,2.99,2.99
3950,502081,Blueberry Muffin,Bakery,1,3.66,3.66
3951,502081,Turkey Sandwich,Food,1,8.34,8.34
3952,502082,Latte,Beverage,1,4.44,4.44
3953,502083,Blueberry Muffin,Bakery,1,3.73,3.73
3954,502083,Latte,Beverage,1,4.39,4.39
3955,502083,Chocolate Chip Cookie,Bakery,1,2.47,2.47
3956,502083,Granola Bar,Snack,1,2.67,2.67
3957,502084,Chocolate Chip Cookie,Bakery,1,2.44,2.44
3958,502085,Avocado Toast,Food,1,7.45,7.45
3959,502085,Espresso,Beverage,1,2.95,2.95
3960,502086,Chocolate Chip Cookie,Bakery,1,2.45,2.45
3961,502086,Granola Bar,Snack,1,2.74,2.74
3962,502087,Fruit Cup,Snack,1,3.41,3.41
3963,502088,Iced Tea,Beverage,1,3.45,3.45
3964,502089,Fruit Cup,Snack,2,3.43,6.86
3965,502089,Cold Brew,Beverage,1,4.72,4.72
3966,502089,Croissant,Bakery,1,3.17,3.17
3967,502089,Avocado Toast,Food,1,7.44,7.44
3968,502090,Iced Tea,Beverage,1,3.43,3.43
3969,502091,Croissant,Bakery,1,3.17,3.17
3970,502091,Iced Tea,Beverage,1,3.41,3.41
3971,502091,Bagel with Cream Cheese,Bakery,1,3.96,3.96
3972,502092,Avocado Toast,Food,1,7.42,7.42
3973,502093,Avocado Toast,Food,1,7.39,7.39
3974,502094,Fruit Cup,Snack,1,3.48,3.48
3975,502095,Avocado Toast,Food,1,7.35,7.35
3976,502095,Cappuccino,Beverage,1,4.15,4.15
3977,502095,Fruit Cup,Snack,2,3.47,6.94
3978,502095,Veggie Wrap,Food,1,7.65,7.65
3979,502096,Fruit Cup,Snack,1,3.47,3.47
3980,502097,Iced Tea,Beverage,1,3.44,3.44
3981,502097,Turkey Sandwich,Food,1,8.45,8.45
3982,502097,Espresso,Beverage,1,2.99,2.99
3983,502098,Fruit Cup,Snack,2,3.45,6.9
3984,502098,Veggie Wrap,Food,1,7.68,7.68
3985,502098,Espresso,Beverage,2,2.99,5.98
3986,502099,Turkey Sandwich,Food,1,8.38,8.38
3987,502100,Cold Brew,Beverage,1,4.61,4.61
3988,502100,Veggie Wrap,Food,1,7.69,7.69
3989,502101,Veggie Wrap,Food,2,7.54,15.08
3990,502101,Fruit Cup,Snack,1,3.42,3.42
3991,502101,Granola Bar,Snack,1,2.74,2.74
3992,502102,Caesar Salad,Food,1,8.21,8.21
3993,502102,Croissant,Bakery,1,3.2,3.2
3994,502103,Caesar Salad,Food,1,8.02,8.02
3995,502104,Bagel with Cream Cheese,Bakery,1,3.97,3.97
3996,502104,Blueberry Muffin,Bakery,1,3.72,3.72
3997,502105,Chocolate Chip Cookie,Bakery,1,2.45,2.45
3998,502105,Cappuccino,Beverage,1,4.17,4.17
3999,502106,Iced Tea,Beverage,1,3.44,3.44
4000,502106,Croissant,Bakery,1,3.23,3.23
4001,502107,Caesar Salad,Food,1,8.1,8.1
4002,502108,Latte,Beverage,1,4.44,4.44
4003,502108,Cappuccino,Beverage,1,4.24,4.24
4004,502108,Espresso,Beverage,1,2.92,2.92
4005,502109,Turkey Sandwich,Food,1,8.5,8.5
4006,502110,Latte,Beverage,2,4.49,8.98
4007,502110,Cappuccino,Beverage,1,4.19,4.19
4008,502111,Iced Tea,Beverage,1,3.42,3.42
4009,502111,Bagel with Cream Cheese,Bakery,1,3.88,3.88
4010,502111,Veggie Wrap,Food,1,7.73,7.73
4011,502112,Latte,Beverage,2,4.5,9.0
4012,502112,Granola Bar,Snack,1,2.68,2.68
4013,502113,Cappuccino,Beverage,1,4.24,4.24
4014,502114,Granola Bar,Snack,2,2.71,5.42
4015,502114,Latte,Beverage,1,4.38,4.38
4016,502114,Cold Brew,Beverage,1,4.68,4.68
4017,502115,Cold Brew,Beverage,1,4.67,4.67
4018,502115,Espresso,Beverage,1,2.95,2.95
4019,502116,Granola Bar,Snack,1,2.71,2.71
4020,502117,Caesar Salad,Food,1,8.1,8.1
4021,502117,Cappuccino,Beverage,2,4.18,8.36
4022,502117,Fruit Cup,Snack,1,3.4,3.4
4023,502118,Granola Bar,Snack,1,2.73,2.73
4024,502119,Cappuccino,Beverage,1,4.23,4.23
4025,502119,Fruit Cup,Snack,1,3.43,3.43
4026,502119,Croissant,Bakery,2,3.17,6.34
4027,502119,Veggie Wrap,Food,1,7.53,7.53
4028,502120,Granola Bar,Snack,1,2.73,2.73
4029,502120,Turkey Sandwich,Food,2,8.36,16.72
4030,502121,Caesar Salad,Food,1,8.22,8.22
4031,502121,Iced Tea,Beverage,1,3.42,3.42
4032,502121,Avocado Toast,Food,1,7.43,7.43
4033,502122,Avocado Toast,Food,1,7.34,7.34
4034,502122,Granola Bar,Snack,1,2.67,2.67
4035,502123,Cold Brew,Beverage,1,4.72,4.72
4036,502123,Veggie Wrap,Food,2,7.73,15.46
4037,502124,Latte,Beverage,2,4.38,8.76
4038,502124,Cold Brew,Beverage,1,4.72,4.72
4039,502125,Iced Tea,Beverage,1,3.41,3.41
4040,502125,Croissant,Bakery,1,3.17,3.17
4041,502126,Fruit Cup,Snack,1,3.4,3.4
4042,502127,Bagel with Cream Cheese,Bakery,1,3.94,3.94
4043,502127,Cappuccino,Beverage,1,4.19,4.19
4044,502127,Chocolate Chip Cookie,Bakery,1,2.49,2.49
4045,502127,Latte,Beverage,1,4.44,4.44
4046,502128,Fruit Cup,Snack,1,3.46,3.46
4047,502128,Cappuccino,Beverage,1,4.14,4.14
4048,502128,Granola Bar,Snack,1,2.71,2.71
4049,502129,Caesar Salad,Food,1,8.24,8.24
4050,502130,Turkey Sandwich,Food,1,8.41,8.41
4051,502131,Cold Brew,Beverage,1,4.69,4.69
4052,502132,Granola Bar,Snack,1,2.67,2.67
4053,502133,Latte,Beverage,1,4.45,4.45
4054,502133,Espresso,Beverage,1,2.92,2.92
4055,502134,Cold Brew,Beverage,2,4.71,9.42
4056,502135,Veggie Wrap,Food,1,7.56,7.56
4057,502135,Croissant,Bakery,1,3.22,3.22
4058,502136,Veggie Wrap,Food,1,7.74,7.74
4059,502137,Latte,Beverage,1,4.42,4.42
4060,502137,Iced Tea,Beverage,1,3.49,3.49
4061,502137,Blueberry Muffin,Bakery,1,3.72,3.72
4062,502138,Latte,Beverage,1,4.46,4.46
4063,502138,Cold Brew,Beverage,1,4.67,4.67
4064,502139,Iced Tea,Beverage,2,3.47,6.94
4065,502140,Turkey Sandwich,Food,1,8.26,8.26
4066,502141,Avocado Toast,Food,1,7.34,7.34
4067,502142,Chocolate Chip Cookie,Bakery,1,2.49,2.49
4068,502142,Latte,Beverage,1,4.39,4.39
4069,502143,Blueberry Muffin,Bakery,1,3.74,3.74
4070,502143,Iced Tea,Beverage,1,3.4,3.4
4071,502144,Latte,Beverage,1,4.37,4.37
4072,502145,Caesar Salad,Food,1,8.16,8.16
4073,502145,Turkey Sandwich,Food,1,8.4,8.4
4074,502146,Cold Brew,Beverage,1,4.64,4.64
4075,502146,Espresso,Beverage,2,2.98,5.96
4076,502146,Chocolate Chip Cookie,Bakery,2,2.48,4.96
4077,502147,Fruit Cup,Snack,1,3.47,3.47
4078,502148,Latte,Beverage,2,4.46,8.92
4079,502149,Veggie Wrap,Food,1,7.67,7.67
4080,502149,Latte,Beverage,1,4.42,4.42
4081,502149,Blueberry Muffin,Bakery,2,3.74,7.48
4082,502149,Turkey Sandwich,Food,1,8.33,8.33
4083,502150,Bagel with Cream Cheese,Bakery,1,3.97,3.97
4084,502151,Chocolate Chip Cookie,Bakery,1,2.46,2.46
4085,502151,Granola Bar,Snack,1,2.68,2.68
4086,502152,Granola Bar,Snack,1,2.71,2.71
4087,502153,Avocado Toast,Food,1,7.48,7.48
4088,502153,Cappuccino,Beverage,1,4.15,4.15
4089,502153,Granola Bar,Snack,1,2.69,2.69
4090,502154,Granola Bar,Snack,1,2.75,2.75
4091,502154,Espresso,Beverage,1,2.95,2.95
4092,502154,Blueberry Muffin,Bakery,1,3.71,3.71
4093,502154,Veggie Wrap,Food,1,7.53,7.53
4094,502155,Bagel with Cream Cheese,Bakery,1,3.95,3.95
4095,502156,Granola Bar,Snack,1,2.68,2.68
4096,502156,Fruit Cup,Snack,1,3.46,3.46
4097,502157,Espresso,Beverage,1,2.97,2.97
4098,502157,Chocolate Chip Cookie,Bakery,1,2.45,2.45
4099,502158,Veggie Wrap,Food,1,7.72,7.72
4100,502158,Caesar Salad,Food,1,8.1,8.1
4101,502159,Cold Brew,Beverage,1,4.73,4.73
4102,502160,Blueberry Muffin,Bakery,1,3.73,3.73
4103,502161,Fruit Cup,Snack,1,3.45,3.45
4104,502161,Turkey Sandwich,Food,1,8.46,8.46
4105,502162,Croissant,Bakery,1,3.21,3.21
4106,502162,Blueberry Muffin,Bakery,1,3.69,3.69
4107,502162,Latte,Beverage,1,4.47,4.47
4108,502163,Bagel with Cream Cheese,Bakery,1,3.97,3.97
4109,502163,Latte,Beverage,1,4.43,4.43
4110,502163,Avocado Toast,Food,1,7.41,7.41
4111,502164,Fruit Cup,Snack,1,3.44,3.44
4112,502164,Blueberry Muffin,Bakery,1,3.65,3.65
4113,502164,Turkey Sandwich,Food,1,8.29,8.29
4114,502165,Turkey Sandwich,Food,1,8.29,8.29
4115,502166,Turkey Sandwich,Food,1,8.28,8.28
4116,502167,Blueberry Muffin,Bakery,2,3.72,7.44
4117,502167,Croissant,Bakery,1,3.25,3.25
4118,502167,Iced Tea,Beverage,2,3.45,6.9
4119,502167,Fruit Cup,Snack,1,3.46,3.46
4120,502168,Veggie Wrap,Food,1,7.61,7.61
4121,502169,Chocolate Chip Cookie,Bakery,1,2.47,2.47
4122,502170,Turkey Sandwich,Food,1,8.48,8.48
4123,502170,Espresso,Beverage,1,2.96,2.96
4124,502170,Cappuccino,Beverage,1,4.18,4.18
4125,502170,Granola Bar,Snack,1,2.67,2.67
4126,502171,Latte,Beverage,1,4.43,4.43
4127,502172,Caesar Salad,Food,1,8.22,8.22
4128,502172,Iced Tea,Beverage,2,3.42,6.84
4129,502173,Blueberry Muffin,Bakery,1,3.69,3.69
4130,502174,Veggie Wrap,Food,2,7.73,15.46
4131,502174,Latte,Beverage,2,4.46,8.92
4132,502174,Cappuccino,Beverage,1,4.16,4.16
4133,502175,Blueberry Muffin,Bakery,1,3.65,3.65
4134,502175,Cappuccino,Beverage,1,4.16,4.16
4135,502175,Bagel with Cream Cheese,Bakery,1,3.97,3.97
4136,502175,Veggie Wrap,Food,1,7.7,7.7
4137,502176,Cappuccino,Beverage,1,4.14,4.14
4138,502176,Bagel with Cream Cheese,Bakery,1,3.94,3.94
4139,502177,Cold Brew,Beverage,1,4.71,4.71
4140,502177,Latte,Beverage,2,4.39,8.78
4141,502178,Croissant,Bakery,1,3.23,3.23
4142,502179,Blueberry Muffin,Bakery,1,3.71,3.71
4143,502179,Turkey Sandwich,Food,1,8.48,8.48
4144,502180,Cold Brew,Beverage,1,4.74,4.74
4145,502181,Cappuccino,Beverage,1,4.23,4.23
4146,502182,Chocolate Chip Cookie,Bakery,1,2.49,2.49
4147,502183,Cappuccino,Beverage,1,4.24,4.24
4148,502184,Caesar Salad,Food,2,8.1,16.2
4149,502184,Blueberry Muffin,Bakery,1,3.71,3.71
4150,502185,Iced Tea,Beverage,1,3.43,3.43
4151,502186,Bagel with Cream Cheese,Bakery,2,3.94,7.88
4152,502186,Cold Brew,Beverage,1,4.67,4.67
4153,502186,Turkey Sandwich,Food,1,8.25,8.25
4154,502187,Blueberry Muffin,Bakery,2,3.67,7.34
4155,502187,Cold Brew,Beverage,1,4.73,4.73
4156,502188,Espresso,Beverage,1,2.92,2.92
4157,502189,Granola Bar,Snack,1,2.74,2.74
4158,502190,Veggie Wrap,Food,1,7.62,7.62
4159,502191,Cold Brew,Beverage,1,4.62,4.62
4160,502192,Iced Tea,Beverage,1,3.44,3.44
4161,502193,Croissant,Bakery,1,3.22,3.22
4162,502194,Avocado Toast,Food,1,7.31,7.31
4163,502194,Croissant,Bakery,1,3.2,3.2
4164,502194,Veggie Wrap,Food,2,7.6,15.2
4165,502195,Granola Bar,Snack,2,2.72,5.44
4166,502196,Caesar Salad,Food,1,8.15,8.15
4167,502197,Veggie Wrap,Food,2,7.72,15.44
4168,502197,Blueberry Muffin,Bakery,1,3.7,3.7
4169,502198,Blueberry Muffin,Bakery,1,3.64,3.64
4170,502198,Caesar Salad,Food,1,8.08,8.08
4171,502198,Turkey Sandwich,Food,1,8.45,8.45
4172,502199,Cold Brew,Beverage,1,4.62,4.62
4173,502199,Chocolate Chip Cookie,Bakery,1,2.44,2.44
4174,502200,Fruit Cup,Snack,1,3.42,3.42
4175,502201,Caesar Salad,Food,2,8.2,16.4
4176,502202,Iced Tea,Beverage,1,3.42,3.42
4177,502202,Turkey Sandwich,Food,2,8.27,16.54
4178,502203,Chocolate Chip Cookie,Bakery,1,2.47,2.47
4179,502204,Cold Brew,Beverage,1,4.75,4.75
4180,502204,Iced Tea,Beverage,1,3.41,3.41
4181,502205,Cappuccino,Beverage,1,4.15,4.15
4182,502205,Veggie Wrap,Food,1,7.53,7.53
4183,502206,Blueberry Muffin,Bakery,1,3.66,3.66
4184,502206,Croissant,Bakery,1,3.23,3.23
4185,502206,Espresso,Beverage,1,2.95,2.95
4186,502207,Fruit Cup,Snack,1,3.43,3.43
4187,502208,Cappuccino,Beverage,1,4.2,4.2
4188,502208,Blueberry Muffin,Bakery,1,3.71,3.71
4189,502208,Veggie Wrap,Food,1,7.71,7.71
4190,502208,Iced Tea,Beverage,2,3.45,6.9
4191,502209,Avocado Toast,Food,1,7.4,7.4
4192,502210,Iced Tea,Beverage,1,3.48,3.48
4193,502210,Fruit Cup,Snack,1,3.43,3.43
4194,502211,Turkey Sandwich,Food,1,8.46,8.46
4195,502212,Iced Tea,Beverage,2,3.46,6.92
4196,502213,Turkey Sandwich,Food,2,8.32,16.64
4197,502213,Veggie Wrap,Food,2,7.52,15.04
4198,502214,Cold Brew,Beverage,1,4.66,4.66
4199,502215,Caesar Salad,Food,1,8.19,8.19
4200,502216,Croissant,Bakery,2,3.22,6.44
4201,502217,Turkey Sandwich,Food,1,8.37,8.37
4202,502217,Iced Tea,Beverage,1,3.48,3.48
4203,502217,Granola Bar,Snack,1,2.74,2.74
4204,502218,Iced Tea,Beverage,1,3.48,3.48
4205,502218,Cappuccino,Beverage,1,4.21,4.21
4206,502219,Turkey Sandwich,Food,1,8.34,8.34
4207,502220,Bagel with Cream Cheese,Bakery,1,3.92,3.92
4208,502221,Latte,Beverage,1,4.45,4.45
4209,502221,Avocado Toast,Food,1,7.47,7.47
4210,502221,Chocolate Chip Cookie,Bakery,1,2.48,2.48
4211,502221,Caesar Salad,Food,1,8.0,8.0
4212,502222,Bagel with Cream Cheese,Bakery,1,3.95,3.95
4213,502223,Fruit Cup,Snack,2,3.49,6.98
4214,502223,Avocado Toast,Food,1,7.44,7.44
4215,502224,Chocolate Chip Cookie,Bakery,1,2.47,2.47
4216,502224,Fruit Cup,Snack,1,3.45,3.45
4217,502224,Croissant,Bakery,1,3.17,3.17
4218,502225,Iced Tea,Beverage,1,3.44,3.44
4219,502226,Cold Brew,Beverage,1,4.69,4.69
4220,502226,Fruit Cup,Snack,1,3.44,3.44
4221,502226,Granola Bar,Snack,1,2.73,2.73
4222,502226,Espresso,Beverage,2,2.96,5.92
4223,502227,Cold Brew,Beverage,1,4.67,4.67
4224,502228,Granola Bar,Snack,1,2.74,2.74
4225,502228,Chocolate Chip Cookie,Bakery,1,2.46,2.46
4226,502229,Croissant,Bakery,2,3.23,6.46
4227,502230,Turkey Sandwich,Food,2,8.39,16.78
4228,502231,Chocolate Chip Cookie,Bakery,1,2.47,2.47
4229,502232,Croissant,Bakery,1,3.21,3.21
4230,502233,Croissant,Bakery,1,3.17,3.17
4231,502234,Bagel with Cream Cheese,Bakery,1,3.99,3.99
4232,502234,Fruit Cup,Snack,1,3.45,3.45
4233,502235,Turkey Sandwich,Food,2,8.31,16.62
4234,502235,Latte,Beverage,1,4.47,4.47
4235,502235,Bagel with Cream Cheese,Bakery,1,3.91,3.91
4236,502235,Avocado Toast,Food,1,7.43,7.43
4237,502236,Cappuccino,Beverage,1,4.12,4.12
4238,502236,Iced Tea,Beverage,1,3.42,3.42
4239,502237,Croissant,Bakery,1,3.17,3.17
4240,502238,Chocolate Chip Cookie,Bakery,1,2.49,2.49
4241,502239,Cold Brew,Beverage,1,4.64,4.64
4242,502240,Chocolate Chip Cookie,Bakery,1,2.46,2.46
4243,502241,Bagel with Cream Cheese,Bakery,2,3.96,7.92
4244,502241,Fruit Cup,Snack,1,3.45,3.45
4245,502242,Chocolate Chip Cookie,Bakery,1,2.44,2.44
4246,502242,Caesar Salad,Food,1,8.19,8.19
4247,502243,Latte,Beverage,1,4.39,4.39
4248,502243,Croissant,Bakery,1,3.24,3.24
4249,502244,Caesar Salad,Food,2,8.1,16.2
4250,502244,Bagel with Cream Cheese,Bakery,1,3.95,3.95
4251,502244,Veggie Wrap,Food,1,7.61,7.61
4252,502245,Latte,Beverage,2,4.42,8.84
4253,502246,Bagel with Cream Cheese,Bakery,1,3.88,3.88
4254,502246,Espresso,Beverage,1,2.95,2.95
4255,502247,Blueberry Muffin,Bakery,1,3.66,3.66
4256,502247,Caesar Salad,Food,1,8.14,8.14
4257,502247,Granola Bar,Snack,1,2.72,2.72
4258,502248,Caesar Salad,Food,1,8.15,8.15
4259,502248,Croissant,Bakery,1,3.23,3.23
4260,502249,Granola Bar,Snack,1,2.71,2.71
4261,502249,Espresso,Beverage,1,2.95,2.95
4262,502250,Latte,Beverage,1,4.41,4.41
4263,502250,Cold Brew,Beverage,1,4.61,4.61
4264,502250,Croissant,Bakery,1,3.18,3.18
4265,502250,Turkey Sandwich,Food,1,8.36,8.36
4266,502251,Veggie Wrap,Food,2,7.74,15.48
4267,502251,Latte,Beverage,1,4.42,4.42
4268,502252,Granola Bar,Snack,1,2.67,2.67
4269,502252,Veggie Wrap,Food,2,7.69,15.38
4270,502253,Espresso,Beverage,1,2.93,2.93
4271,502254,Chocolate Chip Cookie,Bakery,1,2.46,2.46
4272,502255,Iced Tea,Beverage,2,3.44,6.88
4273,502255,Fruit Cup,Snack,1,3.41,3.41
4274,502255,Espresso,Beverage,1,2.99,2.99
4275,502256,Iced Tea,Beverage,2,3.4,6.8
4276,502257,Cappuccino,Beverage,1,4.21,4.21
4277,502257,Chocolate Chip Cookie,Bakery,1,2.44,2.44
4278,502257,Cold Brew,Beverage,1,4.74,4.74
4279,502258,Espresso,Beverage,1,3.0,3.0
4280,502258,Turkey Sandwich,Food,1,8.25,8.25
4281,502259,Chocolate Chip Cookie,Bakery,1,2.47,2.47
4282,502259,Blueberry Muffin,Bakery,2,3.74,7.48
4283,502260,Espresso,Beverage,1,2.96,2.96
4284,502260,Blueberry Muffin,Bakery,2,3.66,7.32
4285,502260,Granola Bar,Snack,2,2.72,5.44
4286,502261,Latte,Beverage,1,4.38,4.38
4287,502261,Chocolate Chip Cookie,Bakery,2,2.47,4.94
4288,502261,Avocado Toast,Food,1,7.43,7.43
4289,502261,Veggie Wrap,Food,1,7.65,7.65
4290,502262,Cappuccino,Beverage,1,4.19,4.19
4291,502262,Chocolate Chip Cookie,Bakery,2,2.43,4.86
4292,502263,Caesar Salad,Food,1,8.13,8.13
4293,502263,Bagel with Cream Cheese,Bakery,2,3.88,7.76
4294,502263,Blueberry Muffin,Bakery,1,3.67,3.67
4295,502264,Fruit Cup,Snack,1,3.48,3.48
4296,502264,Blueberry Muffin,Bakery,1,3.68,3.68
4297,502265,Cold Brew,Beverage,1,4.74,4.74
4298,502266,Turkey Sandwich,Food,1,8.47,8.47
4299,502266,Croissant,Bakery,2,3.22,6.44
4300,502267,Granola Bar,Snack,1,2.71,2.71
4301,502267,Bagel with Cream Cheese,Bakery,1,3.9,3.9
4302,502267,Fruit Cup,Snack,1,3.4,3.4
4303,502268,Bagel with Cream Cheese,Bakery,1,3.91,3.91
4304,502269,Latte,Beverage,1,4.4,4.4
4305,502269,Croissant,Bakery,1,3.18,3.18
4306,502269,Cold Brew,Beverage,1,4.72,4.72
4307,502270,Espresso,Beverage,1,2.99,2.99
4308,502271,Latte,Beverage,1,4.43,4.43
4309,502272,Fruit Cup,Snack,1,3.45,3.45
4310,502272,Turkey Sandwich,Food,1,8.39,8.39
4311,502273,Iced Tea,Beverage,1,3.47,3.47
4312,502274,Turkey Sandwich,Food,1,8.29,8.29
4313,502274,Avocado Toast,Food,1,7.46,7.46
4314,502274,Chocolate Chip Cookie,Bakery,1,2.45,2.45
4315,502275,Croissant,Bakery,1,3.17,3.17
4316,502276,Caesar Salad,Food,1,8.17,8.17
4317,502276,Croissant,Bakery,1,3.18,3.18
4318,502277,Chocolate Chip Cookie,Bakery,1,2.48,2.48
4319,502278,Veggie Wrap,Food,1,7.56,7.56
4320,502278,Fruit Cup,Snack,1,3.4,3.4
4321,502279,Caesar Salad,Food,1,8.17,8.17
4322,502279,Bagel with Cream Cheese,Bakery,1,3.93,3.93
4323,502280,Fruit Cup,Snack,2,3.45,6.9
4324,502281,Avocado Toast,Food,1,7.45,7.45
4325,502281,Espresso,Beverage,1,2.95,2.95
4326,502281,Chocolate Chip Cookie,Bakery,2,2.49,4.98
4327,502282,Avocado Toast,Food,1,7.44,7.44
4328,502283,Blueberry Muffin,Bakery,1,3.73,3.73
4329,502284,Cold Brew,Beverage,1,4.68,4.68
4330,502284,Bagel with Cream Cheese,Bakery,1,3.92,3.92
4331,502285,Blueberry Muffin,Bakery,1,3.74,3.74
4332,502285,Cappuccino,Beverage,1,4.2,4.2
4333,502286,Iced Tea,Beverage,1,3.48,3.48
4334,502286,Avocado Toast,Food,1,7.29,7.29
4335,502287,Croissant,Bakery,1,3.24,3.24
4336,502287,Veggie Wrap,Food,1,7.56,7.56
4337,502287,Latte,Beverage,1,4.39,4.39
4338,502287,Blueberry Muffin,Bakery,1,3.71,3.71
4339,502288,Avocado Toast,Food,1,7.29,7.29
4340,502288,Latte,Beverage,1,4.48,4.48
4341,502288,Croissant,Bakery,1,3.19,3.19
4342,502289,Espresso,Beverage,1,2.94,2.94
4343,502289,Cappuccino,Beverage,1,4.24,4.24
4344,502290,Iced Tea,Beverage,1,3.5,3.5
4345,502291,Fruit Cup,Snack,1,3.47,3.47
4346,502292,Cold Brew,Beverage,1,4.74,4.74
4347,502293,Granola Bar,Snack,1,2.68,2.68
4348,502294,Latte,Beverage,1,4.4,4.4
4349,502295,Caesar Salad,Food,1,8.05,8.05
4350,502295,Granola Bar,Snack,1,2.73,2.73
4351,502296,Avocado Toast,Food,1,7.31,7.31
4352,502296,Granola Bar,Snack,2,2.69,5.38
4353,502296,Veggie Wrap,Food,2,7.64,15.28
4354,502297,Espresso,Beverage,1,2.99,2.99
4355,502297,Blueberry Muffin,Bakery,1,3.69,3.69
4356,502298,Caesar Salad,Food,1,8.03,8.03
4357,502299,Chocolate Chip Cookie,Bakery,1,2.47,2.47
4358,502300,Veggie Wrap,Food,1,7.75,7.75
4359,502301,Blueberry Muffin,Bakery,1,3.65,3.65
4360,502302,Veggie Wrap,Food,1,7.63,7.63
4361,502303,Chocolate Chip Cookie,Bakery,1,2.45,2.45
4362,502304,Fruit Cup,Snack,2,3.5,7.0
4363,502305,Avocado Toast,Food,1,7.43,7.43
4364,502306,Bagel with Cream Cheese,Bakery,1,3.92,3.92
4365,502306,Croissant,Bakery,1,3.17,3.17
4366,502307,Avocado Toast,Food,2,7.45,14.9
4367,502308,Blueberry Muffin,Bakery,1,3.67,3.67
4368,502309,Bagel with Cream Cheese,Bakery,1,3.94,3.94
4369,502309,Croissant,Bakery,1,3.2,3.2
4370,502310,Croissant,Bakery,2,3.16,6.32
4371,502310,Bagel with Cream Cheese,Bakery,1,3.97,3.97
4372,502310,Cold Brew,Beverage,1,4.63,4.63
4373,502310,Cappuccino,Beverage,1,4.23,4.23
4374,502311,Cappuccino,Beverage,1,4.18,4.18
4375,502311,Bagel with Cream Cheese,Bakery,1,3.9,3.9
4376,502312,Avocado Toast,Food,1,7.3,7.3
4377,502313,Veggie Wrap,Food,1,7.66,7.66
4378,502313,Cappuccino,Beverage,1,4.14,4.14
4379,502313,Iced Tea,Beverage,1,3.4,3.4
4380,502314,Cold Brew,Beverage,1,4.66,4.66
4381,502314,Avocado Toast,Food,1,7.48,7.48
4382,502315,Chocolate Chip Cookie,Bakery,1,2.49,2.49
4383,502316,Veggie Wrap,Food,1,7.59,7.59
4384,502317,Granola Bar,Snack,1,2.69,2.69
4385,502318,Chocolate Chip Cookie,Bakery,1,2.45,2.45
4386,502319,Croissant,Bakery,2,3.24,6.48
4387,502319,Espresso,Beverage,1,2.92,2.92
4388,502320,Turkey Sandwich,Food,1,8.45,8.45
4389,502320,Iced Tea,Beverage,1,3.49,3.49
4390,502320,Cappuccino,Beverage,2,4.23,8.46
4391,502321,Cold Brew,Beverage,1,4.71,4.71
4392,502321,Blueberry Muffin,Bakery,1,3.65,3.65
4393,502322,Cappuccino,Beverage,1,4.15,4.15
4394,502323,Granola Bar,Snack,1,2.69,2.69
4395,502324,Avocado Toast,Food,2,7.45,14.9
4396,502325,Turkey Sandwich,Food,1,8.32,8.32
4397,502325,Croissant,Bakery,1,3.23,3.23
4398,502326,Turkey Sandwich,Food,1,8.39,8.39
4399,502327,Iced Tea,Beverage,1,3.47,3.47
4400,502327,Latte,Beverage,1,4.45,4.45
4401,502328,Iced Tea,Beverage,1,3.49,3.49
4402,502328,Bagel with Cream Cheese,Bakery,1,3.96,3.96
4403,502329,Cold Brew,Beverage,1,4.7,4.7
4404,502329,Iced Tea,Beverage,1,3.43,3.43
4405,502329,Granola Bar,Snack,1,2.71,2.71
4406,502330,Veggie Wrap,Food,2,7.57,15.14
4407,502331,Fruit Cup,Snack,1,3.47,3.47
4408,502332,Latte,Beverage,1,4.43,4.43
4409,502332,Avocado Toast,Food,1,7.38,7.38
4410,502333,Avocado Toast,Food,1,7.47,7.47
4411,502333,Iced Tea,Beverage,1,3.42,3.42
4412,502333,Bagel with Cream Cheese,Bakery,1,3.98,3.98
4413,502334,Avocado Toast,Food,1,7.43,7.43
4414,502334,Granola Bar,Snack,1,2.73,2.73
4415,502334,Blueberry Muffin,Bakery,2,3.73,7.46
4416,502335,Bagel with Cream Cheese,Bakery,1,3.97,3.97
4417,502336,Granola Bar,Snack,1,2.68,2.68
4418,502337,Granola Bar,Snack,1,2.67,2.67
4419,502337,Caesar Salad,Food,1,8.13,8.13
4420,502338,Caesar Salad,Food,1,8.2,8.2
4421,502338,Croissant,Bakery,1,3.23,3.23
4422,502339,Latte,Beverage,1,4.4,4.4
4423,502339,Veggie Wrap,Food,1,7.57,7.57
4424,502339,Cold Brew,Beverage,1,4.72,4.72
4425,502340,Turkey Sandwich,Food,1,8.28,8.28
4426,502341,Iced Tea,Beverage,1,3.47,3.47
4427,502341,Avocado Toast,Food,1,7.46,7.46
4428,502341,Latte,Beverage,1,4.4,4.4
4429,502342,Espresso,Beverage,1,2.97,2.97
4430,502342,Latte,Beverage,2,4.49,8.98
4431,502342,Avocado Toast,Food,1,7.5,7.5
4432,502343,Cappuccino,Beverage,1,4.16,4.16
4433,502344,Iced Tea,Beverage,1,3.46,3.46
4434,502344,Cold Brew,Beverage,1,4.7,4.7
4435,502345,Turkey Sandwich,Food,1,8.38,8.38
4436,502345,Bagel with Cream Cheese,Bakery,1,3.94,3.94
4437,502345,Granola Bar,Snack,1,2.71,2.71
4438,502346,Granola Bar,Snack,1,2.67,2.67
4439,502346,Latte,Beverage,1,4.37,4.37
4440,502346,Bagel with Cream Cheese,Bakery,1,3.92,3.92
4441,502346,Cappuccino,Beverage,1,4.13,4.13
4442,502347,Bagel with Cream Cheese,Bakery,1,3.89,3.89
4443,502348,Bagel with Cream Cheese,Bakery,1,3.99,3.99
4444,502349,Chocolate Chip Cookie,Bakery,1,2.43,2.43
4445,502349,Cappuccino,Beverage,1,4.23,4.23
4446,502349,Espresso,Beverage,1,2.98,2.98
4447,502350,Espresso,Beverage,2,2.93,5.86
4448,502351,Espresso,Beverage,1,2.96,2.96
4449,502351,Avocado Toast,Food,1,7.47,7.47
4450,502352,Cappuccino,Beverage,1,4.17,4.17
4451,502352,Iced Tea,Beverage,1,3.49,3.49
4452,502352,Granola Bar,Snack,1,2.72,2.72
4453,502353,Cappuccino,Beverage,2,4.18,8.36
4454,502353,Caesar Salad,Food,1,8.04,8.04
4455,502354,Bagel with Cream Cheese,Bakery,1,3.95,3.95
4456,502355,Cappuccino,Beverage,1,4.14,4.14
4457,502356,Blueberry Muffin,Bakery,1,3.7,3.7
4458,502357,Blueberry Muffin,Bakery,2,3.71,7.42
4459,502358,Bagel with Cream Cheese,Bakery,1,3.99,3.99
4460,502358,Cold Brew,Beverage,1,4.74,4.74
4461,502359,Caesar Salad,Food,2,8.2,16.4
4462,502359,Latte,Beverage,2,4.37,8.74
4463,502359,Bagel with Cream Cheese,Bakery,1,3.9,3.9
4464,502359,Croissant,Bakery,1,3.17,3.17
4465,502360,Granola Bar,Snack,2,2.74,5.48
4466,502360,Veggie Wrap,Food,1,7.71,7.71
4467,502360,Latte,Beverage,1,4.43,4.43
4468,502361,Turkey Sandwich,Food,1,8.35,8.35
4469,502361,Avocado Toast,Food,1,7.43,7.43
4470,502362,Avocado Toast,Food,1,7.33,7.33
4471,502363,Croissant,Bakery,1,3.17,3.17
4472,502363,Fruit Cup,Snack,1,3.43,3.43
4473,502364,Latte,Beverage,1,4.44,4.44
4474,502364,Fruit Cup,Snack,1,3.4,3.4
4475,502365,Caesar Salad,Food,1,8.15,8.15
4476,502366,Fruit Cup,Snack,1,3.49,3.49
4477,502367,Cappuccino,Beverage,1,4.18,4.18
4478,502367,Veggie Wrap,Food,1,7.7,7.7
4479,502367,Caesar Salad,Food,1,8.11,8.11
4480,502368,Croissant,Bakery,1,3.17,3.17
4481,502369,Cappuccino,Beverage,1,4.15,4.15
4482,502370,Caesar Salad,Food,1,8.17,8.17
4483,502370,Espresso,Beverage,1,2.98,2.98
4484,502370,Croissant,Bakery,2,3.21,6.42
4485,502371,Bagel with Cream Cheese,Bakery,2,3.98,7.96
4486,502371,Latte,Beverage,1,4.37,4.37
4487,502371,Veggie Wrap,Food,1,7.59,7.59
4488,502372,Croissant,Bakery,2,3.2,6.4
4489,502372,Veggie Wrap,Food,1,7.54,7.54
4490,502373,Granola Bar,Snack,1,2.72,2.72
4491,502373,Croissant,Bakery,1,3.22,3.22
4492,502374,Croissant,Bakery,1,3.21,3.21
4493,502375,Fruit Cup,Snack,2,3.42,6.84
4494,502376,Iced Tea,Beverage,1,3.42,3.42
4495,502376,Turkey Sandwich,Food,1,8.26,8.26
4496,502377,Turkey Sandwich,Food,1,8.38,8.38
4497,502377,Blueberry Muffin,Bakery,1,3.72,3.72
4498,502378,Fruit Cup,Snack,1,3.46,3.46
4499,502378,Bagel with Cream Cheese,Bakery,1,3.98,3.98
4500,502379,Bagel with Cream Cheese,Bakery,1,3.9,3.9
4501,502380,Bagel with Cream Cheese,Bakery,2,3.99,7.98
4502,502380,Fruit Cup,Snack,1,3.44,3.44
4503,502381,Cold Brew,Beverage,1,4.62,4.62
4504,502381,Latte,Beverage,1,4.41,4.41
4505,502382,Chocolate Chip Cookie,Bakery,1,2.49,2.49
4506,502382,Turkey Sandwich,Food,1,8.26,8.26
4507,502382,Avocado Toast,Food,1,7.44,7.44
4508,502382,Veggie Wrap,Food,1,7.53,7.53
4509,502383,Espresso,Beverage,1,2.99,2.99
4510,502384,Cold Brew,Beverage,1,4.65,4.65
4511,502384,Caesar Salad,Food,1,8.13,8.13
4512,502384,Granola Bar,Snack,1,2.69,2.69
4513,502385,Fruit Cup,Snack,1,3.42,3.42
4514,502385,Caesar Salad,Food,1,8.21,8.21
4515,502385,Cappuccino,Beverage,1,4.23,4.23
4516,502386,Granola Bar,Snack,1,2.7,2.7
4517,502386,Caesar Salad,Food,1,8.07,8.07
4518,502386,Veggie Wrap,Food,2,7.73,15.46
4519,502387,Chocolate Chip Cookie,Bakery,1,2.46,2.46
4520,502388,Granola Bar,Snack,1,2.69,2.69
4521,502388,Caesar Salad,Food,2,8.17,16.34
4522,502389,Iced Tea,Beverage,1,3.43,3.43
4523,502390,Chocolate Chip Cookie,Bakery,1,2.43,2.43
4524,502390,Caesar Salad,Food,1,8.22,8.22
4525,502390,Espresso,Beverage,2,2.97,5.94
4526,502391,Cappuccino,Beverage,2,4.18,8.36
4527,502391,Turkey Sandwich,Food,1,8.32,8.32
4528,502392,Avocado Toast,Food,1,7.41,7.41
4529,502393,Bagel with Cream Cheese,Bakery,1,3.99,3.99
4530,502393,Croissant,Bakery,1,3.22,3.22
4531,502393,Turkey Sandwich,Food,1,8.42,8.42
4532,502394,Veggie Wrap,Food,1,7.7,7.7
4533,502395,Bagel with Cream Cheese,Bakery,2,3.93,7.86
4534,502396,Chocolate Chip Cookie,Bakery,1,2.46,2.46
4535,502396,Veggie Wrap,Food,1,7.72,7.72
4536,502396,Blueberry Muffin,Bakery,2,3.71,7.42
4537,502397,Espresso,Beverage,1,2.96,2.96
4538,502397,Turkey Sandwich,Food,1,8.27,8.27
4539,502398,Latte,Beverage,1,4.41,4.41
4540,502398,Chocolate Chip Cookie,Bakery,1,2.48,2.48
4541,502399,Blueberry Muffin,Bakery,1,3.68,3.68
4542,502399,Croissant,Bakery,1,3.17,3.17
4543,502400,Chocolate Chip Cookie,Bakery,1,2.45,2.45
4544,502401,Bagel with Cream Cheese,Bakery,1,3.89,3.89
4545,502402,Avocado Toast,Food,1,7.38,7.38
4546,502403,Bagel with Cream Cheese,Bakery,1,3.99,3.99
4547,502403,Croissant,Bakery,1,3.25,3.25
4548,502403,Chocolate Chip Cookie,Bakery,1,2.44,2.44
4549,502404,Latte,Beverage,1,4.38,4.38
4550,502404,Blueberry Muffin,Bakery,1,3.64,3.64
4551,502405,Veggie Wrap,Food,1,7.7,7.7
4552,502405,Cappuccino,Beverage,1,4.15,4.15
4553,502406,Turkey Sandwich,Food,1,8.4,8.4
4554,502407,Cold Brew,Beverage,1,4.64,4.64
4555,502408,Espresso,Beverage,1,2.95,2.95
4556,502408,Blueberry Muffin,Bakery,1,3.71,3.71
4557,502408,Iced Tea,Beverage,1,3.47,3.47
4558,502408,Caesar Salad,Food,1,8.02,8.02
4559,502409,Blueberry Muffin,Bakery,2,3.67,7.34
4560,502410,Caesar Salad,Food,1,8.1,8.1
4561,502410,Bagel with Cream Cheese,Bakery,1,3.96,3.96
4562,502411,Iced Tea,Beverage,1,3.45,3.45
4563,502412,Veggie Wrap,Food,1,7.7,7.7
4564,502412,Cappuccino,Beverage,1,4.16,4.16
4565,502413,Granola Bar,Snack,2,2.74,5.48
4566,502413,Iced Tea,Beverage,1,3.41,3.41
4567,502414,Chocolate Chip Cookie,Bakery,1,2.44,2.44
4568,502414,Avocado Toast,Food,1,7.48,7.48
4569,502415,Granola Bar,Snack,1,2.72,2.72
4570,502416,Granola Bar,Snack,1,2.68,2.68
4571,502416,Veggie Wrap,Food,1,7.62,7.62
4572,502416,Chocolate Chip Cookie,Bakery,1,2.45,2.45
4573,502417,Croissant,Bakery,1,3.23,3.23
4574,502417,Veggie Wrap,Food,1,7.68,7.68
4575,502417,Avocado Toast,Food,2,7.4,14.8
4576,502417,Caesar Salad,Food,2,8.08,16.16
4577,502418,Avocado Toast,Food,1,7.31,7.31
4578,502419,Blueberry Muffin,Bakery,1,3.72,3.72
4579,502419,Avocado Toast,Food,2,7.31,14.62
4580,502420,Fruit Cup,Snack,1,3.43,3.43
4581,502420,Croissant,Bakery,1,3.22,3.22
4582,502421,Croissant,Bakery,1,3.21,3.21
4583,502421,Granola Bar,Snack,1,2.67,2.67
4584,502422,Caesar Salad,Food,1,8.07,8.07
4585,502422,Espresso,Beverage,2,2.98,5.96
4586,502423,Granola Bar,Snack,1,2.71,2.71
4587,502423,Latte,Beverage,2,4.43,8.86
4588,502424,Veggie Wrap,Food,1,7.55,7.55
4589,502425,Fruit Cup,Snack,2,3.4,6.8
4590,502426,Croissant,Bakery,1,3.22,3.22
4591,502426,Cold Brew,Beverage,1,4.71,4.71
4592,502427,Croissant,Bakery,1,3.24,3.24
4593,502428,Latte,Beverage,1,4.43,4.43
4594,502429,Bagel with Cream Cheese,Bakery,1,3.94,3.94
4595,502430,Bagel with Cream Cheese,Bakery,1,3.9,3.9
4596,502431,Iced Tea,Beverage,1,3.46,3.46
4597,502431,Granola Bar,Snack,1,2.7,2.7
4598,502431,Caesar Salad,Food,1,8.24,8.24
4599,502432,Espresso,Beverage,1,2.96,2.96
4600,502433,Croissant,Bakery,1,3.2,3.2
4601,502433,Espresso,Beverage,1,2.94,2.94
4602,502433,Avocado Toast,Food,1,7.43,7.43
4603,502433,Granola Bar,Snack,2,2.69,5.38
4604,502434,Bagel with Cream Cheese,Bakery,2,3.91,7.82
4605,502434,Turkey Sandwich,Food,1,8.49,8.49
4606,502435,Fruit Cup,Snack,1,3.47,3.47
4607,502436,Veggie Wrap,Food,1,7.61,7.61
4608,502437,Cappuccino,Beverage,1,4.14,4.14
4609,502438,Caesar Salad,Food,1,8.04,8.04
4610,502438,Fruit Cup,Snack,1,3.41,3.41
4611,502439,Cold Brew,Beverage,2,4.74,9.48
4612,502440,Bagel with Cream Cheese,Bakery,1,3.93,3.93
4613,502440,Caesar Salad,Food,2,8.22,16.44
4614,502441,Croissant,Bakery,1,3.23,3.23
4615,502442,Granola Bar,Snack,1,2.7,2.7
4616,502443,Bagel with Cream Cheese,Bakery,1,3.98,3.98
4617,502444,Cold Brew,Beverage,1,4.71,4.71
4618,502445,Espresso,Beverage,1,2.92,2.92
4619,502445,Bagel with Cream Cheese,Bakery,1,3.97,3.97
4620,502446,Espresso,Beverage,1,2.98,2.98
4621,502447,Granola Bar,Snack,1,2.69,2.69
4622,502447,Chocolate Chip Cookie,Bakery,2,2.46,4.92
4623,502448,Blueberry Muffin,Bakery,1,3.7,3.7
4624,502448,Granola Bar,Snack,1,2.7,2.7
4625,502449,Cold Brew,Beverage,2,4.65,9.3
4626,502449,Espresso,Beverage,2,2.96,5.92
4627,502449,Turkey Sandwich,Food,1,8.31,8.31
4628,502450,Bagel with Cream Cheese,Bakery,1,3.94,3.94
4629,502451,Chocolate Chip Cookie,Bakery,1,2.47,2.47
4630,502452,Fruit Cup,Snack,1,3.46,3.46
4631,502453,Caesar Salad,Food,2,8.19,16.38
4632,502454,Croissant,Bakery,1,3.17,3.17
4633,502455,Blueberry Muffin,Bakery,1,3.69,3.69
4634,502455,Iced Tea,Beverage,1,3.46,3.46
4635,502455,Cold Brew,Beverage,1,4.64,4.64
4636,502456,Chocolate Chip Cookie,Bakery,1,2.49,2.49
4637,502456,Cold Brew,Beverage,1,4.64,4.64
4638,502456,Latte,Beverage,1,4.47,4.47
4639,502456,Turkey Sandwich,Food,1,8.28,8.28
4640,502457,Cold Brew,Beverage,1,4.7,4.7
4641,502458,Latte,Beverage,1,4.4,4.4
4642,502458,Croissant,Bakery,1,3.2,3.2
4643,502459,Chocolate Chip Cookie,Bakery,1,2.44,2.44
4644,502460,Chocolate Chip Cookie,Bakery,1,2.5,2.5
4645,502461,Caesar Salad,Food,1,8.24,8.24
4646,502461,Chocolate Chip Cookie,Bakery,1,2.45,2.45
4647,502462,Turkey Sandwich,Food,1,8.28,8.28
4648,502463,Fruit Cup,Snack,1,3.41,3.41
4649,502463,Chocolate Chip Cookie,Bakery,1,2.5,2.5
4650,502463,Latte,Beverage,1,4.48,4.48
4651,502464,Turkey Sandwich,Food,1,8.28,8.28
4652,502464,Caesar Salad,Food,1,8.01,8.01
4653,502465,Latte,Beverage,1,4.48,4.48
4654,502465,Avocado Toast,Food,1,7.31,7.31
4655,502466,Chocolate Chip Cookie,Bakery,1,2.45,2.45
4656,502467,Avocado Toast,Food,1,7.41,7.41
4657,502467,Granola Bar,Snack,1,2.67,2.67
4658,502468,Fruit Cup,Snack,1,3.45,3.45
4659,502468,Chocolate Chip Cookie,Bakery,1,2.44,2.44
4660,502469,Fruit Cup,Snack,1,3.41,3.41
4661,502469,Avocado Toast,Food,2,7.4,14.8
4662,502470,Croissant,Bakery,1,3.23,3.23
4663,502470,Cold Brew,Beverage,1,4.62,4.62
4664,502470,Avocado Toast,Food,1,7.45,7.45
4665,502470,Turkey Sandwich,Food,1,8.49,8.49
4666,502471,Veggie Wrap,Food,1,7.68,7.68
4667,502471,Granola Bar,Snack,1,2.7,2.7
4668,502472,Chocolate Chip Cookie,Bakery,1,2.46,2.46
4669,502472,Blueberry Muffin,Bakery,1,3.65,3.65
4670,502473,Granola Bar,Snack,1,2.73,2.73
4671,502473,Cappuccino,Beverage,2,4.24,8.48
4672,502473,Cold Brew,Beverage,2,4.64,9.28
4673,502473,Caesar Salad,Food,1,8.13,8.13
4674,502474,Croissant,Bakery,1,3.18,3.18
4675,502475,Latte,Beverage,1,4.37,4.37
4676,502475,Chocolate Chip Cookie,Bakery,1,2.49,2.49
4677,502476,Turkey Sandwich,Food,1,8.34,8.34
4678,502476,Fruit Cup,Snack,2,3.5,7.0
4679,502477,Latte,Beverage,1,4.49,4.49
4680,502477,Avocado Toast,Food,1,7.38,7.38
4681,502477,Espresso,Beverage,1,2.97,2.97
4682,502477,Bagel with Cream Cheese,Bakery,1,3.95,3.95
4683,502478,Bagel with Cream Cheese,Bakery,1,3.99,3.99
4684,502478,Turkey Sandwich,Food,1,8.29,8.29
4685,502478,Cappuccino,Beverage,1,4.16,4.16
4686,502478,Cold Brew,Beverage,1,4.7,4.7
4687,502479,Cold Brew,Beverage,1,4.63,4.63
4688,502479,Croissant,Bakery,1,3.17,3.17
4689,502479,Turkey Sandwich,Food,1,8.31,8.31
4690,502480,Fruit Cup,Snack,1,3.47,3.47
4691,502481,Fruit Cup,Snack,2,3.47,6.94
4692,502481,Espresso,Beverage,2,2.98,5.96
4693,502481,Cold Brew,Beverage,1,4.72,4.72
4694,502482,Granola Bar,Snack,2,2.7,5.4
4695,502482,Bagel with Cream Cheese,Bakery,1,3.9,3.9
4696,502483,Iced Tea,Beverage,1,3.4,3.4
4697,502483,Espresso,Beverage,1,2.99,2.99
4698,502483,Avocado Toast,Food,1,7.3,7.3
4699,502484,Blueberry Muffin,Bakery,1,3.71,3.71
4700,502484,Bagel with Cream Cheese,Bakery,1,3.9,3.9
4701,502484,Fruit Cup,Snack,1,3.42,3.42
4702,502484,Veggie Wrap,Food,2,7.73,15.46
4703,502485,Granola Bar,Snack,1,2.73,2.73
4704,502485,Espresso,Beverage,1,2.98,2.98
4705,502485,Turkey Sandwich,Food,1,8.27,8.27
4706,502485,Veggie Wrap,Food,1,7.67,7.67
4707,502486,Cappuccino,Beverage,1,4.21,4.21
4708,502487,Granola Bar,Snack,1,2.69,2.69
4709,502488,Iced Tea,Beverage,2,3.42,6.84
4710,502489,Iced Tea,Beverage,1,3.49,3.49
4711,502490,Espresso,Beverage,1,2.92,2.92
4712,502490,Latte,Beverage,1,4.43,4.43
4713,502491,Granola Bar,Snack,1,2.75,2.75
4714,502492,Granola Bar,Snack,1,2.74,2.74
4715,502493,Chocolate Chip Cookie,Bakery,1,2.48,2.48
4716,502494,Latte,Beverage,1,4.4,4.4
4717,502494,Iced Tea,Beverage,1,3.43,3.43
4718,502495,Fruit Cup,Snack,1,3.46,3.46
4719,502496,Bagel with Cream Cheese,Bakery,1,3.92,3.92
4720,502496,Cold Brew,Beverage,1,4.67,4.67
4721,502497,Latte,Beverage,1,4.37,4.37
4722,502497,Turkey Sandwich,Food,1,8.44,8.44
4723,502498,Veggie Wrap,Food,1,7.52,7.52
4724,502499,Caesar Salad,Food,1,8.09,8.09
4725,502500,Bagel with Cream Cheese,Bakery,1,3.98,3.98
4726,502500,Caesar Salad,Food,1,8.1,8.1
4727,502500,Turkey Sandwich,Food,2,8.28,16.56
4728,502500,Granola Bar,Snack,1,2.74,2.74
4729,502501,Caesar Salad,Food,1,8.08,8.08
4730,502501,Cold Brew,Beverage,1,4.64,4.64
4731,502501,Granola Bar,Snack,1,2.71,2.71
4732,502502,Croissant,Bakery,1,3.16,3.16
4733,502503,Espresso,Beverage,1,2.99,2.99
4734,502503,Croissant,Bakery,1,3.16,3.16
4735,502504,Bagel with Cream Cheese,Bakery,1,3.96,3.96
4736,502505,Iced Tea,Beverage,2,3.5,7.0
4737,502506,Cold Brew,Beverage,1,4.64,4.64
4738,502507,Cold Brew,Beverage,1,4.65,4.65
4739,502508,Fruit Cup,Snack,1,3.43,3.43
4740,502508,Cold Brew,Beverage,2,4.68,9.36
4741,502508,Iced Tea,Beverage,1,3.43,3.43
4742,502509,Veggie Wrap,Food,2,7.54,15.08
4743,502509,Blueberry Muffin,Bakery,1,3.75,3.75
4744,502510,Fruit Cup,Snack,2,3.5,7.0
4745,502510,Avocado Toast,Food,1,7.35,7.35
4746,502510,Blueberry Muffin,Bakery,1,3.73,3.73
4747,502511,Latte,Beverage,1,4.44,4.44
4748,502511,Iced Tea,Beverage,1,3.44,3.44
4749,502512,Espresso,Beverage,1,2.96,2.96
4750,502513,Avocado Toast,Food,1,7.48,7.48
4751,502513,Espresso,Beverage,1,2.98,2.98
4752,502514,Cappuccino,Beverage,2,4.19,8.38
4753,502515,Avocado Toast,Food,1,7.39,7.39
4754,502516,Cold Brew,Beverage,1,4.72,4.72
4755,502516,Iced Tea,Beverage,1,3.45,3.45
4756,502517,Granola Bar,Snack,2,2.71,5.42
4757,502517,Croissant,Bakery,1,3.18,3.18
4758,502518,Cappuccino,Beverage,1,4.21,4.21
4759,502519,Bagel with Cream Cheese,Bakery,1,3.9,3.9
4760,502519,Chocolate Chip Cookie,Bakery,1,2.45,2.45
4761,502519,Espresso,Beverage,1,2.98,2.98
4762,502520,Cold Brew,Beverage,1,4.64,4.64
4763,502521,Fruit Cup,Snack,1,3.43,3.43
4764,502522,Avocado Toast,Food,2,7.37,14.74
4765,502523,Bagel with Cream Cheese,Bakery,1,3.95,3.95
4766,502524,Veggie Wrap,Food,1,7.67,7.67
4767,502524,Bagel with Cream Cheese,Bakery,1,3.9,3.9
4768,502525,Cold Brew,Beverage,1,4.63,4.63
4769,502525,Veggie Wrap,Food,1,7.56,7.56
4770,502526,Cappuccino,Beverage,2,4.17,8.34
4771,502526,Chocolate Chip Cookie,Bakery,1,2.49,2.49
4772,502526,Fruit Cup,Snack,1,3.44,3.44
4773,502527,Croissant,Bakery,1,3.23,3.23
4774,502527,Blueberry Muffin,Bakery,1,3.65,3.65
4775,502527,Cold Brew,Beverage,1,4.62,4.62
4776,502528,Iced Tea,Beverage,1,3.48,3.48
4777,502528,Turkey Sandwich,Food,1,8.46,8.46
4778,502529,Cappuccino,Beverage,1,4.2,4.2
4779,502529,Blueberry Muffin,Bakery,1,3.68,3.68
4780,502530,Croissant,Bakery,2,3.18,6.36
4781,502530,Cappuccino,Beverage,2,4.23,8.46
4782,502531,Iced Tea,Beverage,1,3.46,3.46
4783,502531,Veggie Wrap,Food,1,7.62,7.62
4784,502531,Avocado Toast,Food,1,7.31,7.31
4785,502532,Turkey Sandwich,Food,2,8.33,16.66
4786,502532,Cold Brew,Beverage,1,4.74,4.74
4787,502533,Chocolate Chip Cookie,Bakery,2,2.43,4.86
4788,502534,Chocolate Chip Cookie,Bakery,1,2.47,2.47
4789,502534,Cappuccino,Beverage,1,4.23,4.23
4790,502534,Latte,Beverage,2,4.43,8.86
4791,502535,Latte,Beverage,1,4.47,4.47
4792,502536,Avocado Toast,Food,1,7.43,7.43
4793,502536,Bagel with Cream Cheese,Bakery,1,3.98,3.98
4794,502537,Avocado Toast,Food,1,7.31,7.31
4795,502537,Caesar Salad,Food,1,8.11,8.11
4796,502538,Turkey Sandwich,Food,1,8.3,8.3
4797,502538,Espresso,Beverage,1,2.94,2.94
4798,502539,Granola Bar,Snack,1,2.74,2.74
4799,502539,Fruit Cup,Snack,1,3.4,3.4
4800,502539,Iced Tea,Beverage,1,3.4,3.4
4801,502540,Latte,Beverage,1,4.4,4.4
4802,502541,Latte,Beverage,1,4.44,4.44
4803,502542,Granola Bar,Snack,1,2.75,2.75
4804,502543,Cold Brew,Beverage,1,4.62,4.62
4805,502544,Latte,Beverage,1,4.48,4.48
4806,502544,Turkey Sandwich,Food,1,8.3,8.3
4807,502544,Blueberry Muffin,Bakery,1,3.66,3.66
4808,502545,Blueberry Muffin,Bakery,1,3.65,3.65
4809,502546,Bagel with Cream Cheese,Bakery,1,3.96,3.96
4810,502546,Cappuccino,Beverage,1,4.2,4.2
4811,502547,Iced Tea,Beverage,1,3.49,3.49
4812,502548,Turkey Sandwich,Food,1,8.4,8.4
4813,502548,Cappuccino,Beverage,1,4.21,4.21
4814,502548,Bagel with Cream Cheese,Bakery,1,3.93,3.93
4815,502549,Cappuccino,Beverage,1,4.16,4.16
4816,502550,Cappuccino,Beverage,1,4.18,4.18
4817,502551,Croissant,Bakery,1,3.21,3.21
4818,502551,Veggie Wrap,Food,1,7.71,7.71
4819,502551,Fruit Cup,Snack,1,3.45,3.45
4820,502551,Turkey Sandwich,Food,1,8.3,8.3
4821,502552,Latte,Beverage,1,4.47,4.47
4822,502553,Espresso,Beverage,1,2.92,2.92
4823,502553,Fruit Cup,Snack,1,3.4,3.4
4824,502553,Turkey Sandwich,Food,1,8.47,8.47
4825,502554,Avocado Toast,Food,1,7.48,7.48
4826,502554,Caesar Salad,Food,1,8.21,8.21
4827,502554,Latte,Beverage,1,4.37,4.37
4828,502555,Cold Brew,Beverage,1,4.71,4.71
4829,502556,Croissant,Bakery,1,3.16,3.16
4830,502557,Blueberry Muffin,Bakery,1,3.69,3.69
4831,502558,Bagel with Cream Cheese,Bakery,1,3.97,3.97
4832,502558,Granola Bar,Snack,1,2.69,2.69
4833,502558,Veggie Wrap,Food,1,7.59,7.59
4834,502559,Bagel with Cream Cheese,Bakery,1,3.96,3.96
4835,502559,Veggie Wrap,Food,1,7.71,7.71
4836,502560,Caesar Salad,Food,2,8.16,16.32
4837,502561,Avocado Toast,Food,1,7.37,7.37
4838,502561,Blueberry Muffin,Bakery,1,3.67,3.67
4839,502562,Blueberry Muffin,Bakery,1,3.64,3.64
4840,502562,Caesar Salad,Food,1,8.22,8.22
4841,502562,Chocolate Chip Cookie,Bakery,1,2.5,2.5
4842,502563,Latte,Beverage,1,4.49,4.49
4843,502563,Chocolate Chip Cookie,Bakery,1,2.45,2.45
4844,502563,Caesar Salad,Food,1,8.16,8.16
4845,502564,Iced Tea,Beverage,2,3.41,6.82
4846,502564,Veggie Wrap,Food,1,7.72,7.72
4847,502564,Fruit Cup,Snack,1,3.42,3.42
4848,502565,Iced Tea,Beverage,1,3.41,3.41
4849,502565,Veggie Wrap,Food,2,7.72,15.44
4850,502566,Espresso,Beverage,1,2.97,2.97
4851,502567,Bagel with Cream Cheese,Bakery,1,3.95,3.95
4852,502567,Espresso,Beverage,1,2.94,2.94
4853,502567,Turkey Sandwich,Food,1,8.49,8.49
4854,502568,Granola Bar,Snack,1,2.74,2.74
4855,502568,Iced Tea,Beverage,1,3.4,3.4
4856,502569,Chocolate Chip Cookie,Bakery,1,2.45,2.45
4857,502570,Cappuccino,Beverage,2,4.25,8.5
4858,502570,Chocolate Chip Cookie,Bakery,1,2.47,2.47
4859,502571,Chocolate Chip Cookie,Bakery,1,2.49,2.49
4860,502571,Bagel with Cream Cheese,Bakery,1,3.98,3.98
4861,502571,Iced Tea,Beverage,1,3.46,3.46
4862,502572,Avocado Toast,Food,1,7.5,7.5
4863,502573,Turkey Sandwich,Food,1,8.25,8.25
4864,502574,Croissant,Bakery,1,3.21,3.21
4865,502574,Iced Tea,Beverage,1,3.41,3.41
4866,502574,Cappuccino,Beverage,2,4.23,8.46
4867,502575,Croissant,Bakery,2,3.23,6.46
4868,502575,Veggie Wrap,Food,2,7.75,15.5
4869,502575,Blueberry Muffin,Bakery,1,3.72,3.72
4870,502576,Granola Bar,Snack,1,2.69,2.69
4871,502577,Cold Brew,Beverage,1,4.69,4.69
4872,502577,Croissant,Bakery,1,3.24,3.24
4873,502578,Blueberry Muffin,Bakery,1,3.72,3.72
4874,502579,Chocolate Chip Cookie,Bakery,1,2.45,2.45
4875,502580,Espresso,Beverage,2,2.97,5.94
4876,502580,Turkey Sandwich,Food,1,8.43,8.43
4877,502581,Granola Bar,Snack,1,2.74,2.74
4878,502581,Cold Brew,Beverage,2,4.64,9.28
4879,502581,Croissant,Bakery,1,3.18,3.18
4880,502581,Veggie Wrap,Food,1,7.72,7.72
4881,502582,Cappuccino,Beverage,1,4.14,4.14
4882,502582,Bagel with Cream Cheese,Bakery,1,3.99,3.99
4883,502582,Avocado Toast,Food,1,7.31,7.31
4884,502582,Caesar Salad,Food,1,8.16,8.16
4885,502583,Iced Tea,Beverage,1,3.48,3.48
4886,502584,Chocolate Chip Cookie,Bakery,1,2.44,2.44
4887,502584,Iced Tea,Beverage,1,3.49,3.49
4888,502585,Croissant,Bakery,1,3.24,3.24
4889,502585,Cold Brew,Beverage,1,4.73,4.73
4890,502585,Iced Tea,Beverage,1,3.44,3.44
4891,502586,Cold Brew,Beverage,1,4.72,4.72
4892,502586,Chocolate Chip Cookie,Bakery,1,2.45,2.45
4893,502586,Iced Tea,Beverage,1,3.49,3.49
4894,502586,Cappuccino,Beverage,1,4.19,4.19
4895,502587,Bagel with Cream Cheese,Bakery,1,3.9,3.9
4896,502587,Latte,Beverage,1,4.45,4.45
4897,502588,Granola Bar,Snack,1,2.73,2.73
4898,502588,Latte,Beverage,1,4.49,4.49
4899,502588,Blueberry Muffin,Bakery,1,3.65,3.65
4900,502589,Veggie Wrap,Food,2,7.71,15.42
4901,502589,Iced Tea,Beverage,1,3.47,3.47
4902,502590,Fruit Cup,Snack,2,3.46,6.92
4903,502591,Granola Bar,Snack,1,2.69,2.69
4904,502592,Fruit Cup,Snack,1,3.43,3.43
4905,502592,Chocolate Chip Cookie,Bakery,1,2.48,2.48
4906,502592,Croissant,Bakery,1,3.19,3.19
4907,502593,Fruit Cup,Snack,2,3.45,6.9
4908,502594,Granola Bar,Snack,2,2.74,5.48
4909,502595,Cold Brew,Beverage,1,4.67,4.67
4910,502596,Avocado Toast,Food,1,7.29,7.29
4911,502596,Cappuccino,Beverage,1,4.21,4.21
4912,502597,Chocolate Chip Cookie,Bakery,2,2.47,4.94
4913,502598,Iced Tea,Beverage,1,3.44,3.44
4914,502599,Avocado Toast,Food,1,7.47,7.47
4915,502599,Iced Tea,Beverage,1,3.48,3.48
4916,502599,Latte,Beverage,1,4.39,4.39
4917,502600,Espresso,Beverage,2,2.99,5.98
4918,502601,Cappuccino,Beverage,1,4.19,4.19
4919,502601,Cold Brew,Beverage,1,4.65,4.65
4920,502601,Turkey Sandwich,Food,1,8.39,8.39
4921,502602,Fruit Cup,Snack,1,3.41,3.41
4922,502603,Cappuccino,Beverage,1,4.22,4.22
4923,502603,Chocolate Chip Cookie,Bakery,1,2.44,2.44
4924,502604,Veggie Wrap,Food,1,7.58,7.58
4925,502605,Iced Tea,Beverage,2,3.4,6.8
4926,502606,Chocolate Chip Cookie,Bakery,1,2.46,2.46
4927,502606,Latte,Beverage,1,4.39,4.39
4928,502607,Chocolate Chip Cookie,Bakery,1,2.47,2.47
4929,502608,Veggie Wrap,Food,1,7.64,7.64
4930,502608,Granola Bar,Snack,1,2.69,2.69
4931,502609,Bagel with Cream Cheese,Bakery,2,3.92,7.84
4932,502609,Cold Brew,Beverage,1,4.74,4.74
4933,502609,Chocolate Chip Cookie,Bakery,1,2.48,2.48
4934,502610,Chocolate Chip Cookie,Bakery,1,2.47,2.47
4935,502611,Caesar Salad,Food,1,8.18,8.18
4936,502612,Iced Tea,Beverage,1,3.41,3.41
4937,502613,Avocado Toast,Food,1,7.48,7.48
4938,502613,Chocolate Chip Cookie,Bakery,1,2.44,2.44
4939,502614,Latte,Beverage,1,4.42,4.42
4940,502614,Blueberry Muffin,Bakery,1,3.67,3.67
4941,502614,Cappuccino,Beverage,1,4.17,4.17
4942,502615,Latte,Beverage,1,4.48,4.48
4943,502616,Croissant,Bakery,1,3.21,3.21
4944,502616,Latte,Beverage,1,4.37,4.37
4945,502616,Turkey Sandwich,Food,1,8.45,8.45
4946,502617,Bagel with Cream Cheese,Bakery,1,3.98,3.98
4947,502617,Croissant,Bakery,1,3.18,3.18
4948,502617,Latte,Beverage,1,4.4,4.4
4949,502618,Cappuccino,Beverage,1,4.22,4.22
4950,502619,Chocolate Chip Cookie,Bakery,1,2.49,2.49
4951,502619,Avocado Toast,Food,2,7.37,14.74
4952,502620,Latte,Beverage,1,4.38,4.38
4953,502620,Granola Bar,Snack,2,2.7,5.4
4954,502621,Latte,Beverage,1,4.45,4.45
4955,502621,Blueberry Muffin,Bakery,1,3.7,3.7
4956,502622,Cold Brew,Beverage,1,4.71,4.71
4957,502623,Bagel with Cream Cheese,Bakery,1,3.98,3.98
4958,502623,Espresso,Beverage,2,2.95,5.9
4959,502624,Latte,Beverage,1,4.38,4.38
4960,502624,Turkey Sandwich,Food,1,8.26,8.26
4961,502624,Caesar Salad,Food,1,8.16,8.16
4962,502625,Cold Brew,Beverage,1,4.73,4.73
4963,502625,Avocado Toast,Food,1,7.35,7.35
4964,502626,Cold Brew,Beverage,1,4.72,4.72
4965,502627,Cappuccino,Beverage,1,4.2,4.2
4966,502627,Avocado Toast,Food,1,7.46,7.46
4967,502627,Caesar Salad,Food,2,8.14,16.28
4968,502627,Veggie Wrap,Food,1,7.56,7.56
4969,502628,Latte,Beverage,1,4.42,4.42
4970,502629,Iced Tea,Beverage,1,3.46,3.46
4971,502630,Latte,Beverage,2,4.41,8.82
4972,502631,Fruit Cup,Snack,2,3.48,6.96
4973,502631,Cold Brew,Beverage,1,4.69,4.69
4974,502632,Granola Bar,Snack,1,2.75,2.75
4975,502632,Espresso,Beverage,1,2.93,2.93
4976,502632,Cappuccino,Beverage,1,4.2,4.2
4977,502633,Blueberry Muffin,Bakery,1,3.73,3.73
4978,502633,Caesar Salad,Food,2,8.17,16.34
4979,502634,Latte,Beverage,1,4.41,4.41
4980,502634,Fruit Cup,Snack,1,3.43,3.43
4981,502635,Espresso,Beverage,2,2.92,5.84
4982,502636,Iced Tea,Beverage,1,3.42,3.42
4983,502637,Blueberry Muffin,Bakery,1,3.68,3.68
4984,502637,Bagel with Cream Cheese,Bakery,1,3.89,3.89
4985,502638,Espresso,Beverage,2,2.99,5.98
4986,502639,Latte,Beverage,1,4.39,4.39
4987,502639,Avocado Toast,Food,2,7.42,14.84
4988,502639,Chocolate Chip Cookie,Bakery,1,2.48,2.48
4989,502640,Blueberry Muffin,Bakery,1,3.75,3.75
4990,502641,Avocado Toast,Food,1,7.41,7.41
4991,502641,Turkey Sandwich,Food,2,8.26,16.52
4992,502642,Avocado Toast,Food,1,7.34,7.34
4993,502642,Granola Bar,Snack,1,2.71,2.71
4994,502643,Espresso,Beverage,1,2.92,2.92
4995,502644,Bagel with Cream Cheese,Bakery,2,3.97,7.94
4996,502645,Avocado Toast,Food,1,7.3,7.3
4997,502645,Chocolate Chip Cookie,Bakery,2,2.46,4.92
4998,502645,Granola Bar,Snack,1,2.69,2.69
4999,502646,Iced Tea,Beverage,2,3.4,6.8
5000,502647,Bagel with Cream Cheese,Bakery,1,3.9,3.9
5001,502648,Granola Bar,Snack,1,2.75,2.75
5002,502648,Chocolate Chip Cookie,Bakery,1,2.43,2.43
5003,502649,Iced Tea,Beverage,1,3.46,3.46
5004,502650,Fruit Cup,Snack,1,3.43,3.43
5005,502651,Latte,Beverage,1,4.49,4.49
5006,502651,Avocado Toast,Food,1,7.39,7.39
5007,502651,Turkey Sandwich,Food,1,8.39,8.39
5008,502652,Granola Bar,Snack,1,2.73,2.73
5009,502652,Turkey Sandwich,Food,1,8.29,8.29
5010,502653,Chocolate Chip Cookie,Bakery,2,2.49,4.98
5011,502653,Iced Tea,Beverage,1,3.4,3.4
5012,502653,Turkey Sandwich,Food,1,8.43,8.43
5013,502654,Croissant,Bakery,1,3.18,3.18
5014,502654,Cold Brew,Beverage,1,4.63,4.63
5015,502655,Avocado Toast,Food,2,7.3,14.6
5016,502656,Bagel with Cream Cheese,Bakery,1,3.93,3.93
5017,502656,Iced Tea,Beverage,2,3.47,6.94
5018,502656,Espresso,Beverage,1,2.98,2.98
5019,502657,Avocado Toast,Food,1,7.48,7.48
5020,502658,Bagel with Cream Cheese,Bakery,2,3.92,7.84
5021,502658,Veggie Wrap,Food,2,7.73,15.46
5022,502658,Blueberry Muffin,Bakery,1,3.65,3.65
5023,502659,Croissant,Bakery,1,3.24,3.24
5024,502660,Espresso,Beverage,1,2.97,2.97
5025,502660,Chocolate Chip Cookie,Bakery,1,2.46,2.46
5026,502660,Blueberry Muffin,Bakery,1,3.69,3.69
5027,502661,Cold Brew,Beverage,1,4.66,4.66
5028,502662,Bagel with Cream Cheese,Bakery,1,3.92,3.92
5029,502663,Fruit Cup,Snack,1,3.42,3.42
5030,502663,Cold Brew,Beverage,2,4.62,9.24
5031,502664,Espresso,Beverage,1,2.94,2.94
5032,502665,Avocado Toast,Food,1,7.31,7.31
5033,502666,Bagel with Cream Cheese,Bakery,2,3.91,7.82
5034,502666,Espresso,Beverage,1,2.95,2.95
5035,502666,Granola Bar,Snack,2,2.68,5.36
5036,502666,Blueberry Muffin,Bakery,1,3.66,3.66
5037,502667,Espresso,Beverage,1,2.93,2.93
5038,502668,Croissant,Bakery,1,3.17,3.17
5039,502669,Latte,Beverage,1,4.49,4.49
5040,502669,Bagel with Cream Cheese,Bakery,1,3.94,3.94
5041,502669,Caesar Salad,Food,2,8.1,16.2
5042,502670,Granola Bar,Snack,1,2.71,2.71
5043,502670,Fruit Cup,Snack,1,3.43,3.43
5044,502670,Turkey Sandwich,Food,1,8.44,8.44
5045,502670,Latte,Beverage,2,4.42,8.84
5046,502671,Caesar Salad,Food,2,8.08,16.16
5047,502671,Blueberry Muffin,Bakery,1,3.69,3.69
5048,502671,Croissant,Bakery,2,3.18,6.36
5049,502671,Turkey Sandwich,Food,1,8.31,8.31
5050,502672,Avocado Toast,Food,1,7.44,7.44
5051,502672,Veggie Wrap,Food,1,7.61,7.61
5052,502672,Croissant,Bakery,1,3.21,3.21
5053,502673,Fruit Cup,Snack,2,3.46,6.92
5054,502673,Bagel with Cream Cheese,Bakery,1,3.89,3.89
5055,502673,Caesar Salad,Food,1,8.18,8.18
5056,502673,Avocado Toast,Food,1,7.29,7.29
5057,502674,Latte,Beverage,2,4.47,8.94
5058,502675,Cappuccino,Beverage,1,4.24,4.24
5059,502676,Fruit Cup,Snack,1,3.4,3.4
5060,502677,Fruit Cup,Snack,1,3.41,3.41
5061,502678,Caesar Salad,Food,1,8.02,8.02
5062,502678,Latte,Beverage,1,4.49,4.49
5063,502679,Avocado Toast,Food,1,7.48,7.48
5064,502680,Croissant,Bakery,1,3.21,3.21
5065,502681,Croissant,Bakery,1,3.21,3.21
5066,502681,Veggie Wrap,Food,1,7.73,7.73
5067,502681,Cappuccino,Beverage,1,4.16,4.16
5068,502682,Cappuccino,Beverage,1,4.15,4.15
5069,502682,Chocolate Chip Cookie,Bakery,1,2.48,2.48
5070,502683,Turkey Sandwich,Food,1,8.49,8.49
5071,502684,Chocolate Chip Cookie,Bakery,2,2.46,4.92
5072,502685,Blueberry Muffin,Bakery,2,3.65,7.3
5073,502685,Iced Tea,Beverage,1,3.46,3.46
5074,502685,Veggie Wrap,Food,1,7.61,7.61
5075,502686,Cappuccino,Beverage,1,4.18,4.18
5076,502687,Turkey Sandwich,Food,1,8.48,8.48
5077,502688,Iced Tea,Beverage,1,3.46,3.46
5078,502688,Chocolate Chip Cookie,Bakery,1,2.49,2.49
5079,502689,Caesar Salad,Food,1,8.04,8.04
5080,502690,Latte,Beverage,1,4.4,4.4
5081,502691,Caesar Salad,Food,1,8.15,8.15
5082,502692,Veggie Wrap,Food,1,7.58,7.58
5083,502693,Caesar Salad,Food,1,8.12,8.12
5084,502693,Turkey Sandwich,Food,1,8.46,8.46
5085,502694,Cappuccino,Beverage,1,4.23,4.23
5086,502694,Latte,Beverage,2,4.38,8.76
5087,502694,Veggie Wrap,Food,1,7.75,7.75
5088,502695,Iced Tea,Beverage,2,3.47,6.94
5089,502696,Avocado Toast,Food,1,7.28,7.28
5090,502696,Granola Bar,Snack,1,2.68,2.68
5091,502696,Bagel with Cream Cheese,Bakery,1,3.97,3.97
5092,502697,Blueberry Muffin,Bakery,1,3.68,3.68
5093,502698,Turkey Sandwich,Food,1,8.38,8.38
5094,502698,Croissant,Bakery,1,3.24,3.24
5095,502698,Blueberry Muffin,Bakery,1,3.73,3.73
5096,502699,Bagel with Cream Cheese,Bakery,1,3.94,3.94
5097,502699,Latte,Beverage,2,4.39,8.78
5098,502699,Turkey Sandwich,Food,1,8.5,8.5
5099,502700,Granola Bar,Snack,2,2.75,5.5
5100,502701,Caesar Salad,Food,1,8.03,8.03
5101,502701,Latte,Beverage,1,4.44,4.44
5102,502702,Veggie Wrap,Food,1,7.71,7.71
5103,502702,Turkey Sandwich,Food,1,8.4,8.4
5104,502703,Granola Bar,Snack,2,2.74,5.48
5105,502703,Bagel with Cream Cheese,Bakery,2,3.99,7.98
5106,502704,Blueberry Muffin,Bakery,1,3.66,3.66
5107,502704,Croissant,Bakery,1,3.25,3.25
5108,502705,Caesar Salad,Food,1,8.18,8.18
5109,502705,Avocado Toast,Food,1,7.39,7.39
5110,502706,Bagel with Cream Cheese,Bakery,1,3.98,3.98
5111,502706,Fruit Cup,Snack,1,3.46,3.46
5112,502706,Chocolate Chip Cookie,Bakery,1,2.46,2.46
5113,502707,Latte,Beverage,2,4.38,8.76
5114,502707,Turkey Sandwich,Food,1,8.28,8.28
5115,502707,Cappuccino,Beverage,1,4.15,4.15
5116,502708,Turkey Sandwich,Food,1,8.4,8.4
5117,502709,Caesar Salad,Food,1,8.17,8.17
5118,502709,Turkey Sandwich,Food,1,8.33,8.33
5119,502709,Espresso,Beverage,1,2.98,2.98
5120,502710,Avocado Toast,Food,1,7.42,7.42
5121,502710,Veggie Wrap,Food,1,7.57,7.57
5122,502711,Bagel with Cream Cheese,Bakery,1,3.96,3.96
5123,502711,Cold Brew,Beverage,2,4.71,9.42
5124,502712,Iced Tea,Beverage,1,3.46,3.46
5125,502712,Latte,Beverage,1,4.46,4.46
5126,502712,Bagel with Cream Cheese,Bakery,1,3.98,3.98
5127,502713,Chocolate Chip Cookie,Bakery,1,2.43,2.43
5128,502714,Iced Tea,Beverage,1,3.48,3.48
5129,502714,Granola Bar,Snack,2,2.7,5.4
5130,502715,Avocado Toast,Food,1,7.42,7.42
5131,502716,Veggie Wrap,Food,1,7.69,7.69
5132,502717,Blueberry Muffin,Bakery,1,3.74,3.74
5133,502717,Iced Tea,Beverage,1,3.46,3.46
5134,502718,Caesar Salad,Food,1,8.02,8.02
5135,502718,Granola Bar,Snack,1,2.72,2.72
5136,502719,Croissant,Bakery,1,3.18,3.18
5137,502720,Caesar Salad,Food,1,8.15,8.15
5138,502720,Bagel with Cream Cheese,Bakery,2,3.92,7.84
5139,502721,Latte,Beverage,1,4.37,4.37
5140,502721,Cold Brew,Beverage,1,4.66,4.66
5141,502721,Veggie Wrap,Food,1,7.59,7.59
5142,502721,Croissant,Bakery,1,3.2,3.2
5143,502722,Espresso,Beverage,1,2.94,2.94
5144,502722,Cold Brew,Beverage,1,4.68,4.68
5145,502723,Espresso,Beverage,2,2.95,5.9
5146,502724,Veggie Wrap,Food,1,7.64,7.64
5147,502725,Caesar Salad,Food,1,8.2,8.2
5148,502726,Caesar Salad,Food,1,8.1,8.1
5149,502727,Veggie Wrap,Food,1,7.57,7.57
5150,502728,Granola Bar,Snack,1,2.73,2.73
5151,502728,Fruit Cup,Snack,1,3.45,3.45
5152,502729,Croissant,Bakery,1,3.21,3.21
5153,502729,Latte,Beverage,2,4.41,8.82
5154,502729,Fruit Cup,Snack,1,3.4,3.4
5155,502730,Caesar Salad,Food,1,8.05,8.05
5156,502731,Bagel with Cream Cheese,Bakery,1,3.88,3.88
5157,502732,Chocolate Chip Cookie,Bakery,2,2.43,4.86
5158,502732,Croissant,Bakery,1,3.19,3.19
5159,502732,Veggie Wrap,Food,1,7.53,7.53
5160,502733,Cappuccino,Beverage,1,4.23,4.23
5161,502733,Croissant,Bakery,1,3.17,3.17
5162,502733,Blueberry Muffin,Bakery,1,3.64,3.64
5163,502734,Bagel with Cream Cheese,Bakery,1,3.98,3.98
5164,502735,Chocolate Chip Cookie,Bakery,1,2.44,2.44
5165,502736,Bagel with Cream Cheese,Bakery,1,3.99,3.99
5166,502736,Iced Tea,Beverage,1,3.49,3.49
5167,502736,Turkey Sandwich,Food,1,8.4,8.4
5168,502737,Cappuccino,Beverage,1,4.18,4.18
5169,502738,Bagel with Cream Cheese,Bakery,1,3.99,3.99
5170,502739,Blueberry Muffin,Bakery,1,3.7,3.7
5171,502740,Fruit Cup,Snack,1,3.42,3.42
5172,502741,Veggie Wrap,Food,1,7.65,7.65
5173,502742,Bagel with Cream Cheese,Bakery,1,3.97,3.97
5174,502742,Cappuccino,Beverage,1,4.24,4.24
5175,502743,Latte,Beverage,1,4.4,4.4
5176,502743,Caesar Salad,Food,1,8.07,8.07
5177,502743,Chocolate Chip Cookie,Bakery,1,2.48,2.48
5178,502744,Croissant,Bakery,1,3.19,3.19
5179,502745,Granola Bar,Snack,1,2.73,2.73
5180,502745,Iced Tea,Beverage,1,3.42,3.42
5181,502746,Cold Brew,Beverage,1,4.66,4.66
5182,502747,Fruit Cup,Snack,2,3.41,6.82
5183,502748,Croissant,Bakery,1,3.23,3.23
5184,502748,Espresso,Beverage,1,2.96,2.96
5185,502749,Croissant,Bakery,1,3.24,3.24
5186,502750,Iced Tea,Beverage,1,3.42,3.42
5187,502750,Blueberry Muffin,Bakery,1,3.73,3.73
5188,502751,Bagel with Cream Cheese,Bakery,1,3.95,3.95
5189,502751,Latte,Beverage,1,4.41,4.41
5190,502752,Chocolate Chip Cookie,Bakery,2,2.44,4.88
5191,502752,Blueberry Muffin,Bakery,1,3.75,3.75
5192,502753,Chocolate Chip Cookie,Bakery,1,2.43,2.43
5193,502753,Avocado Toast,Food,1,7.3,7.3
5194,502754,Avocado Toast,Food,1,7.37,7.37
5195,502754,Turkey Sandwich,Food,1,8.36,8.36
5196,502754,Blueberry Muffin,Bakery,1,3.67,3.67
5197,502754,Caesar Salad,Food,1,8.05,8.05
5198,502755,Chocolate Chip Cookie,Bakery,1,2.5,2.5
5199,502755,Cappuccino,Beverage,1,4.17,4.17
5200,502756,Cappuccino,Beverage,1,4.23,4.23
5201,502756,Turkey Sandwich,Food,1,8.44,8.44
5202,502757,Granola Bar,Snack,1,2.7,2.7
5203,502758,Granola Bar,Snack,1,2.68,2.68
5204,502758,Cappuccino,Beverage,1,4.13,4.13
5205,502759,Turkey Sandwich,Food,1,8.32,8.32
5206,502759,Veggie Wrap,Food,1,7.66,7.66
5207,502759,Avocado Toast,Food,2,7.35,14.7
5208,502759,Iced Tea,Beverage,1,3.5,3.5
5209,502760,Turkey Sandwich,Food,1,8.32,8.32
5210,502760,Chocolate Chip Cookie,Bakery,2,2.48,4.96
5211,502761,Caesar Salad,Food,1,8.13,8.13
5212,502762,Latte,Beverage,2,4.44,8.88
5213,502762,Granola Bar,Snack,1,2.75,2.75
5214,502762,Croissant,Bakery,1,3.24,3.24
5215,502763,Croissant,Bakery,1,3.23,3.23
5216,502763,Latte,Beverage,1,4.44,4.44
5217,502764,Caesar Salad,Food,1,8.03,8.03
5218,502765,Croissant,Bakery,1,3.18,3.18
5219,502765,Iced Tea,Beverage,1,3.44,3.44
5220,502766,Iced Tea,Beverage,1,3.48,3.48
5221,502767,Cappuccino,Beverage,1,4.19,4.19
5222,502767,Latte,Beverage,2,4.42,8.84
5223,502767,Turkey Sandwich,Food,2,8.28,16.56
5224,502768,Croissant,Bakery,2,3.24,6.48
5225,502769,Granola Bar,Snack,1,2.71,2.71
5226,502769,Blueberry Muffin,Bakery,1,3.67,3.67
5227,502769,Espresso,Beverage,1,2.94,2.94
5228,502769,Cappuccino,Beverage,1,4.17,4.17
5229,502770,Granola Bar,Snack,1,2.74,2.74
5230,502770,Iced Tea,Beverage,1,3.43,3.43
5231,502770,Avocado Toast,Food,1,7.48,7.48
5232,502771,Blueberry Muffin,Bakery,1,3.73,3.73
5233,502771,Cappuccino,Beverage,2,4.22,8.44
5234,502771,Fruit Cup,Snack,1,3.49,3.49
5235,502771,Avocado Toast,Food,1,7.34,7.34
5236,502772,Chocolate Chip Cookie,Bakery,1,2.45,2.45
5237,502772,Iced Tea,Beverage,1,3.48,3.48
5238,502773,Granola Bar,Snack,1,2.67,2.67
5239,502774,Fruit Cup,Snack,1,3.4,3.4
5240,502774,Caesar Salad,Food,1,8.21,8.21
5241,502775,Turkey Sandwich,Food,1,8.36,8.36
5242,502775,Iced Tea,Beverage,1,3.49,3.49
5243,502775,Espresso,Beverage,1,2.94,2.94
5244,502775,Latte,Beverage,1,4.44,4.44
5245,502776,Cappuccino,Beverage,1,4.2,4.2
5246,502776,Bagel with Cream Cheese,Bakery,1,3.98,3.98
5247,502777,Cappuccino,Beverage,1,4.15,4.15
5248,502778,Caesar Salad,Food,1,8.05,8.05
5249,502778,Granola Bar,Snack,1,2.67,2.67
5250,502778,Turkey Sandwich,Food,1,8.5,8.5
5251,502778,Cold Brew,Beverage,1,4.64,4.64
5252,502779,Iced Tea,Beverage,1,3.42,3.42
5253,502780,Cold Brew,Beverage,1,4.67,4.67
5254,502780,Fruit Cup,Snack,1,3.44,3.44
5255,502780,Turkey Sandwich,Food,1,8.32,8.32
5256,502781,Latte,Beverage,2,4.4,8.8
5257,502782,Latte,Beverage,1,4.41,4.41
5258,502782,Bagel with Cream Cheese,Bakery,1,3.92,3.92
5259,502783,Blueberry Muffin,Bakery,1,3.65,3.65
5260,502784,Veggie Wrap,Food,1,7.55,7.55
5261,502785,Blueberry Muffin,Bakery,1,3.75,3.75
5262,502786,Espresso,Beverage,1,3.0,3.0
5263,502786,Iced Tea,Beverage,1,3.43,3.43
5264,502787,Turkey Sandwich,Food,1,8.39,8.39
5265,502787,Granola Bar,Snack,1,2.69,2.69
5266,502788,Espresso,Beverage,1,2.99,2.99
5267,502788,Bagel with Cream Cheese,Bakery,1,3.91,3.91
5268,502788,Turkey Sandwich,Food,2,8.46,16.92
5269,502789,Cappuccino,Beverage,2,4.2,8.4
5270,502789,Veggie Wrap,Food,1,7.74,7.74
5271,502789,Fruit Cup,Snack,1,3.44,3.44
5272,502790,Blueberry Muffin,Bakery,1,3.65,3.65
5273,502790,Espresso,Beverage,1,2.96,2.96
5274,502790,Cappuccino,Beverage,1,4.19,4.19
5275,502790,Cold Brew,Beverage,1,4.66,4.66
5276,502791,Bagel with Cream Cheese,Bakery,1,3.92,3.92
5277,502792,Espresso,Beverage,1,2.95,2.95
5278,502792,Blueberry Muffin,Bakery,1,3.66,3.66
5279,502793,Espresso,Beverage,1,2.96,2.96
5280,502793,Cold Brew,Beverage,1,4.73,4.73
5281,502794,Latte,Beverage,2,4.45,8.9
5282,502794,Blueberry Muffin,Bakery,1,3.74,3.74
5283,502795,Chocolate Chip Cookie,Bakery,1,2.45,2.45
5284,502795,Cold Brew,Beverage,1,4.7,4.7
5285,502796,Cappuccino,Beverage,2,4.17,8.34
5286,502796,Blueberry Muffin,Bakery,1,3.68,3.68
5287,502797,Veggie Wrap,Food,1,7.68,7.68
5288,502798,Iced Tea,Beverage,1,3.4,3.4
5289,502799,Blueberry Muffin,Bakery,1,3.71,3.71
5290,502800,Granola Bar,Snack,1,2.7,2.7
5291,502800,Avocado Toast,Food,1,7.36,7.36
5292,502800,Caesar Salad,Food,1,8.01,8.01
5293,502801,Iced Tea,Beverage,1,3.42,3.42
5294,502802,Latte,Beverage,1,4.48,4.48
5295,502803,Granola Bar,Snack,1,2.74,2.74
5296,502803,Espresso,Beverage,1,2.95,2.95
5297,502803,Turkey Sandwich,Food,1,8.37,8.37
5298,502804,Caesar Salad,Food,1,8.03,8.03
5299,502804,Avocado Toast,Food,1,7.44,7.44
5300,502805,Iced Tea,Beverage,1,3.44,3.44
5301,502806,Bagel with Cream Cheese,Bakery,1,3.97,3.97
5302,502806,Avocado Toast,Food,2,7.46,14.92
5303,502807,Espresso,Beverage,1,2.98,2.98
5304,502807,Cold Brew,Beverage,1,4.64,4.64
5305,502808,Bagel with Cream Cheese,Bakery,1,3.96,3.96
5306,502808,Granola Bar,Snack,1,2.68,2.68
5307,502808,Cappuccino,Beverage,1,4.19,4.19
5308,502809,Avocado Toast,Food,1,7.33,7.33
5309,502809,Cold Brew,Beverage,1,4.64,4.64
5310,502810,Caesar Salad,Food,1,8.06,8.06
5311,502811,Espresso,Beverage,1,2.91,2.91
5312,502811,Bagel with Cream Cheese,Bakery,1,3.98,3.98
5313,502811,Croissant,Bakery,1,3.24,3.24
5314,502812,Blueberry Muffin,Bakery,1,3.67,3.67
5315,502812,Chocolate Chip Cookie,Bakery,1,2.44,2.44
5316,502813,Veggie Wrap,Food,1,7.74,7.74
5317,502814,Chocolate Chip Cookie,Bakery,1,2.43,2.43
5318,502815,Croissant,Bakery,1,3.2,3.2
5319,502816,Latte,Beverage,1,4.41,4.41
5320,502816,Bagel with Cream Cheese,Bakery,2,3.9,7.8
5321,502817,Veggie Wrap,Food,1,7.54,7.54
5322,502817,Granola Bar,Snack,2,2.71,5.42
5323,502818,Veggie Wrap,Food,1,7.66,7.66
5324,502818,Chocolate Chip Cookie,Bakery,1,2.46,2.46
5325,502819,Granola Bar,Snack,1,2.71,2.71
5326,502819,Chocolate Chip Cookie,Bakery,1,2.49,2.49
5327,502820,Avocado Toast,Food,1,7.3,7.3
5328,502820,Bagel with Cream Cheese,Bakery,1,3.98,3.98
5329,502821,Iced Tea,Beverage,1,3.45,3.45
5330,502821,Granola Bar,Snack,1,2.67,2.67
5331,502821,Chocolate Chip Cookie,Bakery,1,2.48,2.48
5332,502822,Blueberry Muffin,Bakery,1,3.68,3.68
5333,502822,Cold Brew,Beverage,2,4.75,9.5
5334,502823,Chocolate Chip Cookie,Bakery,2,2.46,4.92
5335,502824,Veggie Wrap,Food,1,7.53,7.53
5336,502825,Cold Brew,Beverage,1,4.62,4.62
5337,502825,Croissant,Bakery,1,3.24,3.24
5338,502826,Iced Tea,Beverage,1,3.49,3.49
5339,502826,Cappuccino,Beverage,1,4.15,4.15
5340,502827,Latte,Beverage,1,4.49,4.49
5341,502827,Cold Brew,Beverage,1,4.65,4.65
5342,502828,Granola Bar,Snack,1,2.72,2.72
5343,502828,Latte,Beverage,1,4.47,4.47
5344,502828,Bagel with Cream Cheese,Bakery,1,3.98,3.98
5345,502829,Iced Tea,Beverage,1,3.41,3.41
5346,502829,Bagel with Cream Cheese,Bakery,1,3.97,3.97
5347,502830,Iced Tea,Beverage,1,3.43,3.43
5348,502830,Cold Brew,Beverage,1,4.65,4.65
5349,502831,Granola Bar,Snack,1,2.73,2.73
5350,502831,Avocado Toast,Food,1,7.3,7.3
5351,502832,Bagel with Cream Cheese,Bakery,1,3.99,3.99
5352,502832,Espresso,Beverage,1,2.93,2.93
5353,502832,Turkey Sandwich,Food,2,8.35,16.7
5354,502833,Bagel with Cream Cheese,Bakery,1,4.0,4.0
5355,502833,Chocolate Chip Cookie,Bakery,1,2.49,2.49
5356,502833,Iced Tea,Beverage,1,3.5,3.5
5357,502833,Fruit Cup,Snack,2,3.48,6.96
5358,502834,Caesar Salad,Food,1,8.05,8.05
5359,502835,Blueberry Muffin,Bakery,1,3.71,3.71
5360,502836,Veggie Wrap,Food,1,7.54,7.54
5361,502836,Caesar Salad,Food,1,8.25,8.25
5362,502837,Blueberry Muffin,Bakery,1,3.74,3.74
5363,502838,Chocolate Chip Cookie,Bakery,1,2.43,2.43
5364,502838,Caesar Salad,Food,1,8.24,8.24
5365,502839,Veggie Wrap,Food,1,7.7,7.7
5366,502840,Iced Tea,Beverage,1,3.49,3.49
5367,502841,Blueberry Muffin,Bakery,1,3.66,3.66
5368,502841,Iced Tea,Beverage,1,3.44,3.44
5369,502841,Chocolate Chip Cookie,Bakery,1,2.45,2.45
5370,502842,Turkey Sandwich,Food,1,8.34,8.34
5371,502843,Granola Bar,Snack,1,2.68,2.68
5372,502844,Veggie Wrap,Food,2,7.67,15.34
5373,502844,Granola Bar,Snack,1,2.68,2.68
5374,502844,Fruit Cup,Snack,1,3.49,3.49
5375,502845,Bagel with Cream Cheese,Bakery,1,3.94,3.94
5376,502845,Espresso,Beverage,2,2.99,5.98
5377,502846,Espresso,Beverage,1,2.96,2.96
5378,502847,Caesar Salad,Food,2,8.13,16.26
5379,502848,Latte,Beverage,1,4.42,4.42
5380,502848,Cold Brew,Beverage,1,4.71,4.71
5381,502849,Bagel with Cream Cheese,Bakery,1,4.0,4.0
5382,502850,Chocolate Chip Cookie,Bakery,1,2.47,2.47
5383,502851,Bagel with Cream Cheese,Bakery,1,3.92,3.92
5384,502851,Granola Bar,Snack,1,2.71,2.71
5385,502851,Latte,Beverage,1,4.46,4.46
5386,502851,Cappuccino,Beverage,1,4.22,4.22
5387,502852,Fruit Cup,Snack,1,3.42,3.42
5388,502852,Cold Brew,Beverage,1,4.64,4.64
5389,502853,Cappuccino,Beverage,1,4.13,4.13
5390,502853,Fruit Cup,Snack,1,3.49,3.49
5391,502854,Cold Brew,Beverage,1,4.71,4.71
5392,502854,Veggie Wrap,Food,1,7.68,7.68
5393,502855,Espresso,Beverage,1,2.99,2.99
5394,502856,Croissant,Bakery,1,3.23,3.23
5395,502856,Avocado Toast,Food,1,7.4,7.4
5396,502856,Fruit Cup,Snack,1,3.44,3.44
5397,502856,Latte,Beverage,1,4.44,4.44
5398,502857,Bagel with Cream Cheese,Bakery,2,3.99,7.98
5399,502858,Cold Brew,Beverage,1,4.73,4.73
5400,502858,Veggie Wrap,Food,1,7.6,7.6
5401,502858,Blueberry Muffin,Bakery,2,3.66,7.32
5402,502859,Avocado Toast,Food,1,7.42,7.42
5403,502859,Iced Tea,Beverage,2,3.46,6.92
5404,502860,Granola Bar,Snack,1,2.67,2.67
5405,502860,Caesar Salad,Food,1,8.18,8.18
5406,502861,Granola Bar,Snack,1,2.75,2.75
5407,502861,Bagel with Cream Cheese,Bakery,1,3.98,3.98
5408,502861,Iced Tea,Beverage,1,3.44,3.44
5409,502861,Veggie Wrap,Food,2,7.64,15.28
5410,502862,Chocolate Chip Cookie,Bakery,1,2.46,2.46
5411,502862,Bagel with Cream Cheese,Bakery,1,3.97,3.97
5412,502863,Caesar Salad,Food,2,8.16,16.32
5413,502864,Cappuccino,Beverage,1,4.24,4.24
5414,502864,Iced Tea,Beverage,1,3.47,3.47
5415,502865,Chocolate Chip Cookie,Bakery,1,2.46,2.46
5416,502865,Cold Brew,Beverage,1,4.65,4.65
5417,502866,Fruit Cup,Snack,1,3.47,3.47
5418,502867,Fruit Cup,Snack,1,3.42,3.42
5419,502868,Iced Tea,Beverage,1,3.45,3.45
5420,502869,Espresso,Beverage,1,2.94,2.94
5421,502870,Chocolate Chip Cookie,Bakery,1,2.45,2.45
5422,502871,Iced Tea,Beverage,2,3.44,6.88
5423,502871,Bagel with Cream Cheese,Bakery,1,3.98,3.98
5424,502871,Granola Bar,Snack,1,2.73,2.73
5425,502872,Cappuccino,Beverage,1,4.24,4.24
5426,502872,Granola Bar,Snack,1,2.69,2.69
5427,502872,Chocolate Chip Cookie,Bakery,1,2.49,2.49
5428,502873,Veggie Wrap,Food,1,7.61,7.61
5429,502874,Fruit Cup,Snack,1,3.44,3.44
5430,502875,Granola Bar,Snack,1,2.72,2.72
5431,502875,Iced Tea,Beverage,1,3.41,3.41
5432,502875,Cold Brew,Beverage,2,4.64,9.28
5433,502875,Espresso,Beverage,1,2.96,2.96
5434,502876,Chocolate Chip Cookie,Bakery,1,2.47,2.47
5435,502877,Caesar Salad,Food,1,8.03,8.03
5436,502877,Croissant,Bakery,1,3.21,3.21
5437,502877,Avocado Toast,Food,2,7.32,14.64
5438,502877,Cappuccino,Beverage,1,4.23,4.23
5439,502878,Blueberry Muffin,Bakery,1,3.67,3.67
5440,502879,Bagel with Cream Cheese,Bakery,2,3.97,7.94
5441,502880,Iced Tea,Beverage,2,3.5,7.0
5442,502881,Granola Bar,Snack,1,2.73,2.73
5443,502881,Croissant,Bakery,2,3.23,6.46
5444,502881,Veggie Wrap,Food,1,7.64,7.64
5445,502881,Iced Tea,Beverage,1,3.45,3.45
5446,502882,Avocado Toast,Food,1,7.48,7.48
5447,502883,Espresso,Beverage,2,3.0,6.0
5448,502883,Chocolate Chip Cookie,Bakery,1,2.45,2.45
5449,502883,Iced Tea,Beverage,1,3.42,3.42
5450,502884,Chocolate Chip Cookie,Bakery,1,2.47,2.47
5451,502884,Espresso,Beverage,1,2.92,2.92
5452,502884,Latte,Beverage,2,4.48,8.96
5453,502885,Granola Bar,Snack,1,2.71,2.71
5454,502885,Cappuccino,Beverage,1,4.14,4.14
5455,502886,Avocado Toast,Food,1,7.33,7.33
5456,502887,Iced Tea,Beverage,1,3.4,3.4
5457,502888,Croissant,Bakery,2,3.16,6.32
5458,502888,Bagel with Cream Cheese,Bakery,1,3.92,3.92
5459,502889,Bagel with Cream Cheese,Bakery,2,3.97,7.94
5460,502889,Croissant,Bakery,1,3.19,3.19
5461,502889,Turkey Sandwich,Food,2,8.26,16.52
5462,502890,Espresso,Beverage,1,3.0,3.0
5463,502891,Latte,Beverage,1,4.39,4.39
5464,502891,Granola Bar,Snack,1,2.71,2.71
5465,502892,Turkey Sandwich,Food,2,8.48,16.96
5466,502893,Veggie Wrap,Food,1,7.71,7.71
5467,502893,Croissant,Bakery,2,3.19,6.38
5468,502893,Bagel with Cream Cheese,Bakery,1,3.93,3.93
5469,502894,Espresso,Beverage,1,2.99,2.99
5470,502894,Caesar Salad,Food,1,8.14,8.14
5471,502895,Veggie Wrap,Food,1,7.56,7.56
5472,502896,Granola Bar,Snack,1,2.68,2.68
5473,502896,Croissant,Bakery,1,3.23,3.23
5474,502897,Cappuccino,Beverage,1,4.15,4.15
5475,502897,Latte,Beverage,1,4.46,4.46
5476,502897,Cold Brew,Beverage,2,4.62,9.24
5477,502898,Bagel with Cream Cheese,Bakery,2,3.92,7.84
5478,502898,Espresso,Beverage,1,2.96,2.96
5479,502898,Latte,Beverage,1,4.4,4.4
5480,502899,Iced Tea,Beverage,2,3.43,6.86
5481,502899,Veggie Wrap,Food,1,7.69,7.69
5482,502899,Cappuccino,Beverage,1,4.21,4.21
5483,502900,Caesar Salad,Food,1,8.17,8.17
5484,502900,Granola Bar,Snack,1,2.71,2.71
5485,502901,Avocado Toast,Food,1,7.41,7.41
5486,502901,Espresso,Beverage,1,2.93,2.93
5487,502902,Bagel with Cream Cheese,Bakery,2,4.0,8.0
5488,502903,Iced Tea,Beverage,1,3.45,3.45
5489,502903,Turkey Sandwich,Food,1,8.4,8.4
5490,502903,Blueberry Muffin,Bakery,1,3.73,3.73
5491,502904,Fruit Cup,Snack,2,3.49,6.98
5492,502905,Fruit Cup,Snack,1,3.4,3.4
5493,502905,Veggie Wrap,Food,1,7.55,7.55
5494,502906,Granola Bar,Snack,1,2.69,2.69
5495,502906,Fruit Cup,Snack,1,3.45,3.45
5496,502906,Latte,Beverage,1,4.46,4.46
5497,502907,Caesar Salad,Food,1,8.01,8.01
5498,502908,Latte,Beverage,1,4.46,4.46
5499,502908,Fruit Cup,Snack,1,3.44,3.44
5500,502909,Avocado Toast,Food,1,7.28,7.28
5501,502910,Croissant,Bakery,2,3.16,6.32
5502,502911,Caesar Salad,Food,1,8.04,8.04
5503,502911,Avocado Toast,Food,1,7.29,7.29
5504,502912,Iced Tea,Beverage,2,3.49,6.98
5505,502912,Cappuccino,Beverage,1,4.15,4.15
5506,502912,Turkey Sandwich,Food,1,8.39,8.39
5507,502913,Espresso,Beverage,1,3.0,3.0
5508,502913,Cold Brew,Beverage,1,4.71,4.71
5509,502914,Espresso,Beverage,1,2.97,2.97
5510,502914,Granola Bar,Snack,1,2.71,2.71
5511,502915,Iced Tea,Beverage,1,3.42,3.42
5512,502916,Granola Bar,Snack,1,2.68,2.68
5513,502917,Espresso,Beverage,1,2.91,2.91
5514,502917,Avocado Toast,Food,2,7.43,14.86
5515,502917,Iced Tea,Beverage,1,3.4,3.4
5516,502918,Caesar Salad,Food,1,8.08,8.08
5517,502919,Bagel with Cream Cheese,Bakery,1,3.91,3.91
5518,502919,Croissant,Bakery,2,3.19,6.38
5519,502919,Latte,Beverage,1,4.41,4.41
5520,502920,Latte,Beverage,1,4.48,4.48
5521,502921,Caesar Salad,Food,1,8.13,8.13
5522,502921,Chocolate Chip Cookie,Bakery,1,2.44,2.44
5523,502922,Iced Tea,Beverage,1,3.4,3.4
5524,502923,Latte,Beverage,1,4.39,4.39
5525,502923,Chocolate Chip Cookie,Bakery,1,2.49,2.49
5526,502924,Croissant,Bakery,1,3.24,3.24
5527,502924,Cold Brew,Beverage,1,4.61,4.61
5528,502925,Caesar Salad,Food,1,8.19,8.19
5529,502925,Veggie Wrap,Food,1,7.66,7.66
5530,502926,Blueberry Muffin,Bakery,1,3.65,3.65
5531,502927,Iced Tea,Beverage,1,3.47,3.47
5532,502928,Chocolate Chip Cookie,Bakery,1,2.48,2.48
5533,502928,Cold Brew,Beverage,1,4.64,4.64
5534,502929,Turkey Sandwich,Food,1,8.36,8.36
5535,502929,Fruit Cup,Snack,2,3.48,6.96
5536,502930,Croissant,Bakery,1,3.2,3.2
5537,502930,Avocado Toast,Food,1,7.32,7.32
5538,502930,Caesar Salad,Food,1,8.06,8.06
5539,502930,Bagel with Cream Cheese,Bakery,1,3.98,3.98
5540,502931,Chocolate Chip Cookie,Bakery,1,2.48,2.48
5541,502931,Veggie Wrap,Food,1,7.55,7.55
5542,502931,Caesar Salad,Food,1,8.24,8.24
5543,502932,Iced Tea,Beverage,1,3.48,3.48
5544,502932,Cold Brew,Beverage,1,4.71,4.71
5545,502932,Bagel with Cream Cheese,Bakery,2,3.99,7.98
5546,502933,Blueberry Muffin,Bakery,1,3.64,3.64
5547,502934,Granola Bar,Snack,1,2.67,2.67
5548,502935,Bagel with Cream Cheese,Bakery,1,3.9,3.9
5549,502935,Veggie Wrap,Food,1,7.7,7.7
5550,502935,Avocado Toast,Food,1,7.32,7.32
5551,502936,Fruit Cup,Snack,1,3.4,3.4
5552,502936,Bagel with Cream Cheese,Bakery,1,3.9,3.9
5553,502936,Veggie Wrap,Food,1,7.58,7.58
5554,502937,Bagel with Cream Cheese,Bakery,1,3.93,3.93
5555,502938,Turkey Sandwich,Food,1,8.45,8.45
5556,502938,Blueberry Muffin,Bakery,1,3.71,3.71
5557,502939,Blueberry Muffin,Bakery,2,3.71,7.42
5558,502940,Cold Brew,Beverage,1,4.71,4.71
5559,502941,Chocolate Chip Cookie,Bakery,1,2.48,2.48
5560,502942,Croissant,Bakery,1,3.19,3.19
5561,502943,Fruit Cup,Snack,1,3.45,3.45
5562,502944,Turkey Sandwich,Food,1,8.28,8.28
5563,502945,Blueberry Muffin,Bakery,1,3.64,3.64
5564,502945,Bagel with Cream Cheese,Bakery,1,3.9,3.9
5565,502945,Latte,Beverage,1,4.4,4.4
5566,502946,Chocolate Chip Cookie,Bakery,1,2.48,2.48
5567,502947,Croissant,Bakery,1,3.2,3.2
5568,502948,Veggie Wrap,Food,1,7.67,7.67
5569,502948,Blueberry Muffin,Bakery,1,3.7,3.7
5570,502948,Granola Bar,Snack,1,2.71,2.71
5571,502949,Cappuccino,Beverage,1,4.15,4.15
5572,502950,Espresso,Beverage,2,2.91,5.82
5573,502951,Fruit Cup,Snack,1,3.48,3.48
5574,502952,Chocolate Chip Cookie,Bakery,1,2.45,2.45
5575,502953,Turkey Sandwich,Food,1,8.49,8.49
5576,502953,Blueberry Muffin,Bakery,1,3.66,3.66
5577,502954,Turkey Sandwich,Food,1,8.41,8.41
5578,502954,Espresso,Beverage,1,2.97,2.97
5579,502955,Granola Bar,Snack,1,2.67,2.67
5580,502955,Fruit Cup,Snack,2,3.44,6.88
5581,502956,Fruit Cup,Snack,1,3.46,3.46
5582,502956,Caesar Salad,Food,1,8.23,8.23
5583,502957,Cold Brew,Beverage,1,4.69,4.69
5584,502958,Fruit Cup,Snack,1,3.41,3.41
5585,502959,Espresso,Beverage,1,2.96,2.96
5586,502959,Latte,Beverage,1,4.44,4.44
5587,502959,Iced Tea,Beverage,2,3.4,6.8
5588,502960,Veggie Wrap,Food,1,7.69,7.69
5589,502961,Turkey Sandwich,Food,1,8.49,8.49
5590,502962,Cold Brew,Beverage,1,4.62,4.62
5591,502962,Veggie Wrap,Food,1,7.72,7.72
5592,502963,Cold Brew,Beverage,1,4.65,4.65
5593,502963,Latte,Beverage,2,4.44,8.88
5594,502964,Veggie Wrap,Food,1,7.61,7.61
5595,502964,Latte,Beverage,1,4.39,4.39
5596,502965,Cappuccino,Beverage,1,4.18,4.18
5597,502965,Espresso,Beverage,1,2.93,2.93
5598,502966,Latte,Beverage,1,4.39,4.39
5599,502967,Latte,Beverage,1,4.41,4.41
5600,502968,Iced Tea,Beverage,2,3.4,6.8
5601,502968,Latte,Beverage,1,4.5,4.5
5602,502968,Caesar Salad,Food,2,8.04,16.08
5603,502969,Caesar Salad,Food,1,8.01,8.01
5604,502969,Croissant,Bakery,1,3.24,3.24
5605,502970,Bagel with Cream Cheese,Bakery,1,3.88,3.88
5606,502971,Caesar Salad,Food,2,8.17,16.34
5607,502971,Cold Brew,Beverage,1,4.7,4.7
5608,502972,Cold Brew,Beverage,1,4.73,4.73
5609,502973,Veggie Wrap,Food,1,7.69,7.69
5610,502973,Caesar Salad,Food,1,8.21,8.21
5611,502974,Veggie Wrap,Food,1,7.72,7.72
5612,502974,Iced Tea,Beverage,1,3.4,3.4
5613,502975,Veggie Wrap,Food,1,7.68,7.68
5614,502976,Espresso,Beverage,1,2.99,2.99
5615,502976,Chocolate Chip Cookie,Bakery,1,2.45,2.45
5616,502977,Espresso,Beverage,1,2.95,2.95
5617,502977,Cappuccino,Beverage,1,4.17,4.17
5618,502978,Bagel with Cream Cheese,Bakery,1,3.95,3.95
5619,502979,Fruit Cup,Snack,1,3.43,3.43
5620,502979,Turkey Sandwich,Food,1,8.35,8.35
5621,502980,Chocolate Chip Cookie,Bakery,1,2.44,2.44
5622,502981,Chocolate Chip Cookie,Bakery,1,2.46,2.46
5623,502982,Caesar Salad,Food,1,8.21,8.21
5624,502983,Granola Bar,Snack,1,2.71,2.71
5625,502983,Iced Tea,Beverage,2,3.43,6.86
5626,502983,Caesar Salad,Food,1,8.01,8.01
5627,502983,Veggie Wrap,Food,1,7.55,7.55
5628,502984,Chocolate Chip Cookie,Bakery,1,2.46,2.46
5629,502984,Cold Brew,Beverage,1,4.69,4.69
5630,502985,Bagel with Cream Cheese,Bakery,2,3.91,7.82
5631,502985,Cold Brew,Beverage,1,4.63,4.63
5632,502986,Blueberry Muffin,Bakery,1,3.71,3.71
5633,502986,Chocolate Chip Cookie,Bakery,2,2.48,4.96
5634,502986,Cappuccino,Beverage,1,4.13,4.13
5635,502987,Latte,Beverage,1,4.44,4.44
5636,502987,Croissant,Bakery,1,3.24,3.24
5637,502988,Cappuccino,Beverage,1,4.19,4.19
5638,502989,Iced Tea,Beverage,1,3.44,3.44
5639,502990,Avocado Toast,Food,1,7.4,7.4
5640,502990,Fruit Cup,Snack,2,3.47,6.94
5641,502990,Caesar Salad,Food,1,8.01,8.01
5642,502990,Granola Bar,Snack,1,2.72,2.72
5643,502991,Cappuccino,Beverage,2,4.16,8.32
5644,502992,Cappuccino,Beverage,1,4.23,4.23
5645,502992,Cold Brew,Beverage,2,4.68,9.36
5646,502993,Caesar Salad,Food,1,8.06,8.06
5647,502994,Chocolate Chip Cookie,Bakery,1,2.46,2.46
5648,502994,Caesar Salad,Food,1,8.11,8.11
5649,502994,Iced Tea,Beverage,2,3.41,6.82
5650,502995,Latte,Beverage,1,4.45,4.45
5651,502995,Iced Tea,Beverage,1,3.48,3.48
5652,502995,Caesar Salad,Food,1,8.02,8.02
5653,502995,Espresso,Beverage,1,2.96,2.96
5654,502996,Croissant,Bakery,1,3.21,3.21
5655,502996,Bagel with Cream Cheese,Bakery,1,4.0,4.0
5656,502996,Latte,Beverage,1,4.43,4.43
5657,502997,Turkey Sandwich,Food,2,8.31,16.62
5658,502997,Latte,Beverage,1,4.38,4.38
5659,502997,Granola Bar,Snack,2,2.75,5.5
5660,502998,Fruit Cup,Snack,1,3.47,3.47
5661,502998,Latte,Beverage,1,4.47,4.47
5662,502998,Turkey Sandwich,Food,1,8.25,8.25
5663,502999,Cold Brew,Beverage,1,4.68,4.68
5664,503000,Granola Bar,Snack,1,2.68,2.68
5665,503000,Blueberry Muffin,Bakery,2,3.64,7.28
5666,503000,Cappuccino,Beverage,1,4.18,4.18
5667,503001,Bagel with Cream Cheese,Bakery,2,3.9,7.8
5668,503001,Cappuccino,Beverage,2,4.16,8.32
5669,503001,Blueberry Muffin,Bakery,1,3.64,3.64
5670,503002,Caesar Salad,Food,1,8.16,8.16
5671,503002,Espresso,Beverage,1,3.0,3.0
5672,503003,Espresso,Beverage,1,2.94,2.94
5673,503003,Latte,Beverage,1,4.39,4.39
5674,503003,Cappuccino,Beverage,1,4.13,4.13
5675,503003,Caesar Salad,Food,1,8.06,8.06
5676,503004,Avocado Toast,Food,1,7.5,7.5
5677,503005,Cold Brew,Beverage,1,4.7,4.7
5678,503005,Espresso,Beverage,1,2.92,2.92
5679,503006,Turkey Sandwich,Food,1,8.31,8.31
5680,503006,Cold Brew,Beverage,1,4.75,4.75
5681,503006,Blueberry Muffin,Bakery,1,3.69,3.69
5682,503007,Chocolate Chip Cookie,Bakery,1,2.48,2.48
5683,503007,Veggie Wrap,Food,1,7.63,7.63
5684,503007,Croissant,Bakery,1,3.23,3.23
5685,503008,Latte,Beverage,1,4.44,4.44
5686,503008,Fruit Cup,Snack,1,3.42,3.42
5687,503009,Espresso,Beverage,2,2.92,5.84
5688,503009,Caesar Salad,Food,1,8.2,8.2
5689,503010,Bagel with Cream Cheese,Bakery,1,3.91,3.91
5690,503010,Fruit Cup,Snack,1,3.42,3.42
5691,503010,Croissant,Bakery,1,3.19,3.19
5692,503010,Iced Tea,Beverage,1,3.5,3.5
5693,503011,Iced Tea,Beverage,1,3.43,3.43
5694,503012,Bagel with Cream Cheese,Bakery,1,3.99,3.99
5695,503012,Blueberry Muffin,Bakery,1,3.69,3.69
5696,503013,Latte,Beverage,1,4.48,4.48
5697,503013,Granola Bar,Snack,1,2.72,2.72
5698,503013,Blueberry Muffin,Bakery,2,3.67,7.34
5699,503013,Cappuccino,Beverage,1,4.23,4.23
5700,503014,Bagel with Cream Cheese,Bakery,1,3.97,3.97
5701,503014,Avocado Toast,Food,1,7.32,7.32
5702,503014,Caesar Salad,Food,1,8.12,8.12
5703,503015,Veggie Wrap,Food,2,7.64,15.28
5704,503016,Veggie Wrap,Food,1,7.67,7.67
5705,503017,Cold Brew,Beverage,1,4.64,4.64
5706,503018,Cappuccino,Beverage,1,4.22,4.22
5707,503019,Veggie Wrap,Food,1,7.64,7.64
5708,503019,Latte,Beverage,1,4.46,4.46
5709,503019,Espresso,Beverage,1,2.96,2.96
5710,503020,Croissant,Bakery,1,3.23,3.23
5711,503020,Avocado Toast,Food,1,7.48,7.48
5712,503021,Chocolate Chip Cookie,Bakery,1,2.48,2.48
5713,503022,Caesar Salad,Food,1,8.03,8.03
5714,503022,Turkey Sandwich,Food,1,8.42,8.42
5715,503023,Cappuccino,Beverage,2,4.14,8.28
5716,503023,Espresso,Beverage,1,2.94,2.94
5717,503024,Blueberry Muffin,Bakery,1,3.65,3.65
5718,503024,Avocado Toast,Food,1,7.42,7.42
5719,503025,Cappuccino,Beverage,1,4.21,4.21
5720,503025,Avocado Toast,Food,2,7.37,14.74
5721,503026,Iced Tea,Beverage,1,3.45,3.45
5722,503026,Cappuccino,Beverage,2,4.2,8.4
5723,503026,Croissant,Bakery,1,3.18,3.18
5724,503027,Chocolate Chip Cookie,Bakery,1,2.48,2.48
5725,503027,Avocado Toast,Food,2,7.5,15.0
5726,503028,Avocado Toast,Food,2,7.39,14.78
5727,503028,Iced Tea,Beverage,1,3.49,3.49
5728,503028,Caesar Salad,Food,2,8.15,16.3
5729,503029,Chocolate Chip Cookie,Bakery,1,2.45,2.45
5730,503029,Croissant,Bakery,1,3.23,3.23
5731,503029,Bagel with Cream Cheese,Bakery,1,3.94,3.94
5732,503030,Fruit Cup,Snack,1,3.42,3.42
5733,503031,Espresso,Beverage,1,3.0,3.0
5734,503031,Avocado Toast,Food,1,7.39,7.39
5735,503031,Iced Tea,Beverage,1,3.5,3.5
5736,503032,Espresso,Beverage,1,2.97,2.97
5737,503033,Croissant,Bakery,1,3.22,3.22
5738,503034,Bagel with Cream Cheese,Bakery,1,3.92,3.92
5739,503034,Cappuccino,Beverage,1,4.23,4.23
5740,503034,Fruit Cup,Snack,1,3.46,3.46
5741,503035,Bagel with Cream Cheese,Bakery,1,3.97,3.97
5742,503035,Cappuccino,Beverage,1,4.17,4.17
5743,503036,Croissant,Bakery,1,3.21,3.21
5744,503036,Cold Brew,Beverage,1,4.65,4.65
5745,503036,Caesar Salad,Food,1,8.02,8.02
5746,503037,Caesar Salad,Food,1,8.09,8.09
5747,503038,Veggie Wrap,Food,1,7.61,7.61
5748,503039,Cappuccino,Beverage,1,4.2,4.2
5749,503040,Espresso,Beverage,1,3.0,3.0
5750,503041,Fruit Cup,Snack,1,3.48,3.48
5751,503041,Blueberry Muffin,Bakery,1,3.71,3.71
5752,503041,Veggie Wrap,Food,2,7.52,15.04
5753,503042,Croissant,Bakery,1,3.23,3.23
5754,503043,Iced Tea,Beverage,1,3.41,3.41
5755,503043,Cold Brew,Beverage,1,4.69,4.69
5756,503044,Turkey Sandwich,Food,1,8.44,8.44
5757,503044,Croissant,Bakery,1,3.22,3.22
5758,503044,Caesar Salad,Food,2,8.07,16.14
5759,503045,Caesar Salad,Food,1,8.05,8.05
5760,503046,Caesar Salad,Food,1,8.17,8.17
5761,503047,Veggie Wrap,Food,1,7.58,7.58
5762,503048,Chocolate Chip Cookie,Bakery,1,2.45,2.45
5763,503048,Croissant,Bakery,1,3.17,3.17
5764,503049,Croissant,Bakery,1,3.22,3.22
5765,503049,Veggie Wrap,Food,1,7.58,7.58
5766,503050,Caesar Salad,Food,1,8.13,8.13
5767,503050,Croissant,Bakery,1,3.18,3.18
5768,503050,Chocolate Chip Cookie,Bakery,2,2.49,4.98
5769,503051,Granola Bar,Snack,1,2.71,2.71
5770,503051,Latte,Beverage,1,4.47,4.47
5771,503052,Espresso,Beverage,1,2.99,2.99
5772,503052,Turkey Sandwich,Food,2,8.4,16.8
5773,503053,Turkey Sandwich,Food,1,8.37,8.37
5774,503053,Avocado Toast,Food,2,7.44,14.88
5775,503053,Veggie Wrap,Food,1,7.75,7.75
5776,503054,Latte,Beverage,2,4.4,8.8
5777,503055,Croissant,Bakery,1,3.18,3.18
5778,503055,Bagel with Cream Cheese,Bakery,2,3.93,7.86
5779,503055,Avocado Toast,Food,1,7.31,7.31
5780,503056,Fruit Cup,Snack,1,3.45,3.45
5781,503057,Iced Tea,Beverage,1,3.46,3.46
5782,503058,Cappuccino,Beverage,1,4.19,4.19
5783,503058,Fruit Cup,Snack,1,3.43,3.43
5784,503058,Caesar Salad,Food,1,8.23,8.23
5785,503059,Croissant,Bakery,1,3.22,3.22
5786,503060,Croissant,Bakery,1,3.22,3.22
5787,503061,Latte,Beverage,1,4.37,4.37
5788,503061,Iced Tea,Beverage,2,3.5,7.0
5789,503061,Turkey Sandwich,Food,1,8.47,8.47
5790,503061,Croissant,Bakery,1,3.24,3.24
5791,503062,Avocado Toast,Food,1,7.46,7.46
5792,503062,Caesar Salad,Food,1,8.13,8.13
5793,503062,Cold Brew,Beverage,1,4.74,4.74
5794,503063,Blueberry Muffin,Bakery,1,3.75,3.75
5795,503064,Chocolate Chip Cookie,Bakery,1,2.49,2.49
5796,503065,Granola Bar,Snack,1,2.7,2.7
5797,503065,Avocado Toast,Food,2,7.3,14.6
5798,503065,Fruit Cup,Snack,2,3.41,6.82
5799,503066,Cappuccino,Beverage,1,4.18,4.18
5800,503066,Latte,Beverage,1,4.43,4.43
5801,503067,Cappuccino,Beverage,1,4.2,4.2
5802,503068,Iced Tea,Beverage,1,3.45,3.45
5803,503069,Chocolate Chip Cookie,Bakery,1,2.5,2.5
5804,503069,Avocado Toast,Food,1,7.48,7.48
5805,503069,Bagel with Cream Cheese,Bakery,1,3.89,3.89
5806,503070,Croissant,Bakery,1,3.22,3.22
5807,503070,Turkey Sandwich,Food,2,8.41,16.82
5808,503070,Espresso,Beverage,1,2.96,2.96
5809,503071,Latte,Beverage,2,4.38,8.76
5810,503072,Cappuccino,Beverage,1,4.13,4.13
5811,503072,Blueberry Muffin,Bakery,1,3.67,3.67
5812,503073,Turkey Sandwich,Food,1,8.37,8.37
5813,503074,Avocado Toast,Food,1,7.46,7.46
5814,503074,Fruit Cup,Snack,1,3.43,3.43
5815,503075,Caesar Salad,Food,1,8.11,8.11
5816,503076,Iced Tea,Beverage,1,3.42,3.42
5817,503077,Fruit Cup,Snack,1,3.46,3.46
5818,503077,Veggie Wrap,Food,1,7.63,7.63
5819,503078,Bagel with Cream Cheese,Bakery,1,3.93,3.93
5820,503078,Avocado Toast,Food,1,7.38,7.38
5821,503078,Cold Brew,Beverage,1,4.66,4.66
5822,503079,Cold Brew,Beverage,1,4.62,4.62
5823,503080,Veggie Wrap,Food,1,7.62,7.62
5824,503081,Latte,Beverage,1,4.4,4.4
5825,503081,Espresso,Beverage,1,2.98,2.98
5826,503082,Chocolate Chip Cookie,Bakery,2,2.48,4.96
5827,503083,Croissant,Bakery,1,3.17,3.17
5828,503083,Avocado Toast,Food,1,7.4,7.4
5829,503084,Chocolate Chip Cookie,Bakery,1,2.48,2.48
5830,503085,Croissant,Bakery,1,3.21,3.21
5831,503085,Caesar Salad,Food,1,8.09,8.09
5832,503085,Espresso,Beverage,1,2.95,2.95
5833,503086,Veggie Wrap,Food,1,7.52,7.52
5834,503087,Cappuccino,Beverage,2,4.15,8.3
5835,503088,Croissant,Bakery,1,3.24,3.24
5836,503089,Veggie Wrap,Food,1,7.75,7.75
5837,503090,Veggie Wrap,Food,1,7.56,7.56
5838,503091,Cappuccino,Beverage,1,4.17,4.17
5839,503092,Turkey Sandwich,Food,1,8.33,8.33
5840,503092,Blueberry Muffin,Bakery,1,3.68,3.68
5841,503093,Bagel with Cream Cheese,Bakery,1,4.0,4.0
5842,503094,Caesar Salad,Food,1,8.02,8.02
5843,503094,Turkey Sandwich,Food,1,8.49,8.49
5844,503094,Bagel with Cream Cheese,Bakery,1,3.94,3.94
5845,503095,Granola Bar,Snack,1,2.73,2.73
5846,503095,Chocolate Chip Cookie,Bakery,1,2.45,2.45
5847,503095,Espresso,Beverage,1,2.91,2.91
5848,503096,Espresso,Beverage,1,3.0,3.0
5849,503097,Bagel with Cream Cheese,Bakery,1,3.9,3.9
5850,503097,Cappuccino,Beverage,1,4.19,4.19
5851,503098,Chocolate Chip Cookie,Bakery,1,2.44,2.44
5852,503098,Espresso,Beverage,1,2.99,2.99
5853,503098,Fruit Cup,Snack,1,3.46,3.46
5854,503098,Granola Bar,Snack,1,2.67,2.67
5855,503099,Fruit Cup,Snack,2,3.42,6.84
5856,503100,Bagel with Cream Cheese,Bakery,1,3.95,3.95
5857,503100,Fruit Cup,Snack,1,3.42,3.42
5858,503101,Granola Bar,Snack,2,2.74,5.48
5859,503101,Caesar Salad,Food,1,8.01,8.01
5860,503102,Fruit Cup,Snack,1,3.45,3.45
5861,503102,Blueberry Muffin,Bakery,1,3.71,3.71
5862,503102,Latte,Beverage,1,4.38,4.38
5863,503102,Cappuccino,Beverage,1,4.14,4.14
5864,503103,Fruit Cup,Snack,1,3.4,3.4
5865,503103,Blueberry Muffin,Bakery,1,3.74,3.74
5866,503103,Caesar Salad,Food,1,8.02,8.02
5867,503103,Veggie Wrap,Food,1,7.6,7.6
5868,503104,Cold Brew,Beverage,1,4.73,4.73
5869,503104,Caesar Salad,Food,1,8.02,8.02
5870,503105,Veggie Wrap,Food,1,7.57,7.57
5871,503106,Granola Bar,Snack,1,2.73,2.73
5872,503107,Veggie Wrap,Food,1,7.67,7.67
5873,503108,Turkey Sandwich,Food,1,8.45,8.45
5874,503108,Veggie Wrap,Food,1,7.54,7.54
5875,503108,Espresso,Beverage,1,2.97,2.97
5876,503108,Croissant,Bakery,1,3.22,3.22
5877,503109,Chocolate Chip Cookie,Bakery,1,2.48,2.48
5878,503109,Blueberry Muffin,Bakery,1,3.73,3.73
5879,503110,Blueberry Muffin,Bakery,1,3.64,3.64
5880,503110,Fruit Cup,Snack,2,3.46,6.92
5881,503110,Avocado Toast,Food,1,7.29,7.29
5882,503110,Turkey Sandwich,Food,1,8.48,8.48
5883,503111,Cold Brew,Beverage,2,4.66,9.32
5884,503112,Cappuccino,Beverage,1,4.15,4.15
5885,503112,Blueberry Muffin,Bakery,1,3.69,3.69
5886,503112,Espresso,Beverage,1,2.92,2.92
5887,503113,Avocado Toast,Food,1,7.5,7.5
5888,503114,Cold Brew,Beverage,2,4.71,9.42
5889,503114,Avocado Toast,Food,2,7.31,14.62
5890,503115,Latte,Beverage,1,4.42,4.42
5891,503115,Cold Brew,Beverage,1,4.73,4.73
5892,503115,Veggie Wrap,Food,1,7.7,7.7
5893,503116,Cappuccino,Beverage,2,4.22,8.44
5894,503116,Fruit Cup,Snack,1,3.41,3.41
5895,503116,Cold Brew,Beverage,1,4.73,4.73
5896,503117,Fruit Cup,Snack,1,3.49,3.49
5897,503117,Avocado Toast,Food,1,7.4,7.4
5898,503118,Bagel with Cream Cheese,Bakery,1,3.9,3.9
5899,503119,Avocado Toast,Food,2,7.32,14.64
5900,503119,Turkey Sandwich,Food,1,8.25,8.25
5901,503119,Latte,Beverage,1,4.49,4.49
5902,503120,Chocolate Chip Cookie,Bakery,2,2.49,4.98
5903,503120,Bagel with Cream Cheese,Bakery,1,3.97,3.97
5904,503121,Croissant,Bakery,1,3.21,3.21
5905,503121,Turkey Sandwich,Food,1,8.41,8.41
5906,503121,Espresso,Beverage,1,2.97,2.97
5907,503121,Cold Brew,Beverage,1,4.66,4.66
5908,503122,Espresso,Beverage,1,2.96,2.96
5909,503123,Chocolate Chip Cookie,Bakery,1,2.45,2.45
5910,503124,Chocolate Chip Cookie,Bakery,1,2.43,2.43
5911,503125,Chocolate Chip Cookie,Bakery,1,2.43,2.43
5912,503126,Espresso,Beverage,1,3.0,3.0
5913,503126,Iced Tea,Beverage,1,3.45,3.45
5914,503126,Granola Bar,Snack,1,2.73,2.73
5915,503126,Blueberry Muffin,Bakery,1,3.74,3.74
5916,503127,Iced Tea,Beverage,1,3.42,3.42
5917,503127,Latte,Beverage,2,4.38,8.76
5918,503128,Avocado Toast,Food,1,7.31,7.31
5919,503129,Cappuccino,Beverage,1,4.14,4.14
5920,503130,Cappuccino,Beverage,2,4.24,8.48
5921,503131,Iced Tea,Beverage,1,3.43,3.43
5922,503131,Avocado Toast,Food,1,7.36,7.36
5923,503132,Latte,Beverage,1,4.49,4.49
5924,503132,Turkey Sandwich,Food,1,8.37,8.37
5925,503132,Espresso,Beverage,1,2.98,2.98
5926,503133,Iced Tea,Beverage,1,3.49,3.49
5927,503133,Chocolate Chip Cookie,Bakery,2,2.47,4.94
5928,503134,Cold Brew,Beverage,1,4.67,4.67
5929,503135,Veggie Wrap,Food,1,7.71,7.71
5930,503136,Turkey Sandwich,Food,1,8.36,8.36
5931,503136,Cappuccino,Beverage,1,4.13,4.13
5932,503137,Fruit Cup,Snack,1,3.46,3.46
5933,503137,Espresso,Beverage,1,2.98,2.98
5934,503137,Iced Tea,Beverage,2,3.42,6.84
5935,503138,Cappuccino,Beverage,2,4.12,8.24
5936,503139,Latte,Beverage,1,4.46,4.46
5937,503140,Latte,Beverage,1,4.43,4.43
5938,503140,Veggie Wrap,Food,1,7.61,7.61
5939,503141,Croissant,Bakery,2,3.18,6.36
5940,503141,Fruit Cup,Snack,1,3.48,3.48
5941,503142,Latte,Beverage,1,4.4,4.4
5942,503143,Avocado Toast,Food,1,7.37,7.37
5943,503143,Croissant,Bakery,1,3.16,3.16
5944,503143,Cold Brew,Beverage,1,4.66,4.66
5945,503144,Cold Brew,Beverage,2,4.64,9.28
5946,503144,Fruit Cup,Snack,1,3.46,3.46
5947,503144,Veggie Wrap,Food,1,7.66,7.66
5948,503145,Chocolate Chip Cookie,Bakery,1,2.47,2.47
5949,503145,Iced Tea,Beverage,1,3.42,3.42
5950,503145,Caesar Salad,Food,1,8.06,8.06
5951,503146,Chocolate Chip Cookie,Bakery,1,2.43,2.43
5952,503147,Blueberry Muffin,Bakery,1,3.65,3.65
5953,503148,Caesar Salad,Food,1,8.03,8.03
5954,503148,Granola Bar,Snack,1,2.68,2.68
5955,503148,Croissant,Bakery,1,3.21,3.21
5956,503148,Fruit Cup,Snack,1,3.5,3.5
5957,503149,Veggie Wrap,Food,1,7.56,7.56
5958,503150,Cappuccino,Beverage,1,4.17,4.17
5959,503150,Espresso,Beverage,2,2.97,5.94
5960,503151,Croissant,Bakery,1,3.17,3.17
5961,503151,Caesar Salad,Food,1,8.04,8.04
5962,503152,Espresso,Beverage,1,2.96,2.96
5963,503152,Iced Tea,Beverage,1,3.44,3.44
5964,503153,Espresso,Beverage,1,2.98,2.98
5965,503153,Veggie Wrap,Food,1,7.62,7.62
5966,503154,Espresso,Beverage,2,2.99,5.98
5967,503154,Turkey Sandwich,Food,2,8.43,16.86
5968,503154,Caesar Salad,Food,2,8.01,16.02
5969,503155,Latte,Beverage,1,4.47,4.47
5970,503156,Caesar Salad,Food,1,8.09,8.09
5971,503156,Veggie Wrap,Food,1,7.71,7.71
5972,503156,Chocolate Chip Cookie,Bakery,1,2.5,2.5
5973,503156,Bagel with Cream Cheese,Bakery,1,3.96,3.96
5974,503157,Chocolate Chip Cookie,Bakery,2,2.45,4.9
5975,503157,Croissant,Bakery,2,3.16,6.32
5976,503157,Fruit Cup,Snack,1,3.44,3.44
5977,503158,Veggie Wrap,Food,1,7.56,7.56
5978,503159,Caesar Salad,Food,1,8.23,8.23
5979,503160,Turkey Sandwich,Food,1,8.39,8.39
5980,503160,Granola Bar,Snack,1,2.72,2.72
5981,503160,Blueberry Muffin,Bakery,1,3.7,3.7
5982,503161,Veggie Wrap,Food,1,7.64,7.64
5983,503162,Croissant,Bakery,2,3.22,6.44
5984,503163,Avocado Toast,Food,1,7.49,7.49
5985,503163,Espresso,Beverage,2,3.0,6.0
5986,503163,Caesar Salad,Food,1,8.17,8.17
5987,503164,Bagel with Cream Cheese,Bakery,1,3.98,3.98
5988,503164,Latte,Beverage,1,4.48,4.48
5989,503164,Caesar Salad,Food,2,8.03,16.06
5990,503165,Croissant,Bakery,1,3.21,3.21
5991,503166,Caesar Salad,Food,1,8.15,8.15
5992,503167,Latte,Beverage,1,4.37,4.37
5993,503168,Fruit Cup,Snack,2,3.42,6.84
5994,503168,Cappuccino,Beverage,1,4.2,4.2
5995,503168,Veggie Wrap,Food,1,7.6,7.6
5996,503169,Chocolate Chip Cookie,Bakery,1,2.43,2.43
5997,503169,Bagel with Cream Cheese,Bakery,1,3.93,3.93
5998,503170,Caesar Salad,Food,1,8.13,8.13
5999,503171,Chocolate Chip Cookie,Bakery,2,2.49,4.98
6000,503171,Turkey Sandwich,Food,2,8.28,16.56
6001,503171,Cold Brew,Beverage,2,4.75,9.5
6002,503172,Espresso,Beverage,1,2.94,2.94
6003,503173,Caesar Salad,Food,1,8.12,8.12
6004,503174,Croissant,Bakery,2,3.22,6.44
6005,503175,Cold Brew,Beverage,1,4.74,4.74
6006,503175,Croissant,Bakery,1,3.19,3.19
6007,503176,Veggie Wrap,Food,1,7.61,7.61
6008,503176,Latte,Beverage,1,4.43,4.43
6009,503176,Iced Tea,Beverage,1,3.45,3.45
6010,503177,Fruit Cup,Snack,1,3.44,3.44
6011,503178,Turkey Sandwich,Food,1,8.25,8.25
6012,503178,Cold Brew,Beverage,1,4.63,4.63
6013,503179,Blueberry Muffin,Bakery,1,3.67,3.67
6014,503179,Fruit Cup,Snack,1,3.42,3.42
6015,503179,Chocolate Chip Cookie,Bakery,1,2.46,2.46
6016,503180,Blueberry Muffin,Bakery,1,3.65,3.65
6017,503181,Croissant,Bakery,2,3.23,6.46
6018,503182,Granola Bar,Snack,1,2.69,2.69
6019,503182,Turkey Sandwich,Food,1,8.31,8.31
6020,503183,Latte,Beverage,1,4.37,4.37
6021,503183,Caesar Salad,Food,1,8.14,8.14
6022,503183,Granola Bar,Snack,1,2.68,2.68
6023,503184,Bagel with Cream Cheese,Bakery,1,3.91,3.91
6024,503184,Iced Tea,Beverage,1,3.47,3.47
6025,503184,Caesar Salad,Food,1,8.16,8.16
6026,503185,Blueberry Muffin,Bakery,2,3.73,7.46
6027,503185,Chocolate Chip Cookie,Bakery,1,2.48,2.48
6028,503185,Caesar Salad,Food,1,8.1,8.1
6029,503185,Cold Brew,Beverage,1,4.65,4.65
6030,503186,Bagel with Cream Cheese,Bakery,2,3.91,7.82
6031,503187,Turkey Sandwich,Food,1,8.3,8.3
6032,503188,Caesar Salad,Food,1,8.01,8.01
6033,503188,Croissant,Bakery,2,3.23,6.46
6034,503189,Espresso,Beverage,1,2.94,2.94
6035,503190,Veggie Wrap,Food,1,7.58,7.58
6036,503190,Iced Tea,Beverage,1,3.41,3.41
6037,503190,Avocado Toast,Food,2,7.4,14.8
6038,503190,Fruit Cup,Snack,1,3.47,3.47
6039,503191,Cold Brew,Beverage,1,4.62,4.62
6040,503192,Avocado Toast,Food,1,7.37,7.37
6041,503193,Avocado Toast,Food,1,7.41,7.41
6042,503194,Bagel with Cream Cheese,Bakery,1,3.92,3.92
6043,503195,Blueberry Muffin,Bakery,1,3.72,3.72
6044,503196,Croissant,Bakery,1,3.18,3.18
6045,503196,Cold Brew,Beverage,1,4.61,4.61
6046,503197,Espresso,Beverage,1,2.95,2.95
6047,503198,Avocado Toast,Food,1,7.41,7.41
6048,503199,Cold Brew,Beverage,1,4.72,4.72
6049,503199,Iced Tea,Beverage,1,3.45,3.45
6050,503200,Espresso,Beverage,1,2.93,2.93
6051,503201,Croissant,Bakery,1,3.15,3.15
6052,503201,Bagel with Cream Cheese,Bakery,1,3.91,3.91
6053,503202,Latte,Beverage,2,4.43,8.86
6054,503203,Croissant,Bakery,1,3.2,3.2
6055,503203,Fruit Cup,Snack,1,3.44,3.44
6056,503204,Espresso,Beverage,2,2.95,5.9
6057,503204,Blueberry Muffin,Bakery,1,3.74,3.74
6058,503205,Latte,Beverage,1,4.5,4.5
6059,503206,Croissant,Bakery,1,3.2,3.2
6060,503206,Turkey Sandwich,Food,1,8.29,8.29
6061,503207,Fruit Cup,Snack,2,3.49,6.98
6062,503207,Cappuccino,Beverage,1,4.17,4.17
6063,503207,Veggie Wrap,Food,1,7.52,7.52
6064,503208,Blueberry Muffin,Bakery,2,3.71,7.42
6065,503209,Granola Bar,Snack,1,2.72,2.72
6066,503210,Espresso,Beverage,2,2.92,5.84
6067,503211,Bagel with Cream Cheese,Bakery,2,3.9,7.8
6068,503211,Fruit Cup,Snack,2,3.45,6.9
6069,503212,Fruit Cup,Snack,1,3.47,3.47
6070,503212,Granola Bar,Snack,1,2.74,2.74
6071,503212,Caesar Salad,Food,1,8.23,8.23
6072,503213,Avocado Toast,Food,1,7.37,7.37
6073,503214,Croissant,Bakery,1,3.19,3.19
6074,503215,Blueberry Muffin,Bakery,1,3.74,3.74
6075,503215,Cold Brew,Beverage,1,4.63,4.63
6076,503216,Caesar Salad,Food,2,8.1,16.2
6077,503216,Veggie Wrap,Food,2,7.7,15.4
6078,503217,Cold Brew,Beverage,1,4.64,4.64
6079,503217,Iced Tea,Beverage,2,3.47,6.94
6080,503218,Caesar Salad,Food,1,8.19,8.19
6081,503218,Cold Brew,Beverage,1,4.66,4.66
6082,503218,Latte,Beverage,2,4.5,9.0
6083,503219,Cold Brew,Beverage,1,4.65,4.65
6084,503219,Fruit Cup,Snack,1,3.47,3.47
6085,503219,Turkey Sandwich,Food,1,8.35,8.35
6086,503220,Bagel with Cream Cheese,Bakery,1,3.89,3.89
6087,503221,Fruit Cup,Snack,1,3.46,3.46
6088,503221,Granola Bar,Snack,1,2.7,2.7
6089,503221,Caesar Salad,Food,1,8.04,8.04
6090,503222,Chocolate Chip Cookie,Bakery,1,2.48,2.48
6091,503223,Turkey Sandwich,Food,1,8.45,8.45
6092,503224,Blueberry Muffin,Bakery,1,3.66,3.66
6093,503225,Granola Bar,Snack,1,2.71,2.71
6094,503226,Avocado Toast,Food,1,7.46,7.46
6095,503226,Espresso,Beverage,1,2.93,2.93
6096,503226,Cold Brew,Beverage,1,4.66,4.66
6097,503226,Veggie Wrap,Food,1,7.69,7.69
6098,503227,Veggie Wrap,Food,1,7.53,7.53
6099,503228,Iced Tea,Beverage,1,3.48,3.48
6100,503228,Chocolate Chip Cookie,Bakery,1,2.44,2.44
6101,503229,Veggie Wrap,Food,1,7.53,7.53
6102,503230,Veggie Wrap,Food,1,7.59,7.59
6103,503231,Croissant,Bakery,1,3.23,3.23
6104,503231,Latte,Beverage,1,4.4,4.4
6105,503231,Bagel with Cream Cheese,Bakery,2,3.93,7.86
6106,503232,Latte,Beverage,1,4.45,4.45
6107,503232,Turkey Sandwich,Food,2,8.27,16.54
6108,503233,Chocolate Chip Cookie,Bakery,1,2.5,2.5
6109,503233,Blueberry Muffin,Bakery,1,3.73,3.73
6110,503234,Croissant,Bakery,1,3.16,3.16
6111,503235,Avocado Toast,Food,1,7.42,7.42
6112,503235,Latte,Beverage,1,4.45,4.45
6113,503235,Chocolate Chip Cookie,Bakery,1,2.49,2.49
6114,503235,Veggie Wrap,Food,1,7.58,7.58
6115,503236,Iced Tea,Beverage,1,3.4,3.4
6116,503237,Bagel with Cream Cheese,Bakery,1,3.92,3.92
6117,503237,Turkey Sandwich,Food,1,8.26,8.26
6118,503237,Avocado Toast,Food,1,7.48,7.48
6119,503238,Cold Brew,Beverage,1,4.63,4.63
6120,503238,Chocolate Chip Cookie,Bakery,1,2.47,2.47
6121,503239,Latte,Beverage,2,4.46,8.92
6122,503240,Latte,Beverage,1,4.44,4.44
6123,503240,Veggie Wrap,Food,1,7.58,7.58
6124,503240,Cold Brew,Beverage,1,4.61,4.61
6125,503241,Avocado Toast,Food,1,7.3,7.3
6126,503241,Espresso,Beverage,1,2.99,2.99
6127,503241,Latte,Beverage,1,4.47,4.47
6128,503242,Turkey Sandwich,Food,2,8.5,17.0
6129,503242,Fruit Cup,Snack,1,3.49,3.49
6130,503242,Blueberry Muffin,Bakery,1,3.68,3.68
6131,503243,Latte,Beverage,1,4.48,4.48
6132,503243,Cappuccino,Beverage,2,4.18,8.36
6133,503244,Croissant,Bakery,1,3.22,3.22
6134,503244,Chocolate Chip Cookie,Bakery,1,2.43,2.43
6135,503244,Fruit Cup,Snack,1,3.41,3.41
6136,503245,Granola Bar,Snack,2,2.67,5.34
6137,503245,Bagel with Cream Cheese,Bakery,2,3.89,7.78
6138,503246,Granola Bar,Snack,1,2.68,2.68
6139,503246,Espresso,Beverage,1,2.97,2.97
6140,503246,Fruit Cup,Snack,1,3.43,3.43
6141,503247,Cappuccino,Beverage,1,4.19,4.19
6142,503247,Chocolate Chip Cookie,Bakery,1,2.46,2.46
6143,503247,Caesar Salad,Food,1,8.15,8.15
6144,503248,Bagel with Cream Cheese,Bakery,1,3.98,3.98
6145,503248,Croissant,Bakery,1,3.17,3.17
6146,503248,Avocado Toast,Food,1,7.4,7.4
6147,503248,Latte,Beverage,1,4.43,4.43
6148,503249,Granola Bar,Snack,1,2.69,2.69
6149,503249,Caesar Salad,Food,1,8.07,8.07
6150,503249,Turkey Sandwich,Food,1,8.49,8.49
6151,503249,Chocolate Chip Cookie,Bakery,1,2.49,2.49
6152,503250,Bagel with Cream Cheese,Bakery,1,3.93,3.93
6153,503251,Granola Bar,Snack,1,2.72,2.72
6154,503251,Fruit Cup,Snack,1,3.49,3.49
6155,503252,Chocolate Chip Cookie,Bakery,1,2.47,2.47
6156,503252,Granola Bar,Snack,2,2.73,5.46
6157,503253,Iced Tea,Beverage,1,3.46,3.46
6158,503254,Cold Brew,Beverage,1,4.65,4.65
6159,503254,Bagel with Cream Cheese,Bakery,1,3.89,3.89
6160,503255,Cappuccino,Beverage,1,4.18,4.18
6161,503256,Turkey Sandwich,Food,1,8.46,8.46
6162,503257,Blueberry Muffin,Bakery,1,3.72,3.72
6163,503257,Bagel with Cream Cheese,Bakery,1,3.91,3.91
6164,503257,Latte,Beverage,1,4.39,4.39
6165,503257,Veggie Wrap,Food,1,7.6,7.6
6166,503258,Caesar Salad,Food,1,8.03,8.03
6167,503259,Bagel with Cream Cheese,Bakery,1,3.99,3.99
6168,503259,Iced Tea,Beverage,1,3.44,3.44
6169,503260,Fruit Cup,Snack,1,3.41,3.41
6170,503260,Iced Tea,Beverage,1,3.44,3.44
6171,503261,Cappuccino,Beverage,1,4.13,4.13
6172,503261,Avocado Toast,Food,1,7.38,7.38
6173,503261,Espresso,Beverage,1,2.97,2.97
6174,503262,Caesar Salad,Food,1,8.22,8.22
6175,503262,Blueberry Muffin,Bakery,1,3.67,3.67
6176,503262,Latte,Beverage,2,4.37,8.74
6177,503263,Latte,Beverage,1,4.47,4.47
6178,503263,Blueberry Muffin,Bakery,1,3.7,3.7
6179,503264,Veggie Wrap,Food,1,7.74,7.74
6180,503264,Chocolate Chip Cookie,Bakery,1,2.47,2.47
6181,503264,Turkey Sandwich,Food,1,8.38,8.38
6182,503265,Blueberry Muffin,Bakery,1,3.65,3.65
6183,503266,Latte,Beverage,1,4.38,4.38
6184,503267,Bagel with Cream Cheese,Bakery,1,3.92,3.92
6185,503267,Granola Bar,Snack,1,2.73,2.73
6186,503268,Blueberry Muffin,Bakery,1,3.66,3.66
6187,503268,Fruit Cup,Snack,2,3.42,6.84
6188,503269,Veggie Wrap,Food,1,7.57,7.57
6189,503270,Fruit Cup,Snack,1,3.4,3.4
6190,503270,Blueberry Muffin,Bakery,1,3.73,3.73
6191,503270,Avocado Toast,Food,1,7.48,7.48
6192,503270,Bagel with Cream Cheese,Bakery,1,3.91,3.91
6193,503271,Croissant,Bakery,1,3.2,3.2
6194,503271,Espresso,Beverage,1,2.95,2.95
6195,503272,Iced Tea,Beverage,1,3.45,3.45
6196,503272,Turkey Sandwich,Food,1,8.46,8.46
6197,503273,Caesar Salad,Food,2,8.16,16.32
6198,503273,Fruit Cup,Snack,1,3.46,3.46
6199,503274,Granola Bar,Snack,1,2.74,2.74
6200,503275,Veggie Wrap,Food,2,7.7,15.4
6201,503276,Granola Bar,Snack,1,2.7,2.7
6202,503277,Fruit Cup,Snack,1,3.43,3.43
6203,503278,Chocolate Chip Cookie,Bakery,1,2.43,2.43
6204,503279,Espresso,Beverage,2,2.91,5.82
6205,503280,Granola Bar,Snack,1,2.71,2.71
6206,503281,Iced Tea,Beverage,1,3.47,3.47
6207,503282,Bagel with Cream Cheese,Bakery,1,3.9,3.9
6208,503283,Espresso,Beverage,1,2.96,2.96
6209,503284,Turkey Sandwich,Food,1,8.47,8.47
6210,503285,Espresso,Beverage,1,2.91,2.91
6211,503285,Granola Bar,Snack,1,2.72,2.72
6212,503285,Blueberry Muffin,Bakery,1,3.66,3.66
6213,503286,Bagel with Cream Cheese,Bakery,1,3.95,3.95
6214,503286,Latte,Beverage,1,4.39,4.39
6215,503286,Turkey Sandwich,Food,1,8.47,8.47
6216,503287,Avocado Toast,Food,1,7.46,7.46
6217,503288,Veggie Wrap,Food,1,7.66,7.66
6218,503289,Caesar Salad,Food,2,8.03,16.06
6219,503289,Chocolate Chip Cookie,Bakery,2,2.44,4.88
6220,503290,Fruit Cup,Snack,1,3.42,3.42
6221,503290,Turkey Sandwich,Food,2,8.35,16.7
6222,503291,Granola Bar,Snack,1,2.71,2.71
6223,503292,Veggie Wrap,Food,1,7.63,7.63
6224,503292,Turkey Sandwich,Food,1,8.37,8.37
6225,503293,Blueberry Muffin,Bakery,1,3.66,3.66
6226,503294,Cappuccino,Beverage,1,4.24,4.24
6227,503295,Bagel with Cream Cheese,Bakery,1,3.97,3.97
6228,503295,Chocolate Chip Cookie,Bakery,1,2.45,2.45
6229,503296,Veggie Wrap,Food,1,7.65,7.65
6230,503297,Fruit Cup,Snack,1,3.4,3.4
6231,503297,Veggie Wrap,Food,1,7.74,7.74
6232,503298,Bagel with Cream Cheese,Bakery,1,3.95,3.95
6233,503299,Turkey Sandwich,Food,1,8.36,8.36
6234,503300,Avocado Toast,Food,1,7.39,7.39
6235,503301,Blueberry Muffin,Bakery,1,3.7,3.7
6236,503301,Granola Bar,Snack,1,2.73,2.73
6237,503301,Avocado Toast,Food,1,7.31,7.31
6238,503302,Blueberry Muffin,Bakery,1,3.64,3.64
6239,503302,Granola Bar,Snack,1,2.69,2.69
6240,503302,Espresso,Beverage,1,2.92,2.92
6241,503303,Bagel with Cream Cheese,Bakery,1,3.91,3.91
6242,503303,Blueberry Muffin,Bakery,1,3.74,3.74
6243,503304,Avocado Toast,Food,1,7.34,7.34
6244,503305,Blueberry Muffin,Bakery,1,3.68,3.68
6245,503306,Blueberry Muffin,Bakery,2,3.68,7.36
6246,503306,Latte,Beverage,2,4.4,8.8
6247,503307,Cold Brew,Beverage,1,4.72,4.72
6248,503308,Iced Tea,Beverage,2,3.49,6.98
6249,503309,Caesar Salad,Food,2,8.19,16.38
6250,503309,Bagel with Cream Cheese,Bakery,1,3.99,3.99
6251,503310,Croissant,Bakery,1,3.2,3.2
6252,503311,Avocado Toast,Food,1,7.49,7.49
6253,503312,Chocolate Chip Cookie,Bakery,1,2.43,2.43
6254,503312,Cappuccino,Beverage,1,4.15,4.15
6255,503312,Blueberry Muffin,Bakery,1,3.72,3.72
6256,503313,Caesar Salad,Food,1,8.04,8.04
6257,503313,Iced Tea,Beverage,1,3.45,3.45
6258,503314,Bagel with Cream Cheese,Bakery,1,3.99,3.99
6259,503314,Avocado Toast,Food,1,7.39,7.39
6260,503315,Croissant,Bakery,1,3.18,3.18
6261,503315,Latte,Beverage,1,4.5,4.5
6262,503316,Croissant,Bakery,1,3.18,3.18
6263,503316,Caesar Salad,Food,1,8.05,8.05
6264,503316,Fruit Cup,Snack,1,3.41,3.41
6265,503316,Veggie Wrap,Food,1,7.61,7.61
6266,503317,Chocolate Chip Cookie,Bakery,1,2.43,2.43
6267,503317,Caesar Salad,Food,1,8.08,8.08
6268,503318,Croissant,Bakery,2,3.23,6.46
6269,503319,Veggie Wrap,Food,1,7.61,7.61
6270,503319,Espresso,Beverage,1,2.95,2.95
6271,503320,Chocolate Chip Cookie,Bakery,1,2.46,2.46
6272,503320,Latte,Beverage,1,4.45,4.45
6273,503321,Latte,Beverage,1,4.46,4.46
6274,503322,Blueberry Muffin,Bakery,1,3.72,3.72
6275,503322,Caesar Salad,Food,1,8.1,8.1
6276,503323,Blueberry Muffin,Bakery,1,3.74,3.74
6277,503323,Granola Bar,Snack,1,2.67,2.67
6278,503323,Cappuccino,Beverage,1,4.24,4.24
6279,503324,Avocado Toast,Food,2,7.39,14.78
6280,503324,Espresso,Beverage,1,2.91,2.91
6281,503325,Cappuccino,Beverage,1,4.22,4.22
6282,503325,Caesar Salad,Food,1,8.06,8.06
6283,503325,Iced Tea,Beverage,1,3.5,3.5
6284,503326,Granola Bar,Snack,1,2.73,2.73
6285,503326,Avocado Toast,Food,1,7.49,7.49
6286,503327,Fruit Cup,Snack,1,3.46,3.46
6287,503328,Croissant,Bakery,1,3.16,3.16
6288,503328,Avocado Toast,Food,2,7.35,14.7
6289,503329,Blueberry Muffin,Bakery,1,3.69,3.69
6290,503330,Cold Brew,Beverage,1,4.69,4.69
6291,503330,Blueberry Muffin,Bakery,2,3.75,7.5
6292,503331,Cappuccino,Beverage,1,4.14,4.14
6293,503332,Espresso,Beverage,1,2.95,2.95
6294,503332,Caesar Salad,Food,1,8.12,8.12
6295,503332,Avocado Toast,Food,1,7.42,7.42
6296,503332,Granola Bar,Snack,1,2.73,2.73
6297,503333,Caesar Salad,Food,1,8.04,8.04
6298,503334,Granola Bar,Snack,1,2.75,2.75
6299,503334,Latte,Beverage,1,4.4,4.4
6300,503334,Chocolate Chip Cookie,Bakery,1,2.43,2.43
6301,503335,Caesar Salad,Food,1,8.24,8.24
6302,503335,Cappuccino,Beverage,2,4.18,8.36
6303,503335,Bagel with Cream Cheese,Bakery,1,3.98,3.98
6304,503336,Avocado Toast,Food,1,7.48,7.48
6305,503336,Cappuccino,Beverage,1,4.23,4.23
6306,503337,Chocolate Chip Cookie,Bakery,1,2.49,2.49
6307,503338,Cold Brew,Beverage,1,4.71,4.71
6308,503339,Chocolate Chip Cookie,Bakery,1,2.47,2.47
6309,503340,Croissant,Bakery,1,3.24,3.24
6310,503341,Iced Tea,Beverage,1,3.41,3.41
6311,503341,Latte,Beverage,2,4.38,8.76
6312,503342,Turkey Sandwich,Food,1,8.46,8.46
6313,503342,Latte,Beverage,1,4.45,4.45
6314,503343,Turkey Sandwich,Food,1,8.32,8.32
6315,503343,Blueberry Muffin,Bakery,2,3.73,7.46
6316,503344,Veggie Wrap,Food,1,7.69,7.69
6317,503344,Chocolate Chip Cookie,Bakery,1,2.48,2.48
6318,503345,Granola Bar,Snack,1,2.7,2.7
6319,503346,Espresso,Beverage,1,2.97,2.97
6320,503346,Croissant,Bakery,1,3.22,3.22
6321,503347,Granola Bar,Snack,2,2.71,5.42
6322,503347,Latte,Beverage,1,4.38,4.38
6323,503348,Granola Bar,Snack,1,2.73,2.73
6324,503349,Cold Brew,Beverage,2,4.7,9.4
6325,503349,Avocado Toast,Food,2,7.48,14.96
6326,503350,Avocado Toast,Food,1,7.35,7.35
6327,503350,Iced Tea,Beverage,1,3.44,3.44
6328,503350,Cold Brew,Beverage,1,4.66,4.66
6329,503351,Cappuccino,Beverage,1,4.2,4.2
6330,503351,Blueberry Muffin,Bakery,1,3.69,3.69
6331,503352,Iced Tea,Beverage,1,3.45,3.45
6332,503352,Turkey Sandwich,Food,1,8.49,8.49
6333,503353,Veggie Wrap,Food,2,7.61,15.22
6334,503354,Iced Tea,Beverage,1,3.49,3.49
6335,503355,Cappuccino,Beverage,1,4.15,4.15
6336,503356,Espresso,Beverage,1,2.96,2.96
6337,503357,Chocolate Chip Cookie,Bakery,1,2.43,2.43
6338,503357,Bagel with Cream Cheese,Bakery,2,4.0,8.0
6339,503358,Cappuccino,Beverage,1,4.22,4.22
6340,503358,Veggie Wrap,Food,1,7.68,7.68
6341,503359,Fruit Cup,Snack,1,3.5,3.5
6342,503360,Bagel with Cream Cheese,Bakery,1,3.99,3.99
6343,503360,Fruit Cup,Snack,1,3.46,3.46
6344,503361,Turkey Sandwich,Food,2,8.46,16.92
6345,503361,Cold Brew,Beverage,1,4.71,4.71
6346,503362,Croissant,Bakery,1,3.16,3.16
6347,503362,Cold Brew,Beverage,1,4.61,4.61
6348,503362,Latte,Beverage,1,4.38,4.38
6349,503363,Croissant,Bakery,1,3.23,3.23
6350,503364,Avocado Toast,Food,2,7.39,14.78
6351,503365,Iced Tea,Beverage,2,3.41,6.82
6352,503365,Cappuccino,Beverage,1,4.18,4.18
6353,503366,Veggie Wrap,Food,2,7.67,15.34
6354,503367,Chocolate Chip Cookie,Bakery,2,2.43,4.86
6355,503367,Latte,Beverage,1,4.41,4.41
6356,503368,Latte,Beverage,1,4.47,4.47
6357,503368,Iced Tea,Beverage,1,3.46,3.46
6358,503368,Chocolate Chip Cookie,Bakery,1,2.45,2.45
6359,503369,Bagel with Cream Cheese,Bakery,1,3.9,3.9
6360,503369,Veggie Wrap,Food,1,7.67,7.67
6361,503369,Blueberry Muffin,Bakery,1,3.67,3.67
6362,503370,Blueberry Muffin,Bakery,1,3.73,3.73
6363,503370,Turkey Sandwich,Food,1,8.31,8.31
6364,503370,Latte,Beverage,1,4.41,4.41
6365,503371,Iced Tea,Beverage,1,3.45,3.45
6366,503371,Turkey Sandwich,Food,1,8.42,8.42
6367,503372,Chocolate Chip Cookie,Bakery,1,2.45,2.45
6368,503373,Espresso,Beverage,2,2.92,5.84
6369,503373,Veggie Wrap,Food,1,7.62,7.62
6370,503373,Blueberry Muffin,Bakery,2,3.74,7.48
6371,503373,Chocolate Chip Cookie,Bakery,1,2.46,2.46
6372,503374,Caesar Salad,Food,2,8.14,16.28
6373,503375,Bagel with Cream Cheese,Bakery,1,3.95,3.95
6374,503376,Avocado Toast,Food,2,7.32,14.64
6375,503377,Espresso,Beverage,1,2.94,2.94
6376,503378,Avocado Toast,Food,1,7.29,7.29
6377,503379,Veggie Wrap,Food,1,7.6,7.6
6378,503380,Chocolate Chip Cookie,Bakery,1,2.46,2.46
6379,503381,Granola Bar,Snack,1,2.73,2.73
6380,503382,Blueberry Muffin,Bakery,1,3.73,3.73
6381,503382,Latte,Beverage,1,4.39,4.39
6382,503382,Cold Brew,Beverage,1,4.66,4.66
6383,503383,Croissant,Bakery,1,3.18,3.18
6384,503383,Veggie Wrap,Food,1,7.73,7.73
6385,503383,Chocolate Chip Cookie,Bakery,1,2.45,2.45
6386,503384,Avocado Toast,Food,1,7.34,7.34
6387,503384,Latte,Beverage,1,4.38,4.38
6388,503384,Fruit Cup,Snack,1,3.49,3.49
6389,503385,Latte,Beverage,1,4.49,4.49
6390,503385,Chocolate Chip Cookie,Bakery,1,2.43,2.43
6391,503385,Blueberry Muffin,Bakery,1,3.69,3.69
6392,503386,Latte,Beverage,1,4.45,4.45
6393,503386,Cold Brew,Beverage,1,4.65,4.65
6394,503387,Iced Tea,Beverage,2,3.49,6.98
6395,503387,Blueberry Muffin,Bakery,1,3.71,3.71
6396,503388,Latte,Beverage,2,4.46,8.92
6397,503388,Espresso,Beverage,1,2.94,2.94
6398,503389,Latte,Beverage,1,4.44,4.44
6399,503389,Cold Brew,Beverage,1,4.73,4.73
6400,503389,Blueberry Muffin,Bakery,1,3.74,3.74
6401,503390,Bagel with Cream Cheese,Bakery,1,3.9,3.9
6402,503391,Bagel with Cream Cheese,Bakery,1,3.89,3.89
6403,503392,Croissant,Bakery,1,3.22,3.22
6404,503393,Veggie Wrap,Food,2,7.6,15.2
6405,503393,Granola Bar,Snack,1,2.73,2.73
6406,503394,Chocolate Chip Cookie,Bakery,1,2.46,2.46
6407,503394,Bagel with Cream Cheese,Bakery,1,3.96,3.96
6408,503395,Veggie Wrap,Food,1,7.52,7.52
6409,503395,Croissant,Bakery,1,3.18,3.18
6410,503395,Turkey Sandwich,Food,2,8.32,16.64
6411,503396,Chocolate Chip Cookie,Bakery,2,2.45,4.9
6412,503396,Iced Tea,Beverage,1,3.42,3.42
6413,503397,Cappuccino,Beverage,1,4.21,4.21
6414,503398,Cold Brew,Beverage,1,4.71,4.71
6415,503398,Bagel with Cream Cheese,Bakery,1,3.89,3.89
6416,503398,Latte,Beverage,1,4.4,4.4
6417,503398,Veggie Wrap,Food,1,7.7,7.7
6418,503399,Avocado Toast,Food,1,7.45,7.45
6419,503399,Blueberry Muffin,Bakery,2,3.66,7.32
6420,503399,Fruit Cup,Snack,1,3.44,3.44
6421,503400,Granola Bar,Snack,1,2.69,2.69
6422,503401,Caesar Salad,Food,1,8.23,8.23
6423,503402,Croissant,Bakery,1,3.25,3.25
6424,503403,Caesar Salad,Food,2,8.12,16.24
6425,503404,Veggie Wrap,Food,2,7.73,15.46
6426,503404,Espresso,Beverage,1,2.99,2.99
6427,503404,Blueberry Muffin,Bakery,1,3.74,3.74
6428,503405,Fruit Cup,Snack,1,3.4,3.4
6429,503405,Blueberry Muffin,Bakery,1,3.68,3.68
6430,503406,Iced Tea,Beverage,1,3.47,3.47
6431,503407,Cold Brew,Beverage,1,4.62,4.62
6432,503407,Granola Bar,Snack,1,2.67,2.67
6433,503407,Croissant,Bakery,1,3.21,3.21
6434,503407,Avocado Toast,Food,1,7.43,7.43
6435,503408,Cappuccino,Beverage,1,4.15,4.15
6436,503408,Espresso,Beverage,2,2.95,5.9
6437,503409,Iced Tea,Beverage,1,3.46,3.46
6438,503410,Croissant,Bakery,1,3.16,3.16
6439,503411,Fruit Cup,Snack,1,3.5,3.5
6440,503411,Blueberry Muffin,Bakery,1,3.71,3.71
6441,503411,Granola Bar,Snack,2,2.72,5.44
6442,503411,Espresso,Beverage,1,2.91,2.91
6443,503412,Chocolate Chip Cookie,Bakery,1,2.5,2.5
6444,503413,Chocolate Chip Cookie,Bakery,2,2.46,4.92
6445,503413,Iced Tea,Beverage,1,3.46,3.46
6446,503414,Veggie Wrap,Food,1,7.62,7.62
6447,503414,Espresso,Beverage,1,2.93,2.93
6448,503415,Espresso,Beverage,1,3.0,3.0
6449,503415,Chocolate Chip Cookie,Bakery,1,2.49,2.49
6450,503415,Croissant,Bakery,1,3.22,3.22
6451,503415,Veggie Wrap,Food,1,7.52,7.52
6452,503416,Bagel with Cream Cheese,Bakery,1,3.98,3.98
6453,503416,Cold Brew,Beverage,1,4.61,4.61
6454,503417,Blueberry Muffin,Bakery,1,3.73,3.73
6455,503417,Latte,Beverage,1,4.48,4.48
6456,503418,Blueberry Muffin,Bakery,2,3.66,7.32
6457,503419,Granola Bar,Snack,1,2.67,2.67
6458,503419,Espresso,Beverage,1,2.99,2.99
6459,503420,Veggie Wrap,Food,1,7.67,7.67
6460,503421,Caesar Salad,Food,1,8.04,8.04
6461,503422,Espresso,Beverage,1,2.99,2.99
6462,503422,Granola Bar,Snack,1,2.73,2.73
6463,503422,Chocolate Chip Cookie,Bakery,1,2.43,2.43
6464,503423,Latte,Beverage,1,4.45,4.45
6465,503423,Granola Bar,Snack,1,2.74,2.74
6466,503424,Croissant,Bakery,1,3.17,3.17
6467,503424,Fruit Cup,Snack,1,3.49,3.49
6468,503425,Avocado Toast,Food,1,7.4,7.4
6469,503425,Cappuccino,Beverage,1,4.25,4.25
6470,503425,Turkey Sandwich,Food,1,8.3,8.3
6471,503426,Turkey Sandwich,Food,1,8.48,8.48
6472,503427,Blueberry Muffin,Bakery,1,3.75,3.75
6473,503428,Cappuccino,Beverage,1,4.17,4.17
6474,503429,Granola Bar,Snack,1,2.68,2.68
6475,503430,Cappuccino,Beverage,1,4.24,4.24
6476,503431,Cappuccino,Beverage,1,4.23,4.23
6477,503432,Espresso,Beverage,1,2.92,2.92
6478,503432,Bagel with Cream Cheese,Bakery,2,3.99,7.98
6479,503433,Latte,Beverage,1,4.43,4.43
6480,503434,Veggie Wrap,Food,2,7.72,15.44
6481,503434,Croissant,Bakery,1,3.22,3.22
6482,503434,Cappuccino,Beverage,1,4.25,4.25
6483,503435,Veggie Wrap,Food,1,7.59,7.59
6484,503435,Latte,Beverage,2,4.45,8.9
6485,503436,Caesar Salad,Food,1,8.24,8.24
6486,503437,Latte,Beverage,1,4.49,4.49
6487,503437,Veggie Wrap,Food,1,7.71,7.71
6488,503438,Croissant,Bakery,1,3.23,3.23
6489,503438,Fruit Cup,Snack,1,3.46,3.46
6490,503438,Veggie Wrap,Food,1,7.73,7.73
6491,503439,Latte,Beverage,1,4.38,4.38
6492,503440,Cold Brew,Beverage,1,4.7,4.7
6493,503441,Veggie Wrap,Food,1,7.58,7.58
6494,503442,Espresso,Beverage,1,2.93,2.93
6495,503443,Latte,Beverage,2,4.37,8.74
6496,503444,Bagel with Cream Cheese,Bakery,1,3.95,3.95
6497,503444,Blueberry Muffin,Bakery,1,3.65,3.65
6498,503444,Espresso,Beverage,1,2.99,2.99
6499,503445,Granola Bar,Snack,1,2.68,2.68
6500,503445,Bagel with Cream Cheese,Bakery,1,3.89,3.89
6501,503445,Cold Brew,Beverage,1,4.74,4.74
6502,503446,Chocolate Chip Cookie,Bakery,1,2.47,2.47
6503,503447,Croissant,Bakery,1,3.18,3.18
6504,503448,Caesar Salad,Food,1,8.24,8.24
6505,503448,Fruit Cup,Snack,2,3.41,6.82
6506,503449,Blueberry Muffin,Bakery,2,3.68,7.36
6507,503450,Chocolate Chip Cookie,Bakery,1,2.45,2.45
6508,503450,Cappuccino,Beverage,1,4.22,4.22
6509,503450,Fruit Cup,Snack,1,3.48,3.48
6510,503450,Blueberry Muffin,Bakery,1,3.71,3.71
6511,503451,Fruit Cup,Snack,1,3.45,3.45
6512,503452,Blueberry Muffin,Bakery,1,3.72,3.72
6513,503453,Fruit Cup,Snack,1,3.48,3.48
6514,503453,Iced Tea,Beverage,1,3.47,3.47
6515,503454,Chocolate Chip Cookie,Bakery,1,2.45,2.45
6516,503454,Cold Brew,Beverage,1,4.65,4.65
6517,503455,Croissant,Bakery,2,3.23,6.46
6518,503455,Iced Tea,Beverage,1,3.44,3.44
6519,503456,Turkey Sandwich,Food,2,8.43,16.86
6520,503457,Bagel with Cream Cheese,Bakery,1,3.9,3.9
6521,503458,Turkey Sandwich,Food,1,8.27,8.27
6522,503458,Iced Tea,Beverage,1,3.49,3.49
6523,503459,Latte,Beverage,2,4.49,8.98
6524,503459,Blueberry Muffin,Bakery,1,3.7,3.7
6525,503460,Croissant,Bakery,1,3.21,3.21
6526,503461,Chocolate Chip Cookie,Bakery,1,2.46,2.46
6527,503461,Turkey Sandwich,Food,1,8.36,8.36
6528,503461,Latte,Beverage,1,4.49,4.49
6529,503462,Cold Brew,Beverage,1,4.61,4.61
6530,503462,Cappuccino,Beverage,1,4.24,4.24
6531,503463,Chocolate Chip Cookie,Bakery,1,2.45,2.45
6532,503463,Caesar Salad,Food,1,8.2,8.2
6533,503464,Chocolate Chip Cookie,Bakery,1,2.43,2.43
6534,503465,Bagel with Cream Cheese,Bakery,2,3.89,7.78
6535,503466,Croissant,Bakery,1,3.18,3.18
6536,503466,Cappuccino,Beverage,1,4.18,4.18
6537,503467,Granola Bar,Snack,1,2.69,2.69
6538,503468,Veggie Wrap,Food,1,7.63,7.63
6539,503468,Avocado Toast,Food,1,7.35,7.35
6540,503468,Granola Bar,Snack,1,2.69,2.69
6541,503469,Croissant,Bakery,1,3.19,3.19
6542,503470,Veggie Wrap,Food,1,7.74,7.74
6543,503471,Chocolate Chip Cookie,Bakery,1,2.49,2.49
6544,503472,Cold Brew,Beverage,1,4.71,4.71
6545,503473,Cappuccino,Beverage,2,4.24,8.48
6546,503474,Espresso,Beverage,1,2.95,2.95
6547,503475,Croissant,Bakery,1,3.24,3.24
6548,503475,Granola Bar,Snack,2,2.69,5.38
6549,503476,Croissant,Bakery,1,3.2,3.2
6550,503476,Bagel with Cream Cheese,Bakery,2,3.92,7.84
6551,503476,Blueberry Muffin,Bakery,1,3.73,3.73
6552,503476,Fruit Cup,Snack,1,3.44,3.44
6553,503477,Veggie Wrap,Food,1,7.56,7.56
6554,503478,Veggie Wrap,Food,1,7.7,7.7
6555,503479,Veggie Wrap,Food,2,7.56,15.12
6556,503479,Bagel with Cream Cheese,Bakery,1,3.97,3.97
6557,503479,Chocolate Chip Cookie,Bakery,1,2.49,2.49
6558,503479,Avocado Toast,Food,2,7.47,14.94
6559,503480,Fruit Cup,Snack,1,3.47,3.47
6560,503481,Bagel with Cream Cheese,Bakery,1,3.88,3.88
6561,503482,Turkey Sandwich,Food,1,8.4,8.4
6562,503482,Cold Brew,Beverage,1,4.62,4.62
6563,503483,Veggie Wrap,Food,1,7.57,7.57
6564,503483,Granola Bar,Snack,1,2.7,2.7
6565,503484,Bagel with Cream Cheese,Bakery,1,3.89,3.89
6566,503485,Cold Brew,Beverage,1,4.74,4.74
6567,503485,Bagel with Cream Cheese,Bakery,2,3.98,7.96
6568,503486,Iced Tea,Beverage,1,3.48,3.48
6569,503486,Granola Bar,Snack,2,2.75,5.5
6570,503486,Bagel with Cream Cheese,Bakery,2,3.93,7.86
6571,503487,Cappuccino,Beverage,1,4.19,4.19
6572,503488,Cold Brew,Beverage,2,4.68,9.36
6573,503488,Granola Bar,Snack,2,2.73,5.46
6574,503488,Turkey Sandwich,Food,1,8.49,8.49
6575,503489,Caesar Salad,Food,1,8.19,8.19
6576,503489,Iced Tea,Beverage,1,3.43,3.43
6577,503490,Cappuccino,Beverage,1,4.16,4.16
6578,503491,Cold Brew,Beverage,1,4.72,4.72
6579,503492,Turkey Sandwich,Food,2,8.31,16.62
6580,503493,Bagel with Cream Cheese,Bakery,1,3.98,3.98
6581,503494,Bagel with Cream Cheese,Bakery,1,3.95,3.95
6582,503495,Veggie Wrap,Food,1,7.7,7.7
6583,503496,Blueberry Muffin,Bakery,1,3.73,3.73
6584,503496,Latte,Beverage,1,4.42,4.42
6585,503497,Cold Brew,Beverage,1,4.74,4.74
6586,503498,Fruit Cup,Snack,1,3.43,3.43
6587,503498,Cold Brew,Beverage,1,4.67,4.67
6588,503498,Bagel with Cream Cheese,Bakery,1,3.89,3.89
6589,503498,Croissant,Bakery,1,3.18,3.18
6590,503499,Cold Brew,Beverage,1,4.75,4.75
6591,503499,Cappuccino,Beverage,1,4.15,4.15
6592,503500,Iced Tea,Beverage,1,3.44,3.44
6593,503500,Cold Brew,Beverage,1,4.74,4.74
6594,503500,Espresso,Beverage,2,2.96,5.92
6595,503501,Cold Brew,Beverage,1,4.72,4.72
6596,503501,Blueberry Muffin,Bakery,1,3.71,3.71
6597,503502,Chocolate Chip Cookie,Bakery,1,2.46,2.46
6598,503502,Fruit Cup,Snack,1,3.41,3.41
6599,503503,Latte,Beverage,1,4.4,4.4
6600,503504,Iced Tea,Beverage,1,3.41,3.41
6601,503504,Blueberry Muffin,Bakery,1,3.69,3.69
6602,503505,Cold Brew,Beverage,1,4.66,4.66
6603,503505,Cappuccino,Beverage,1,4.23,4.23
6604,503506,Fruit Cup,Snack,1,3.44,3.44
6605,503507,Fruit Cup,Snack,2,3.5,7.0
6606,503508,Cold Brew,Beverage,2,4.66,9.32
6607,503509,Veggie Wrap,Food,1,7.58,7.58
6608,503509,Bagel with Cream Cheese,Bakery,1,3.97,3.97
6609,503509,Granola Bar,Snack,1,2.67,2.67
6610,503510,Espresso,Beverage,2,2.99,5.98
6611,503511,Chocolate Chip Cookie,Bakery,1,2.44,2.44
6612,503512,Turkey Sandwich,Food,1,8.48,8.48
6613,503512,Caesar Salad,Food,1,8.13,8.13
6614,503513,Caesar Salad,Food,2,8.25,16.5
6615,503513,Cappuccino,Beverage,2,4.13,8.26
6616,503513,Fruit Cup,Snack,1,3.4,3.4
6617,503514,Chocolate Chip Cookie,Bakery,1,2.44,2.44
6618,503515,Cappuccino,Beverage,1,4.19,4.19
6619,503516,Croissant,Bakery,1,3.19,3.19
6620,503516,Espresso,Beverage,1,2.92,2.92
6621,503516,Avocado Toast,Food,1,7.29,7.29
6622,503516,Granola Bar,Snack,1,2.71,2.71
6623,503517,Blueberry Muffin,Bakery,1,3.75,3.75
6624,503518,Blueberry Muffin,Bakery,1,3.74,3.74
6625,503518,Fruit Cup,Snack,1,3.42,3.42
6626,503518,Turkey Sandwich,Food,1,8.36,8.36
6627,503519,Granola Bar,Snack,1,2.71,2.71
6628,503520,Cold Brew,Beverage,1,4.63,4.63
6629,503521,Chocolate Chip Cookie,Bakery,2,2.43,4.86
6630,503522,Fruit Cup,Snack,1,3.43,3.43
6631,503522,Veggie Wrap,Food,1,7.56,7.56
6632,503522,Granola Bar,Snack,1,2.68,2.68
6633,503523,Blueberry Muffin,Bakery,1,3.68,3.68
6634,503523,Veggie Wrap,Food,1,7.54,7.54
6635,503524,Cappuccino,Beverage,1,4.25,4.25
6636,503524,Iced Tea,Beverage,1,3.43,3.43
6637,503524,Turkey Sandwich,Food,2,8.44,16.88
6638,503524,Cold Brew,Beverage,1,4.67,4.67
6639,503525,Espresso,Beverage,1,2.93,2.93
6640,503525,Granola Bar,Snack,1,2.69,2.69
6641,503526,Cappuccino,Beverage,1,4.19,4.19
6642,503527,Bagel with Cream Cheese,Bakery,1,3.91,3.91
6643,503527,Espresso,Beverage,1,2.98,2.98
6644,503528,Bagel with Cream Cheese,Bakery,2,3.9,7.8
6645,503529,Iced Tea,Beverage,1,3.4,3.4
6646,503530,Caesar Salad,Food,1,8.04,8.04
6647,503531,Blueberry Muffin,Bakery,1,3.72,3.72
6648,503531,Caesar Salad,Food,1,8.2,8.2
6649,503532,Veggie Wrap,Food,1,7.73,7.73
6650,503532,Iced Tea,Beverage,1,3.43,3.43
6651,503533,Turkey Sandwich,Food,1,8.49,8.49
6652,503533,Bagel with Cream Cheese,Bakery,1,3.93,3.93
6653,503533,Blueberry Muffin,Bakery,1,3.75,3.75
6654,503533,Iced Tea,Beverage,1,3.46,3.46
6655,503534,Veggie Wrap,Food,1,7.59,7.59
6656,503535,Croissant,Bakery,2,3.17,6.34
6657,503536,Cold Brew,Beverage,1,4.68,4.68
6658,503537,Espresso,Beverage,1,2.91,2.91
6659,503537,Iced Tea,Beverage,1,3.48,3.48
6660,503537,Turkey Sandwich,Food,2,8.29,16.58
6661,503538,Veggie Wrap,Food,1,7.63,7.63
6662,503539,Blueberry Muffin,Bakery,1,3.65,3.65
6663,503540,Veggie Wrap,Food,1,7.65,7.65
6664,503540,Bagel with Cream Cheese,Bakery,2,3.95,7.9
6665,503541,Turkey Sandwich,Food,1,8.33,8.33
6666,503542,Avocado Toast,Food,1,7.38,7.38
6667,503543,Granola Bar,Snack,1,2.69,2.69
6668,503544,Avocado Toast,Food,1,7.32,7.32
6669,503544,Blueberry Muffin,Bakery,2,3.65,7.3
6670,503545,Blueberry Muffin,Bakery,1,3.68,3.68
6671,503546,Latte,Beverage,1,4.39,4.39
6672,503546,Veggie Wrap,Food,1,7.65,7.65
6673,503546,Caesar Salad,Food,1,8.04,8.04
6674,503547,Bagel with Cream Cheese,Bakery,1,3.96,3.96
6675,503547,Croissant,Bakery,1,3.19,3.19
6676,503547,Granola Bar,Snack,1,2.74,2.74
6677,503548,Avocado Toast,Food,1,7.5,7.5
6678,503548,Bagel with Cream Cheese,Bakery,1,3.92,3.92
6679,503549,Cold Brew,Beverage,1,4.66,4.66
6680,503549,Bagel with Cream Cheese,Bakery,1,3.89,3.89
6681,503549,Espresso,Beverage,1,2.93,2.93
6682,503550,Cold Brew,Beverage,2,4.74,9.48
6683,503550,Turkey Sandwich,Food,1,8.26,8.26
6684,503551,Cappuccino,Beverage,2,4.17,8.34
6685,503552,Caesar Salad,Food,1,8.08,8.08
6686,503553,Blueberry Muffin,Bakery,1,3.71,3.71
6687,503554,Cold Brew,Beverage,1,4.69,4.69
6688,503555,Blueberry Muffin,Bakery,2,3.66,7.32
6689,503555,Avocado Toast,Food,1,7.3,7.3
6690,503556,Cold Brew,Beverage,1,4.75,4.75
6691,503557,Caesar Salad,Food,1,8.23,8.23
6692,503558,Avocado Toast,Food,1,7.28,7.28
6693,503558,Blueberry Muffin,Bakery,2,3.73,7.46
6694,503559,Veggie Wrap,Food,1,7.68,7.68
6695,503559,Avocado Toast,Food,1,7.49,7.49
6696,503560,Fruit Cup,Snack,1,3.41,3.41
6697,503560,Chocolate Chip Cookie,Bakery,1,2.44,2.44
6698,503560,Iced Tea,Beverage,1,3.41,3.41
6699,503560,Granola Bar,Snack,2,2.68,5.36
6700,503561,Chocolate Chip Cookie,Bakery,1,2.43,2.43
6701,503561,Veggie Wrap,Food,1,7.54,7.54
6702,503561,Granola Bar,Snack,1,2.69,2.69
6703,503562,Latte,Beverage,2,4.39,8.78
6704,503562,Fruit Cup,Snack,1,3.49,3.49
6705,503563,Veggie Wrap,Food,2,7.64,15.28
6706,503563,Bagel with Cream Cheese,Bakery,1,3.91,3.91
6707,503563,Espresso,Beverage,1,2.97,2.97
6708,503563,Turkey Sandwich,Food,1,8.39,8.39
6709,503564,Croissant,Bakery,2,3.2,6.4
6710,503564,Granola Bar,Snack,1,2.74,2.74
6711,503565,Latte,Beverage,1,4.48,4.48
6712,503565,Veggie Wrap,Food,1,7.55,7.55
6713,503566,Chocolate Chip Cookie,Bakery,1,2.48,2.48
6714,503567,Chocolate Chip Cookie,Bakery,2,2.44,4.88
6715,503567,Latte,Beverage,1,4.44,4.44
6716,503567,Espresso,Beverage,1,2.96,2.96
6717,503568,Turkey Sandwich,Food,1,8.42,8.42
6718,503568,Chocolate Chip Cookie,Bakery,1,2.46,2.46
6719,503569,Croissant,Bakery,1,3.23,3.23
6720,503570,Fruit Cup,Snack,1,3.41,3.41
6721,503571,Caesar Salad,Food,1,8.23,8.23
6722,503572,Cold Brew,Beverage,1,4.66,4.66
6723,503573,Caesar Salad,Food,2,8.09,16.18
6724,503573,Avocado Toast,Food,2,7.48,14.96
6725,503574,Blueberry Muffin,Bakery,1,3.66,3.66
6726,503574,Croissant,Bakery,1,3.16,3.16
6727,503575,Croissant,Bakery,2,3.16,6.32
6728,503576,Iced Tea,Beverage,2,3.46,6.92
6729,503577,Granola Bar,Snack,1,2.71,2.71
6730,503578,Iced Tea,Beverage,1,3.47,3.47
6731,503578,Croissant,Bakery,1,3.18,3.18
6732,503579,Avocado Toast,Food,1,7.45,7.45
6733,503580,Espresso,Beverage,1,2.98,2.98
6734,503581,Fruit Cup,Snack,1,3.45,3.45
6735,503582,Turkey Sandwich,Food,1,8.43,8.43
6736,503583,Turkey Sandwich,Food,1,8.29,8.29
6737,503583,Iced Tea,Beverage,1,3.43,3.43
6738,503584,Croissant,Bakery,1,3.22,3.22
6739,503584,Cappuccino,Beverage,2,4.15,8.3
6740,503584,Latte,Beverage,1,4.44,4.44
6741,503585,Avocado Toast,Food,1,7.47,7.47
6742,503585,Blueberry Muffin,Bakery,1,3.65,3.65
6743,503586,Fruit Cup,Snack,1,3.48,3.48
6744,503586,Granola Bar,Snack,1,2.75,2.75
6745,503586,Croissant,Bakery,1,3.24,3.24
6746,503586,Bagel with Cream Cheese,Bakery,1,3.91,3.91
6747,503587,Avocado Toast,Food,1,7.45,7.45
6748,503587,Bagel with Cream Cheese,Bakery,1,3.93,3.93
6749,503587,Espresso,Beverage,1,2.99,2.99
6750,503588,Espresso,Beverage,1,3.0,3.0
6751,503589,Avocado Toast,Food,2,7.42,14.84
6752,503590,Cold Brew,Beverage,2,4.68,9.36
6753,503590,Chocolate Chip Cookie,Bakery,1,2.43,2.43
6754,503590,Granola Bar,Snack,2,2.7,5.4
6755,503591,Fruit Cup,Snack,2,3.5,7.0
6756,503592,Bagel with Cream Cheese,Bakery,1,3.9,3.9
6757,503592,Cold Brew,Beverage,1,4.68,4.68
6758,503592,Blueberry Muffin,Bakery,1,3.7,3.7
6759,503593,Cold Brew,Beverage,1,4.7,4.7
6760,503593,Croissant,Bakery,1,3.24,3.24
6761,503593,Chocolate Chip Cookie,Bakery,2,2.45,4.9
6762,503594,Granola Bar,Snack,1,2.67,2.67
6763,503594,Croissant,Bakery,1,3.23,3.23
6764,503595,Blueberry Muffin,Bakery,1,3.64,3.64
6765,503596,Cold Brew,Beverage,1,4.61,4.61
6766,503596,Avocado Toast,Food,1,7.38,7.38
6767,503596,Iced Tea,Beverage,1,3.43,3.43
6768,503596,Croissant,Bakery,1,3.19,3.19
6769,503597,Cappuccino,Beverage,1,4.24,4.24
6770,503597,Avocado Toast,Food,2,7.28,14.56
6771,503597,Blueberry Muffin,Bakery,1,3.65,3.65
6772,503598,Croissant,Bakery,2,3.17,6.34
6773,503598,Veggie Wrap,Food,1,7.68,7.68
6774,503599,Turkey Sandwich,Food,1,8.42,8.42
6775,503599,Cold Brew,Beverage,1,4.63,4.63
6776,503599,Blueberry Muffin,Bakery,1,3.71,3.71
6777,503599,Latte,Beverage,1,4.44,4.44
6778,503600,Cold Brew,Beverage,1,4.66,4.66
6779,503601,Bagel with Cream Cheese,Bakery,2,3.9,7.8
6780,503601,Espresso,Beverage,1,2.94,2.94
6781,503601,Cappuccino,Beverage,1,4.15,4.15
6782,503602,Iced Tea,Beverage,2,3.48,6.96
6783,503603,Blueberry Muffin,Bakery,1,3.67,3.67
6784,503603,Caesar Salad,Food,1,8.16,8.16
6785,503604,Bagel with Cream Cheese,Bakery,1,3.92,3.92
6786,503604,Avocado Toast,Food,1,7.31,7.31
6787,503605,Chocolate Chip Cookie,Bakery,1,2.45,2.45
6788,503605,Granola Bar,Snack,1,2.72,2.72
6789,503605,Turkey Sandwich,Food,1,8.46,8.46
6790,503606,Avocado Toast,Food,1,7.32,7.32
6791,503606,Croissant,Bakery,2,3.23,6.46
6792,503606,Latte,Beverage,1,4.49,4.49
6793,503607,Cappuccino,Beverage,1,4.16,4.16
6794,503607,Latte,Beverage,1,4.43,4.43
6795,503608,Espresso,Beverage,1,2.92,2.92
6796,503609,Avocado Toast,Food,2,7.45,14.9
6797,503609,Latte,Beverage,1,4.43,4.43
6798,503609,Cold Brew,Beverage,1,4.73,4.73
6799,503610,Avocado Toast,Food,1,7.33,7.33
6800,503610,Espresso,Beverage,1,2.98,2.98
6801,503611,Iced Tea,Beverage,1,3.4,3.4
6802,503611,Turkey Sandwich,Food,1,8.44,8.44
6803,503611,Avocado Toast,Food,1,7.48,7.48
6804,503612,Caesar Salad,Food,1,8.04,8.04
6805,503612,Iced Tea,Beverage,1,3.4,3.4
6806,503612,Cappuccino,Beverage,1,4.22,4.22
6807,503613,Cold Brew,Beverage,1,4.73,4.73
6808,503614,Chocolate Chip Cookie,Bakery,1,2.46,2.46
6809,503614,Latte,Beverage,1,4.43,4.43
6810,503615,Blueberry Muffin,Bakery,1,3.74,3.74
6811,503616,Iced Tea,Beverage,1,3.46,3.46
6812,503616,Blueberry Muffin,Bakery,2,3.67,7.34
6813,503616,Croissant,Bakery,1,3.24,3.24
6814,503616,Turkey Sandwich,Food,1,8.48,8.48
6815,503617,Croissant,Bakery,1,3.2,3.2
6816,503618,Croissant,Bakery,1,3.23,3.23
6817,503618,Espresso,Beverage,1,2.96,2.96
6818,503619,Avocado Toast,Food,1,7.36,7.36
6819,503619,Cappuccino,Beverage,1,4.18,4.18
6820,503619,Granola Bar,Snack,1,2.72,2.72
6821,503620,Croissant,Bakery,1,3.23,3.23
6822,503621,Bagel with Cream Cheese,Bakery,1,3.97,3.97
6823,503621,Latte,Beverage,1,4.48,4.48
6824,503622,Cold Brew,Beverage,1,4.66,4.66
6825,503623,Caesar Salad,Food,1,8.08,8.08
6826,503624,Avocado Toast,Food,2,7.29,14.58
6827,503625,Espresso,Beverage,1,3.0,3.0
6828,503626,Croissant,Bakery,1,3.25,3.25
6829,503627,Croissant,Bakery,2,3.21,6.42
6830,503627,Latte,Beverage,2,4.5,9.0
6831,503628,Fruit Cup,Snack,1,3.46,3.46
6832,503629,Avocado Toast,Food,1,7.35,7.35
6833,503630,Chocolate Chip Cookie,Bakery,1,2.45,2.45
6834,503630,Fruit Cup,Snack,1,3.41,3.41
6835,503631,Fruit Cup,Snack,1,3.43,3.43
6836,503631,Iced Tea,Beverage,1,3.47,3.47
6837,503632,Granola Bar,Snack,1,2.73,2.73
6838,503633,Iced Tea,Beverage,2,3.5,7.0
6839,503634,Blueberry Muffin,Bakery,1,3.65,3.65
6840,503634,Fruit Cup,Snack,1,3.41,3.41
6841,503634,Cappuccino,Beverage,1,4.14,4.14
6842,503635,Caesar Salad,Food,1,8.01,8.01
6843,503636,Latte,Beverage,1,4.41,4.41
6844,503637,Caesar Salad,Food,1,8.22,8.22
6845,503638,Espresso,Beverage,1,2.99,2.99
6846,503639,Espresso,Beverage,1,2.98,2.98
6847,503640,Avocado Toast,Food,1,7.3,7.3
6848,503641,Espresso,Beverage,1,2.92,2.92
6849,503641,Cappuccino,Beverage,1,4.24,4.24
6850,503642,Avocado Toast,Food,2,7.49,14.98
6851,503642,Croissant,Bakery,1,3.16,3.16
6852,503643,Iced Tea,Beverage,1,3.4,3.4
6853,503644,Turkey Sandwich,Food,1,8.31,8.31
6854,503645,Latte,Beverage,1,4.47,4.47
6855,503645,Croissant,Bakery,2,3.24,6.48
6856,503646,Blueberry Muffin,Bakery,1,3.75,3.75
6857,503646,Caesar Salad,Food,1,8.04,8.04
6858,503647,Fruit Cup,Snack,1,3.4,3.4
6859,503647,Iced Tea,Beverage,1,3.43,3.43
6860,503647,Blueberry Muffin,Bakery,1,3.73,3.73
6861,503648,Cold Brew,Beverage,2,4.71,9.42
6862,503649,Veggie Wrap,Food,1,7.75,7.75
6863,503650,Iced Tea,Beverage,2,3.49,6.98
6864,503651,Croissant,Bakery,1,3.18,3.18
6865,503652,Cappuccino,Beverage,1,4.22,4.22
6866,503652,Bagel with Cream Cheese,Bakery,1,3.94,3.94
6867,503653,Espresso,Beverage,1,2.91,2.91
6868,503653,Cold Brew,Beverage,1,4.73,4.73
6869,503654,Granola Bar,Snack,1,2.72,2.72
6870,503654,Veggie Wrap,Food,1,7.61,7.61
6871,503655,Turkey Sandwich,Food,1,8.32,8.32
6872,503655,Fruit Cup,Snack,1,3.48,3.48
6873,503656,Cold Brew,Beverage,1,4.68,4.68
6874,503656,Avocado Toast,Food,1,7.33,7.33
6875,503657,Croissant,Bakery,1,3.21,3.21
6876,503658,Croissant,Bakery,2,3.18,6.36
6877,503659,Veggie Wrap,Food,1,7.59,7.59
6878,503660,Latte,Beverage,1,4.43,4.43
6879,503661,Caesar Salad,Food,1,8.09,8.09
6880,503661,Fruit Cup,Snack,1,3.45,3.45
6881,503662,Blueberry Muffin,Bakery,1,3.74,3.74
6882,503663,Blueberry Muffin,Bakery,2,3.68,7.36
6883,503664,Blueberry Muffin,Bakery,1,3.74,3.74
6884,503665,Chocolate Chip Cookie,Bakery,1,2.46,2.46
6885,503665,Bagel with Cream Cheese,Bakery,1,3.95,3.95
6886,503666,Blueberry Muffin,Bakery,1,3.7,3.7
6887,503666,Latte,Beverage,1,4.43,4.43
6888,503666,Iced Tea,Beverage,1,3.44,3.44
6889,503666,Caesar Salad,Food,1,8.11,8.11
6890,503667,Veggie Wrap,Food,1,7.68,7.68
6891,503668,Caesar Salad,Food,1,8.09,8.09
6892,503668,Cold Brew,Beverage,1,4.67,4.67
6893,503669,Fruit Cup,Snack,1,3.43,3.43
6894,503670,Granola Bar,Snack,1,2.72,2.72
6895,503671,Veggie Wrap,Food,1,7.72,7.72
6896,503672,Bagel with Cream Cheese,Bakery,1,3.89,3.89
6897,503673,Croissant,Bakery,2,3.25,6.5
6898,503673,Cappuccino,Beverage,1,4.23,4.23
6899,503674,Iced Tea,Beverage,1,3.4,3.4
6900,503675,Blueberry Muffin,Bakery,1,3.7,3.7
6901,503675,Granola Bar,Snack,1,2.69,2.69
6902,503676,Fruit Cup,Snack,1,3.47,3.47
6903,503677,Cold Brew,Beverage,2,4.67,9.34
6904,503678,Granola Bar,Snack,1,2.73,2.73
6905,503678,Latte,Beverage,1,4.4,4.4
6906,503679,Chocolate Chip Cookie,Bakery,2,2.45,4.9
6907,503679,Veggie Wrap,Food,1,7.65,7.65
6908,503680,Bagel with Cream Cheese,Bakery,1,3.98,3.98
6909,503680,Cold Brew,Beverage,1,4.65,4.65
6910,503680,Blueberry Muffin,Bakery,2,3.7,7.4
6911,503681,Avocado Toast,Food,1,7.49,7.49
6912,503681,Cappuccino,Beverage,1,4.16,4.16
6913,503682,Cold Brew,Beverage,1,4.62,4.62
6914,503683,Blueberry Muffin,Bakery,1,3.7,3.7
6915,503684,Caesar Salad,Food,1,8.2,8.2
6916,503684,Cappuccino,Beverage,2,4.24,8.48
6917,503685,Caesar Salad,Food,1,8.01,8.01
6918,503686,Espresso,Beverage,2,2.97,5.94
6919,503687,Chocolate Chip Cookie,Bakery,1,2.49,2.49
6920,503687,Caesar Salad,Food,1,8.07,8.07
6921,503688,Latte,Beverage,1,4.47,4.47
6922,503689,Veggie Wrap,Food,1,7.54,7.54
6923,503690,Blueberry Muffin,Bakery,1,3.67,3.67
6924,503690,Fruit Cup,Snack,1,3.46,3.46
6925,503690,Iced Tea,Beverage,1,3.45,3.45
6926,503690,Veggie Wrap,Food,1,7.64,7.64
6927,503691,Veggie Wrap,Food,2,7.56,15.12
6928,503692,Bagel with Cream Cheese,Bakery,1,3.94,3.94
6929,503692,Avocado Toast,Food,1,7.49,7.49
6930,503693,Avocado Toast,Food,1,7.34,7.34
6931,503694,Veggie Wrap,Food,1,7.61,7.61
6932,503695,Avocado Toast,Food,1,7.44,7.44
6933,503695,Fruit Cup,Snack,1,3.5,3.5
6934,503696,Veggie Wrap,Food,1,7.6,7.6
6935,503696,Caesar Salad,Food,1,8.11,8.11
6936,503696,Bagel with Cream Cheese,Bakery,1,3.91,3.91
6937,503696,Latte,Beverage,1,4.46,4.46
6938,503697,Bagel with Cream Cheese,Bakery,1,3.96,3.96
6939,503698,Veggie Wrap,Food,1,7.68,7.68
6940,503698,Caesar Salad,Food,1,8.02,8.02
6941,503698,Turkey Sandwich,Food,1,8.48,8.48
6942,503698,Cold Brew,Beverage,1,4.71,4.71
6943,503699,Blueberry Muffin,Bakery,1,3.71,3.71
6944,503700,Fruit Cup,Snack,1,3.5,3.5
6945,503700,Caesar Salad,Food,2,8.19,16.38
6946,503701,Blueberry Muffin,Bakery,1,3.72,3.72
6947,503701,Cappuccino,Beverage,2,4.24,8.48
6948,503701,Espresso,Beverage,1,2.95,2.95
6949,503702,Fruit Cup,Snack,1,3.41,3.41
6950,503703,Veggie Wrap,Food,1,7.74,7.74
6951,503703,Croissant,Bakery,1,3.15,3.15
6952,503703,Caesar Salad,Food,1,8.13,8.13
6953,503704,Cold Brew,Beverage,1,4.71,4.71
6954,503704,Cappuccino,Beverage,1,4.24,4.24
6955,503704,Turkey Sandwich,Food,1,8.38,8.38
6956,503705,Caesar Salad,Food,2,8.21,16.42
6957,503705,Bagel with Cream Cheese,Bakery,1,3.98,3.98
6958,503706,Fruit Cup,Snack,1,3.4,3.4
6959,503706,Latte,Beverage,1,4.4,4.4
6960,503706,Avocado Toast,Food,1,7.41,7.41
6961,503707,Turkey Sandwich,Food,1,8.45,8.45
6962,503707,Blueberry Muffin,Bakery,1,3.68,3.68
6963,503708,Granola Bar,Snack,2,2.72,5.44
6964,503708,Chocolate Chip Cookie,Bakery,1,2.49,2.49
6965,503709,Granola Bar,Snack,1,2.68,2.68
6966,503710,Blueberry Muffin,Bakery,2,3.74,7.48
6967,503710,Avocado Toast,Food,1,7.32,7.32
6968,503711,Avocado Toast,Food,1,7.34,7.34
6969,503711,Cold Brew,Beverage,1,4.7,4.7
6970,503712,Veggie Wrap,Food,1,7.65,7.65
6971,503712,Cappuccino,Beverage,2,4.13,8.26
6972,503713,Avocado Toast,Food,1,7.39,7.39
6973,503714,Iced Tea,Beverage,1,3.42,3.42
6974,503715,Blueberry Muffin,Bakery,1,3.69,3.69
6975,503715,Turkey Sandwich,Food,1,8.31,8.31
6976,503716,Chocolate Chip Cookie,Bakery,1,2.48,2.48
6977,503716,Blueberry Muffin,Bakery,1,3.73,3.73
6978,503717,Cappuccino,Beverage,1,4.22,4.22
6979,503717,Chocolate Chip Cookie,Bakery,1,2.5,2.5
6980,503717,Granola Bar,Snack,1,2.68,2.68
6981,503718,Latte,Beverage,1,4.39,4.39
6982,503719,Bagel with Cream Cheese,Bakery,1,3.99,3.99
6983,503719,Avocado Toast,Food,1,7.31,7.31
6984,503719,Fruit Cup,Snack,1,3.47,3.47
6985,503720,Latte,Beverage,1,4.45,4.45
6986,503721,Blueberry Muffin,Bakery,1,3.73,3.73
6987,503721,Avocado Toast,Food,2,7.41,14.82
6988,503722,Fruit Cup,Snack,1,3.45,3.45
6989,503723,Turkey Sandwich,Food,1,8.3,8.3
6990,503724,Blueberry Muffin,Bakery,2,3.69,7.38
6991,503724,Chocolate Chip Cookie,Bakery,2,2.48,4.96
6992,503724,Croissant,Bakery,1,3.18,3.18
6993,503725,Turkey Sandwich,Food,2,8.4,16.8
6994,503725,Bagel with Cream Cheese,Bakery,1,3.89,3.89
6995,503726,Veggie Wrap,Food,2,7.73,15.46
6996,503727,Blueberry Muffin,Bakery,1,3.65,3.65
6997,503728,Latte,Beverage,1,4.44,4.44
6998,503729,Iced Tea,Beverage,1,3.48,3.48
6999,503729,Avocado Toast,Food,1,7.43,7.43
7000,503729,Cappuccino,Beverage,1,4.13,4.13
7001,503730,Veggie Wrap,Food,1,7.6,7.6
7002,503731,Chocolate Chip Cookie,Bakery,1,2.43,2.43
7003,503732,Blueberry Muffin,Bakery,1,3.7,3.7
7004,503733,Veggie Wrap,Food,2,7.64,15.28
7005,503734,Bagel with Cream Cheese,Bakery,1,3.92,3.92
7006,503735,Chocolate Chip Cookie,Bakery,1,2.44,2.44
7007,503735,Croissant,Bakery,1,3.2,3.2
7008,503736,Caesar Salad,Food,1,8.01,8.01
7009,503736,Croissant,Bakery,1,3.18,3.18
7010,503737,Avocado Toast,Food,1,7.32,7.32
7011,503737,Blueberry Muffin,Bakery,1,3.75,3.75
7012,503737,Chocolate Chip Cookie,Bakery,1,2.5,2.5
7013,503737,Espresso,Beverage,1,2.97,2.97
7014,503738,Turkey Sandwich,Food,1,8.46,8.46
7015,503739,Croissant,Bakery,1,3.15,3.15
7016,503739,Blueberry Muffin,Bakery,1,3.69,3.69
7017,503739,Iced Tea,Beverage,1,3.45,3.45
7018,503740,Caesar Salad,Food,1,8.2,8.2
7019,503741,Turkey Sandwich,Food,2,8.46,16.92
7020,503741,Bagel with Cream Cheese,Bakery,1,3.98,3.98
7021,503742,Iced Tea,Beverage,1,3.41,3.41
7022,503742,Espresso,Beverage,1,2.97,2.97
7023,503742,Bagel with Cream Cheese,Bakery,1,3.94,3.94
7024,503743,Iced Tea,Beverage,1,3.4,3.4
7025,503743,Bagel with Cream Cheese,Bakery,1,3.91,3.91
7026,503743,Cold Brew,Beverage,2,4.65,9.3
7027,503744,Caesar Salad,Food,2,8.23,16.46
7028,503744,Fruit Cup,Snack,2,3.45,6.9
7029,503745,Veggie Wrap,Food,1,7.54,7.54
7030,503745,Latte,Beverage,1,4.38,4.38
7031,503745,Blueberry Muffin,Bakery,1,3.7,3.7
7032,503746,Croissant,Bakery,1,3.2,3.2
7033,503746,Caesar Salad,Food,1,8.15,8.15
7034,503747,Croissant,Bakery,2,3.17,6.34
7035,503747,Iced Tea,Beverage,2,3.47,6.94
7036,503747,Cold Brew,Beverage,1,4.65,4.65
7037,503748,Blueberry Muffin,Bakery,1,3.68,3.68
7038,503749,Fruit Cup,Snack,1,3.48,3.48
7039,503750,Bagel with Cream Cheese,Bakery,1,3.97,3.97
7040,503751,Croissant,Bakery,1,3.15,3.15
7041,503752,Turkey Sandwich,Food,1,8.45,8.45
7042,503753,Turkey Sandwich,Food,1,8.46,8.46
7043,503753,Veggie Wrap,Food,1,7.65,7.65
7044,503754,Caesar Salad,Food,2,8.06,16.12
7045,503755,Croissant,Bakery,1,3.18,3.18
7046,503756,Avocado Toast,Food,1,7.44,7.44
7047,503757,Cappuccino,Beverage,1,4.13,4.13
7048,503758,Chocolate Chip Cookie,Bakery,1,2.48,2.48
7049,503759,Chocolate Chip Cookie,Bakery,1,2.48,2.48
7050,503760,Cold Brew,Beverage,1,4.61,4.61
7051,503760,Avocado Toast,Food,1,7.35,7.35
7052,503761,Veggie Wrap,Food,1,7.58,7.58
7053,503762,Iced Tea,Beverage,1,3.49,3.49
7054,503763,Chocolate Chip Cookie,Bakery,2,2.43,4.86
7055,503763,Avocado Toast,Food,1,7.44,7.44
7056,503763,Turkey Sandwich,Food,1,8.42,8.42
7057,503763,Fruit Cup,Snack,1,3.44,3.44
7058,503764,Bagel with Cream Cheese,Bakery,1,3.95,3.95
7059,503765,Granola Bar,Snack,1,2.69,2.69
7060,503765,Croissant,Bakery,2,3.21,6.42
7061,503766,Espresso,Beverage,1,2.97,2.97
7062,503767,Cappuccino,Beverage,1,4.24,4.24
7063,503768,Latte,Beverage,1,4.42,4.42
7064,503768,Cold Brew,Beverage,1,4.63,4.63
7065,503769,Avocado Toast,Food,1,7.43,7.43
7066,503769,Fruit Cup,Snack,1,3.44,3.44
7067,503769,Iced Tea,Beverage,2,3.45,6.9
7068,503770,Bagel with Cream Cheese,Bakery,1,4.0,4.0
7069,503770,Croissant,Bakery,1,3.19,3.19
7070,503770,Granola Bar,Snack,1,2.71,2.71
7071,503770,Cold Brew,Beverage,1,4.71,4.71
7072,503771,Fruit Cup,Snack,1,3.45,3.45
7073,503771,Avocado Toast,Food,1,7.46,7.46
7074,503771,Espresso,Beverage,1,2.92,2.92
7075,503772,Iced Tea,Beverage,2,3.48,6.96
7076,503772,Cold Brew,Beverage,1,4.73,4.73
7077,503773,Iced Tea,Beverage,2,3.41,6.82
7078,503773,Turkey Sandwich,Food,1,8.44,8.44
7079,503774,Granola Bar,Snack,1,2.73,2.73
7080,503775,Chocolate Chip Cookie,Bakery,2,2.48,4.96
7081,503775,Granola Bar,Snack,1,2.71,2.71
7082,503776,Bagel with Cream Cheese,Bakery,1,3.96,3.96
7083,503776,Iced Tea,Beverage,1,3.45,3.45
7084,503777,Espresso,Beverage,1,2.95,2.95
7085,503778,Croissant,Bakery,1,3.24,3.24
7086,503779,Iced Tea,Beverage,2,3.42,6.84
7087,503779,Veggie Wrap,Food,1,7.54,7.54
7088,503779,Granola Bar,Snack,1,2.67,2.67
7089,503779,Latte,Beverage,1,4.38,4.38
7090,503780,Cold Brew,Beverage,1,4.75,4.75
7091,503780,Chocolate Chip Cookie,Bakery,2,2.46,4.92
7092,503780,Turkey Sandwich,Food,1,8.28,8.28
7093,503780,Espresso,Beverage,1,2.99,2.99
7094,503781,Cold Brew,Beverage,1,4.65,4.65
7095,503781,Latte,Beverage,2,4.41,8.82
7096,503781,Blueberry Muffin,Bakery,1,3.75,3.75
7097,503782,Fruit Cup,Snack,1,3.44,3.44
7098,503782,Veggie Wrap,Food,1,7.62,7.62
7099,503783,Caesar Salad,Food,1,8.02,8.02
7100,503784,Blueberry Muffin,Bakery,2,3.71,7.42
7101,503784,Avocado Toast,Food,2,7.31,14.62
7102,503784,Cappuccino,Beverage,1,4.13,4.13
7103,503785,Veggie Wrap,Food,1,7.6,7.6
7104,503785,Croissant,Bakery,1,3.23,3.23
7105,503785,Caesar Salad,Food,1,8.21,8.21
7106,503786,Cappuccino,Beverage,2,4.2,8.4
7107,503786,Fruit Cup,Snack,1,3.49,3.49
7108,503787,Caesar Salad,Food,1,8.17,8.17
7109,503788,Latte,Beverage,2,4.37,8.74
7110,503788,Fruit Cup,Snack,1,3.47,3.47
7111,503788,Avocado Toast,Food,2,7.35,14.7
7112,503788,Granola Bar,Snack,2,2.72,5.44
7113,503789,Turkey Sandwich,Food,1,8.47,8.47
7114,503790,Veggie Wrap,Food,1,7.56,7.56
7115,503790,Fruit Cup,Snack,1,3.41,3.41
7116,503791,Iced Tea,Beverage,1,3.44,3.44
7117,503792,Blueberry Muffin,Bakery,1,3.69,3.69
7118,503792,Latte,Beverage,1,4.45,4.45
7119,503793,Bagel with Cream Cheese,Bakery,2,3.91,7.82
7120,503793,Blueberry Muffin,Bakery,1,3.73,3.73
7121,503794,Cappuccino,Beverage,1,4.15,4.15
7122,503795,Blueberry Muffin,Bakery,1,3.69,3.69
7123,503795,Caesar Salad,Food,1,8.08,8.08
7124,503795,Croissant,Bakery,1,3.16,3.16
7125,503796,Cappuccino,Beverage,1,4.24,4.24
7126,503796,Chocolate Chip Cookie,Bakery,2,2.43,4.86
7127,503797,Caesar Salad,Food,1,8.05,8.05
7128,503798,Fruit Cup,Snack,1,3.47,3.47
7129,503798,Cappuccino,Beverage,1,4.13,4.13
7130,503798,Croissant,Bakery,1,3.16,3.16
7131,503799,Croissant,Bakery,1,3.16,3.16
7132,503800,Caesar Salad,Food,1,8.2,8.2
7133,503801,Cold Brew,Beverage,1,4.65,4.65
7134,503802,Blueberry Muffin,Bakery,1,3.75,3.75
7135,503803,Granola Bar,Snack,2,2.73,5.46
7136,503803,Avocado Toast,Food,2,7.4,14.8
7137,503804,Blueberry Muffin,Bakery,1,3.65,3.65
7138,503804,Cappuccino,Beverage,1,4.24,4.24
7139,503805,Iced Tea,Beverage,1,3.45,3.45
7140,503806,Cold Brew,Beverage,2,4.64,9.28
7141,503807,Iced Tea,Beverage,1,3.49,3.49
7142,503807,Chocolate Chip Cookie,Bakery,1,2.44,2.44
7143,503808,Caesar Salad,Food,1,8.23,8.23
7144,503809,Espresso,Beverage,2,2.97,5.94
7145,503809,Cappuccino,Beverage,1,4.15,4.15
7146,503809,Cold Brew,Beverage,1,4.61,4.61
7147,503810,Chocolate Chip Cookie,Bakery,2,2.5,5.0
7148,503811,Espresso,Beverage,1,2.94,2.94
7149,503812,Fruit Cup,Snack,1,3.46,3.46
7150,503812,Veggie Wrap,Food,1,7.73,7.73
7151,503812,Turkey Sandwich,Food,2,8.41,16.82
7152,503813,Latte,Beverage,2,4.39,8.78
7153,503814,Fruit Cup,Snack,1,3.41,3.41
7154,503815,Fruit Cup,Snack,1,3.49,3.49
7155,503816,Cappuccino,Beverage,2,4.18,8.36
7156,503817,Caesar Salad,Food,1,8.23,8.23
7157,503817,Bagel with Cream Cheese,Bakery,1,3.96,3.96
7158,503817,Chocolate Chip Cookie,Bakery,1,2.43,2.43
7159,503818,Chocolate Chip Cookie,Bakery,1,2.43,2.43
7160,503818,Cappuccino,Beverage,1,4.2,4.2
7161,503818,Cold Brew,Beverage,1,4.67,4.67
7162,503819,Fruit Cup,Snack,1,3.44,3.44
7163,503820,Chocolate Chip Cookie,Bakery,1,2.46,2.46
7164,503820,Fruit Cup,Snack,1,3.45,3.45
7165,503820,Turkey Sandwich,Food,1,8.4,8.4
7166,503821,Bagel with Cream Cheese,Bakery,1,3.96,3.96
7167,503822,Espresso,Beverage,1,2.99,2.99
7168,503823,Blueberry Muffin,Bakery,2,3.67,7.34
7169,503823,Chocolate Chip Cookie,Bakery,1,2.43,2.43
7170,503823,Cold Brew,Beverage,1,4.75,4.75
7171,503824,Cappuccino,Beverage,1,4.16,4.16
7172,503825,Caesar Salad,Food,1,8.14,8.14
7173,503825,Blueberry Muffin,Bakery,1,3.7,3.7
7174,503826,Iced Tea,Beverage,1,3.43,3.43
7175,503826,Caesar Salad,Food,1,8.16,8.16
7176,503826,Espresso,Beverage,1,2.99,2.99
7177,503827,Croissant,Bakery,1,3.2,3.2
7178,503828,Veggie Wrap,Food,1,7.7,7.7
7179,503828,Avocado Toast,Food,1,7.31,7.31
7180,503829,Granola Bar,Snack,1,2.75,2.75
7181,503829,Cold Brew,Beverage,1,4.65,4.65
7182,503829,Blueberry Muffin,Bakery,1,3.72,3.72
7183,503830,Latte,Beverage,1,4.39,4.39
7184,503830,Turkey Sandwich,Food,1,8.34,8.34
7185,503831,Chocolate Chip Cookie,Bakery,1,2.45,2.45
7186,503832,Croissant,Bakery,1,3.19,3.19
7187,503832,Fruit Cup,Snack,1,3.48,3.48
7188,503833,Latte,Beverage,2,4.48,8.96
7189,503834,Granola Bar,Snack,1,2.67,2.67
7190,503834,Blueberry Muffin,Bakery,1,3.65,3.65
7191,503835,Avocado Toast,Food,2,7.37,14.74
7192,503836,Cappuccino,Beverage,1,4.22,4.22
7193,503836,Espresso,Beverage,1,2.98,2.98
7194,503836,Iced Tea,Beverage,1,3.43,3.43
7195,503837,Croissant,Bakery,1,3.25,3.25
7196,503838,Fruit Cup,Snack,1,3.47,3.47
7197,503838,Cold Brew,Beverage,2,4.69,9.38
7198,503838,Cappuccino,Beverage,1,4.15,4.15
7199,503838,Granola Bar,Snack,1,2.74,2.74
7200,503839,Chocolate Chip Cookie,Bakery,1,2.48,2.48
7201,503840,Croissant,Bakery,1,3.2,3.2
7202,503841,Turkey Sandwich,Food,1,8.29,8.29
7203,503841,Veggie Wrap,Food,2,7.65,15.3
7204,503841,Latte,Beverage,1,4.37,4.37
7205,503842,Cappuccino,Beverage,2,4.15,8.3
7206,503843,Veggie Wrap,Food,2,7.53,15.06
7207,503843,Chocolate Chip Cookie,Bakery,2,2.43,4.86
7208,503844,Veggie Wrap,Food,1,7.65,7.65
7209,503845,Espresso,Beverage,1,2.98,2.98
7210,503846,Iced Tea,Beverage,1,3.47,3.47
7211,503846,Bagel with Cream Cheese,Bakery,2,3.97,7.94
7212,503846,Avocado Toast,Food,2,7.36,14.72
7213,503846,Blueberry Muffin,Bakery,1,3.7,3.7
7214,503847,Cold Brew,Beverage,1,4.71,4.71
7215,503847,Latte,Beverage,2,4.49,8.98
7216,503847,Veggie Wrap,Food,1,7.62,7.62
7217,503848,Cappuccino,Beverage,1,4.21,4.21
7218,503849,Veggie Wrap,Food,1,7.61,7.61
7219,503849,Avocado Toast,Food,1,7.48,7.48
7220,503850,Caesar Salad,Food,1,8.01,8.01
7221,503851,Espresso,Beverage,1,2.93,2.93
7222,503851,Turkey Sandwich,Food,1,8.34,8.34
7223,503852,Chocolate Chip Cookie,Bakery,2,2.47,4.94
7224,503852,Bagel with Cream Cheese,Bakery,2,3.91,7.82
7225,503852,Iced Tea,Beverage,2,3.4,6.8
7226,503852,Blueberry Muffin,Bakery,1,3.74,3.74
7227,503853,Espresso,Beverage,1,2.95,2.95
7228,503853,Avocado Toast,Food,1,7.4,7.4
7229,503854,Fruit Cup,Snack,1,3.43,3.43
7230,503854,Iced Tea,Beverage,1,3.47,3.47
7231,503855,Fruit Cup,Snack,1,3.49,3.49
7232,503856,Turkey Sandwich,Food,1,8.32,8.32
7233,503856,Latte,Beverage,1,4.42,4.42
7234,503856,Espresso,Beverage,1,2.94,2.94
7235,503857,Bagel with Cream Cheese,Bakery,1,3.93,3.93
7236,503858,Chocolate Chip Cookie,Bakery,1,2.47,2.47
7237,503859,Caesar Salad,Food,1,8.19,8.19
7238,503860,Cold Brew,Beverage,1,4.65,4.65
7239,503861,Chocolate Chip Cookie,Bakery,1,2.44,2.44
7240,503861,Iced Tea,Beverage,1,3.43,3.43
7241,503861,Latte,Beverage,2,4.47,8.94
7242,503862,Avocado Toast,Food,1,7.39,7.39
7243,503863,Blueberry Muffin,Bakery,1,3.68,3.68
7244,503864,Blueberry Muffin,Bakery,1,3.65,3.65
7245,503865,Espresso,Beverage,1,2.96,2.96
7246,503865,Cold Brew,Beverage,1,4.73,4.73
7247,503865,Avocado Toast,Food,1,7.28,7.28
7248,503866,Granola Bar,Snack,1,2.73,2.73
7249,503866,Caesar Salad,Food,1,8.18,8.18
7250,503867,Veggie Wrap,Food,1,7.62,7.62
7251,503867,Cappuccino,Beverage,1,4.14,4.14
7252,503868,Granola Bar,Snack,1,2.74,2.74
7253,503868,Veggie Wrap,Food,1,7.53,7.53
7254,503868,Espresso,Beverage,1,2.99,2.99
7255,503869,Avocado Toast,Food,2,7.4,14.8
7256,503870,Cold Brew,Beverage,2,4.61,9.22
7257,503870,Caesar Salad,Food,1,8.02,8.02
7258,503871,Caesar Salad,Food,1,8.09,8.09
7259,503871,Iced Tea,Beverage,1,3.49,3.49
7260,503871,Chocolate Chip Cookie,Bakery,1,2.43,2.43
7261,503872,Croissant,Bakery,1,3.25,3.25
7262,503873,Blueberry Muffin,Bakery,1,3.69,3.69
7263,503874,Iced Tea,Beverage,2,3.41,6.82
7264,503875,Fruit Cup,Snack,1,3.46,3.46
7265,503876,Veggie Wrap,Food,1,7.61,7.61
7266,503877,Turkey Sandwich,Food,1,8.41,8.41
7267,503877,Granola Bar,Snack,1,2.68,2.68
7268,503877,Bagel with Cream Cheese,Bakery,1,3.93,3.93
7269,503878,Croissant,Bakery,1,3.19,3.19
7270,503878,Iced Tea,Beverage,1,3.41,3.41
7271,503879,Iced Tea,Beverage,2,3.43,6.86
7272,503879,Espresso,Beverage,1,2.96,2.96
7273,503879,Cold Brew,Beverage,1,4.75,4.75
7274,503880,Blueberry Muffin,Bakery,1,3.72,3.72
7275,503881,Caesar Salad,Food,1,8.02,8.02
7276,503882,Avocado Toast,Food,1,7.32,7.32
7277,503883,Blueberry Muffin,Bakery,1,3.64,3.64
7278,503883,Latte,Beverage,1,4.46,4.46
7279,503883,Cold Brew,Beverage,1,4.64,4.64
7280,503884,Fruit Cup,Snack,2,3.41,6.82
7281,503884,Croissant,Bakery,1,3.21,3.21
7282,503884,Bagel with Cream Cheese,Bakery,1,3.91,3.91
7283,503885,Avocado Toast,Food,1,7.29,7.29
7284,503886,Veggie Wrap,Food,1,7.68,7.68
7285,503886,Turkey Sandwich,Food,1,8.43,8.43
7286,503887,Chocolate Chip Cookie,Bakery,1,2.47,2.47
7287,503887,Blueberry Muffin,Bakery,1,3.73,3.73
7288,503888,Fruit Cup,Snack,1,3.4,3.4
7289,503889,Latte,Beverage,1,4.38,4.38
7290,503890,Cold Brew,Beverage,1,4.68,4.68
7291,503890,Iced Tea,Beverage,1,3.45,3.45
7292,503890,Espresso,Beverage,1,3.0,3.0
7293,503891,Bagel with Cream Cheese,Bakery,1,3.93,3.93
7294,503892,Iced Tea,Beverage,2,3.45,6.9
7295,503893,Turkey Sandwich,Food,1,8.38,8.38
7296,503894,Avocado Toast,Food,1,7.45,7.45
7297,503895,Granola Bar,Snack,1,2.71,2.71
7298,503895,Bagel with Cream Cheese,Bakery,2,3.99,7.98
7299,503896,Cappuccino,Beverage,1,4.21,4.21
7300,503896,Iced Tea,Beverage,1,3.44,3.44
7301,503896,Latte,Beverage,2,4.46,8.92
7302,503897,Espresso,Beverage,1,2.96,2.96
7303,503897,Croissant,Bakery,1,3.18,3.18
7304,503898,Bagel with Cream Cheese,Bakery,1,3.89,3.89
7305,503898,Espresso,Beverage,2,2.98,5.96
7306,503898,Veggie Wrap,Food,2,7.65,15.3
7307,503898,Caesar Salad,Food,1,8.24,8.24
7308,503899,Espresso,Beverage,2,2.93,5.86
7309,503900,Caesar Salad,Food,1,8.04,8.04
7310,503900,Veggie Wrap,Food,1,7.58,7.58
7311,503900,Fruit Cup,Snack,1,3.4,3.4
7312,503901,Latte,Beverage,2,4.48,8.96
7313,503902,Veggie Wrap,Food,1,7.61,7.61
7314,503903,Fruit Cup,Snack,1,3.42,3.42
7315,503903,Avocado Toast,Food,1,7.3,7.3
7316,503903,Turkey Sandwich,Food,1,8.36,8.36
7317,503904,Cold Brew,Beverage,1,4.73,4.73
7318,503904,Blueberry Muffin,Bakery,2,3.69,7.38
7319,503905,Cold Brew,Beverage,1,4.69,4.69
7320,503906,Granola Bar,Snack,1,2.68,2.68
7321,503907,Caesar Salad,Food,1,8.02,8.02
7322,503907,Chocolate Chip Cookie,Bakery,1,2.43,2.43
7323,503908,Fruit Cup,Snack,1,3.48,3.48
7324,503909,Cold Brew,Beverage,1,4.74,4.74
7325,503909,Croissant,Bakery,1,3.25,3.25
7326,503909,Chocolate Chip Cookie,Bakery,1,2.46,2.46
7327,503910,Latte,Beverage,1,4.4,4.4
7328,503910,Croissant,Bakery,1,3.17,3.17
7329,503911,Veggie Wrap,Food,1,7.56,7.56
7330,503911,Cappuccino,Beverage,1,4.12,4.12
7331,503912,Avocado Toast,Food,1,7.32,7.32
7332,503913,Cappuccino,Beverage,1,4.23,4.23
7333,503913,Veggie Wrap,Food,1,7.53,7.53
7334,503914,Avocado Toast,Food,2,7.46,14.92
7335,503914,Caesar Salad,Food,1,8.24,8.24
7336,503914,Fruit Cup,Snack,1,3.46,3.46
7337,503915,Caesar Salad,Food,1,8.2,8.2
7338,503916,Chocolate Chip Cookie,Bakery,2,2.46,4.92
7339,503916,Veggie Wrap,Food,1,7.7,7.7
7340,503917,Avocado Toast,Food,1,7.43,7.43
7341,503918,Turkey Sandwich,Food,1,8.48,8.48
7342,503919,Chocolate Chip Cookie,Bakery,1,2.45,2.45
7343,503919,Iced Tea,Beverage,1,3.49,3.49
7344,503920,Turkey Sandwich,Food,1,8.33,8.33
7345,503920,Avocado Toast,Food,1,7.34,7.34
7346,503920,Blueberry Muffin,Bakery,1,3.68,3.68
7347,503920,Espresso,Beverage,2,3.0,6.0
7348,503921,Latte,Beverage,1,4.38,4.38
7349,503921,Granola Bar,Snack,2,2.74,5.48
7350,503921,Fruit Cup,Snack,1,3.42,3.42
7351,503921,Turkey Sandwich,Food,1,8.45,8.45
7352,503922,Caesar Salad,Food,2,8.09,16.18
7353,503922,Iced Tea,Beverage,1,3.48,3.48
7354,503922,Avocado Toast,Food,2,7.4,14.8
7355,503922,Fruit Cup,Snack,1,3.46,3.46
7356,503923,Croissant,Bakery,1,3.2,3.2
7357,503923,Cold Brew,Beverage,1,4.61,4.61
7358,503923,Avocado Toast,Food,1,7.4,7.4
7359,503924,Bagel with Cream Cheese,Bakery,1,3.97,3.97
7360,503924,Blueberry Muffin,Bakery,1,3.66,3.66
7361,503924,Avocado Toast,Food,1,7.35,7.35
7362,503925,Blueberry Muffin,Bakery,1,3.66,3.66
7363,503925,Granola Bar,Snack,1,2.73,2.73
7364,503925,Iced Tea,Beverage,1,3.43,3.43
7365,503926,Turkey Sandwich,Food,1,8.43,8.43
7366,503927,Avocado Toast,Food,1,7.37,7.37
7367,503927,Espresso,Beverage,1,2.98,2.98
7368,503927,Cold Brew,Beverage,2,4.61,9.22
7369,503928,Cold Brew,Beverage,1,4.74,4.74
7370,503929,Chocolate Chip Cookie,Bakery,1,2.43,2.43
7371,503930,Croissant,Bakery,1,3.15,3.15
7372,503930,Granola Bar,Snack,1,2.72,2.72
7373,503930,Caesar Salad,Food,1,8.2,8.2
7374,503930,Turkey Sandwich,Food,1,8.39,8.39
7375,503931,Espresso,Beverage,2,2.93,5.86
7376,503932,Croissant,Bakery,1,3.16,3.16
7377,503933,Bagel with Cream Cheese,Bakery,1,3.98,3.98
7378,503933,Latte,Beverage,1,4.5,4.5
7379,503933,Croissant,Bakery,1,3.18,3.18
7380,503934,Latte,Beverage,1,4.37,4.37
7381,503934,Veggie Wrap,Food,1,7.73,7.73
7382,503934,Cold Brew,Beverage,1,4.71,4.71
7383,503935,Avocado Toast,Food,1,7.38,7.38
7384,503936,Espresso,Beverage,1,2.98,2.98
7385,503936,Chocolate Chip Cookie,Bakery,1,2.49,2.49
7386,503937,Iced Tea,Beverage,1,3.47,3.47
7387,503937,Turkey Sandwich,Food,1,8.46,8.46
7388,503938,Cappuccino,Beverage,1,4.18,4.18
7389,503939,Bagel with Cream Cheese,Bakery,1,3.96,3.96
7390,503940,Espresso,Beverage,1,2.93,2.93
7391,503940,Iced Tea,Beverage,1,3.47,3.47
7392,503941,Iced Tea,Beverage,1,3.45,3.45
7393,503942,Bagel with Cream Cheese,Bakery,2,3.89,7.78
7394,503942,Granola Bar,Snack,1,2.7,2.7
7395,503943,Bagel with Cream Cheese,Bakery,1,3.95,3.95
7396,503944,Bagel with Cream Cheese,Bakery,1,3.99,3.99
7397,503945,Chocolate Chip Cookie,Bakery,1,2.48,2.48
7398,503945,Cappuccino,Beverage,2,4.18,8.36
7399,503946,Veggie Wrap,Food,1,7.52,7.52
7400,503947,Caesar Salad,Food,2,8.19,16.38
7401,503948,Bagel with Cream Cheese,Bakery,1,3.92,3.92
7402,503948,Cappuccino,Beverage,1,4.24,4.24
7403,503949,Latte,Beverage,1,4.41,4.41
7404,503949,Blueberry Muffin,Bakery,1,3.7,3.7
7405,503950,Veggie Wrap,Food,1,7.66,7.66
7406,503950,Granola Bar,Snack,1,2.75,2.75
7407,503950,Caesar Salad,Food,1,8.2,8.2
7408,503950,Espresso,Beverage,2,2.97,5.94
7409,503951,Avocado Toast,Food,1,7.33,7.33
7410,503951,Granola Bar,Snack,1,2.75,2.75
7411,503951,Bagel with Cream Cheese,Bakery,1,3.93,3.93
7412,503952,Iced Tea,Beverage,1,3.49,3.49
7413,503952,Chocolate Chip Cookie,Bakery,2,2.46,4.92
7414,503953,Iced Tea,Beverage,1,3.48,3.48
7415,503953,Cold Brew,Beverage,1,4.65,4.65
7416,503953,Caesar Salad,Food,1,8.12,8.12
7417,503954,Turkey Sandwich,Food,1,8.47,8.47
7418,503955,Caesar Salad,Food,1,8.03,8.03
7419,503955,Cappuccino,Beverage,1,4.17,4.17
7420,503955,Fruit Cup,Snack,1,3.44,3.44
7421,503956,Avocado Toast,Food,2,7.34,14.68
7422,503957,Espresso,Beverage,1,2.92,2.92
7423,503957,Granola Bar,Snack,2,2.73,5.46
7424,503958,Avocado Toast,Food,1,7.4,7.4
7425,503958,Veggie Wrap,Food,2,7.54,15.08
7426,503959,Cappuccino,Beverage,1,4.24,4.24
7427,503960,Cappuccino,Beverage,1,4.13,4.13
7428,503960,Blueberry Muffin,Bakery,1,3.64,3.64
7429,503961,Fruit Cup,Snack,1,3.43,3.43
7430,503961,Espresso,Beverage,1,2.99,2.99
7431,503962,Avocado Toast,Food,1,7.39,7.39
7432,503962,Latte,Beverage,2,4.44,8.88
7433,503963,Latte,Beverage,1,4.45,4.45
7434,503964,Avocado Toast,Food,1,7.37,7.37
7435,503965,Espresso,Beverage,1,2.96,2.96
7436,503966,Cold Brew,Beverage,1,4.61,4.61
7437,503967,Cold Brew,Beverage,1,4.69,4.69
7438,503967,Veggie Wrap,Food,1,7.72,7.72
7439,503968,Croissant,Bakery,1,3.16,3.16
7440,503969,Avocado Toast,Food,1,7.36,7.36
7441,503969,Fruit Cup,Snack,1,3.4,3.4
7442,503969,Iced Tea,Beverage,1,3.45,3.45
7443,503970,Cappuccino,Beverage,1,4.19,4.19
7444,503970,Bagel with Cream Cheese,Bakery,1,3.96,3.96
7445,503970,Blueberry Muffin,Bakery,1,3.75,3.75
7446,503971,Fruit Cup,Snack,1,3.44,3.44
7447,503972,Veggie Wrap,Food,1,7.64,7.64
7448,503973,Veggie Wrap,Food,1,7.73,7.73
7449,503974,Cold Brew,Beverage,2,4.62,9.24
7450,503975,Bagel with Cream Cheese,Bakery,1,4.0,4.0
7451,503976,Cappuccino,Beverage,1,4.24,4.24
7452,503976,Blueberry Muffin,Bakery,2,3.72,7.44
7453,503976,Bagel with Cream Cheese,Bakery,1,3.93,3.93
7454,503977,Espresso,Beverage,1,2.93,2.93
7455,503977,Latte,Beverage,1,4.38,4.38
7456,503977,Veggie Wrap,Food,1,7.68,7.68
7457,503977,Avocado Toast,Food,1,7.37,7.37
7458,503978,Cold Brew,Beverage,1,4.71,4.71
7459,503978,Chocolate Chip Cookie,Bakery,1,2.49,2.49
7460,503979,Caesar Salad,Food,1,8.21,8.21
7461,503980,Granola Bar,Snack,1,2.72,2.72
7462,503980,Cappuccino,Beverage,1,4.17,4.17
7463,503981,Blueberry Muffin,Bakery,1,3.64,3.64
7464,503982,Iced Tea,Beverage,1,3.46,3.46
7465,503983,Turkey Sandwich,Food,1,8.36,8.36
7466,503983,Avocado Toast,Food,1,7.39,7.39
7467,503984,Blueberry Muffin,Bakery,1,3.65,3.65
7468,503985,Espresso,Beverage,1,2.98,2.98
7469,503985,Croissant,Bakery,1,3.17,3.17
7470,503985,Iced Tea,Beverage,1,3.42,3.42
7471,503985,Chocolate Chip Cookie,Bakery,1,2.47,2.47
7472,503986,Fruit Cup,Snack,1,3.4,3.4
7473,503986,Latte,Beverage,1,4.44,4.44
7474,503987,Caesar Salad,Food,1,8.1,8.1
7475,503987,Granola Bar,Snack,1,2.75,2.75
7476,503987,Cold Brew,Beverage,1,4.74,4.74
7477,503988,Cappuccino,Beverage,1,4.13,4.13
7478,503988,Iced Tea,Beverage,1,3.4,3.4
7479,503988,Granola Bar,Snack,1,2.71,2.71
7480,503988,Blueberry Muffin,Bakery,1,3.66,3.66
7481,503989,Granola Bar,Snack,2,2.68,5.36
7482,503990,Granola Bar,Snack,1,2.68,2.68
7483,503990,Croissant,Bakery,1,3.16,3.16
7484,503990,Fruit Cup,Snack,1,3.4,3.4
7485,503991,Chocolate Chip Cookie,Bakery,1,2.49,2.49
7486,503991,Fruit Cup,Snack,1,3.44,3.44
7487,503991,Turkey Sandwich,Food,1,8.29,8.29
7488,503992,Fruit Cup,Snack,1,3.5,3.5
7489,503992,Granola Bar,Snack,1,2.7,2.7
7490,503993,Espresso,Beverage,1,2.91,2.91
7491,503994,Croissant,Bakery,1,3.23,3.23
7492,503995,Chocolate Chip Cookie,Bakery,1,2.47,2.47
7493,503995,Caesar Salad,Food,1,8.24,8.24
7494,503995,Turkey Sandwich,Food,1,8.3,8.3
7495,503996,Caesar Salad,Food,1,8.06,8.06
7496,503996,Cappuccino,Beverage,1,4.13,4.13
7497,503997,Avocado Toast,Food,1,7.29,7.29
7498,503997,Turkey Sandwich,Food,1,8.41,8.41
7499,503997,Veggie Wrap,Food,1,7.6,7.6
7500,503998,Latte,Beverage,2,4.42,8.84
7501,503998,Chocolate Chip Cookie,Bakery,1,2.48,2.48
7502,503999,Caesar Salad,Food,1,8.02,8.02
7503,503999,Croissant,Bakery,1,3.23,3.23
7504,504000,Latte,Beverage,1,4.37,4.37
7505,504000,Caesar Salad,Food,2,8.23,16.46
7506,504001,Cappuccino,Beverage,1,4.17,4.17
7507,504001,Espresso,Beverage,1,2.91,2.91
7508,504001,Bagel with Cream Cheese,Bakery,1,3.95,3.95
7509,504002,Latte,Beverage,1,4.46,4.46
7510,504003,Granola Bar,Snack,2,2.69,5.38
7511,504003,Cappuccino,Beverage,1,4.17,4.17
7512,504004,Turkey Sandwich,Food,1,8.29,8.29
7513,504005,Croissant,Bakery,1,3.22,3.22
7514,504006,Latte,Beverage,1,4.38,4.38
7515,504006,Cappuccino,Beverage,1,4.2,4.2
7516,504006,Caesar Salad,Food,1,8.19,8.19
7517,504006,Bagel with Cream Cheese,Bakery,1,3.92,3.92
7518,504007,Blueberry Muffin,Bakery,2,3.75,7.5
7519,504008,Cold Brew,Beverage,1,4.67,4.67
7520,504009,Bagel with Cream Cheese,Bakery,1,3.93,3.93
7521,504010,Cappuccino,Beverage,1,4.23,4.23
7522,504010,Veggie Wrap,Food,1,7.73,7.73
7523,504011,Cold Brew,Beverage,1,4.71,4.71
7524,504012,Turkey Sandwich,Food,2,8.43,16.86
7525,504012,Cold Brew,Beverage,2,4.73,9.46
7526,504012,Granola Bar,Snack,1,2.69,2.69
7527,504013,Espresso,Beverage,1,2.93,2.93
7528,504014,Cappuccino,Beverage,1,4.16,4.16
7529,504014,Cold Brew,Beverage,1,4.68,4.68
7530,504014,Chocolate Chip Cookie,Bakery,1,2.43,2.43
7531,504015,Cold Brew,Beverage,1,4.7,4.7
7532,504016,Croissant,Bakery,2,3.19,6.38
7533,504017,Cold Brew,Beverage,2,4.67,9.34
7534,504018,Chocolate Chip Cookie,Bakery,1,2.46,2.46
7535,504019,Avocado Toast,Food,1,7.5,7.5
7536,504020,Bagel with Cream Cheese,Bakery,1,3.94,3.94
7537,504020,Blueberry Muffin,Bakery,1,3.64,3.64
7538,504021,Espresso,Beverage,1,2.97,2.97
7539,504022,Cappuccino,Beverage,1,4.14,4.14
7540,504022,Bagel with Cream Cheese,Bakery,1,3.95,3.95
7541,504022,Cold Brew,Beverage,1,4.68,4.68
7542,504022,Blueberry Muffin,Bakery,1,3.68,3.68
7543,504023,Avocado Toast,Food,2,7.46,14.92
7544,504023,Cappuccino,Beverage,1,4.13,4.13
7545,504023,Cold Brew,Beverage,1,4.72,4.72
7546,504024,Veggie Wrap,Food,1,7.66,7.66
7547,504025,Avocado Toast,Food,2,7.29,14.58
7548,504025,Caesar Salad,Food,2,8.2,16.4
7549,504025,Iced Tea,Beverage,2,3.41,6.82
7550,504026,Iced Tea,Beverage,1,3.44,3.44
7551,504027,Croissant,Bakery,2,3.24,6.48
7552,504027,Fruit Cup,Snack,1,3.47,3.47
7553,504028,Cold Brew,Beverage,1,4.74,4.74
7554,504028,Cappuccino,Beverage,1,4.19,4.19
7555,504029,Chocolate Chip Cookie,Bakery,2,2.47,4.94
7556,504029,Cold Brew,Beverage,1,4.68,4.68
7557,504030,Cold Brew,Beverage,1,4.74,4.74
7558,504031,Fruit Cup,Snack,1,3.5,3.5
7559,504032,Caesar Salad,Food,1,8.21,8.21
7560,504032,Chocolate Chip Cookie,Bakery,1,2.46,2.46
7561,504033,Blueberry Muffin,Bakery,1,3.67,3.67
7562,504033,Granola Bar,Snack,1,2.71,2.71
7563,504034,Espresso,Beverage,1,2.95,2.95
7564,504035,Fruit Cup,Snack,1,3.47,3.47
7565,504035,Bagel with Cream Cheese,Bakery,2,3.9,7.8
7566,504036,Cappuccino,Beverage,1,4.12,4.12
7567,504036,Caesar Salad,Food,1,8.05,8.05
7568,504036,Cold Brew,Beverage,1,4.69,4.69
7569,504037,Cappuccino,Beverage,2,4.25,8.5
7570,504037,Avocado Toast,Food,1,7.38,7.38
7571,504038,Veggie Wrap,Food,1,7.6,7.6
7572,504038,Croissant,Bakery,1,3.2,3.2
7573,504038,Chocolate Chip Cookie,Bakery,1,2.45,2.45
7574,504039,Caesar Salad,Food,1,8.17,8.17
7575,504040,Croissant,Bakery,1,3.17,3.17
7576,504040,Caesar Salad,Food,2,8.15,16.3
7577,504041,Bagel with Cream Cheese,Bakery,1,3.91,3.91
7578,504041,Cappuccino,Beverage,1,4.12,4.12
7579,504041,Avocado Toast,Food,1,7.42,7.42
7580,504042,Cold Brew,Beverage,1,4.75,4.75
7581,504043,Cold Brew,Beverage,1,4.62,4.62
7582,504043,Avocado Toast,Food,1,7.48,7.48
7583,504043,Croissant,Bakery,1,3.18,3.18
7584,504044,Chocolate Chip Cookie,Bakery,1,2.45,2.45
7585,504044,Veggie Wrap,Food,2,7.52,15.04
7586,504044,Granola Bar,Snack,1,2.74,2.74
7587,504045,Chocolate Chip Cookie,Bakery,1,2.45,2.45
7588,504046,Caesar Salad,Food,1,8.1,8.1
7589,504047,Croissant,Bakery,1,3.16,3.16
7590,504048,Veggie Wrap,Food,1,7.6,7.6
7591,504049,Blueberry Muffin,Bakery,2,3.7,7.4
7592,504049,Iced Tea,Beverage,1,3.49,3.49
7593,504049,Cold Brew,Beverage,1,4.69,4.69
7594,504050,Espresso,Beverage,1,2.93,2.93
7595,504050,Iced Tea,Beverage,1,3.45,3.45
7596,504051,Granola Bar,Snack,1,2.71,2.71
7597,504052,Fruit Cup,Snack,1,3.5,3.5
7598,504052,Croissant,Bakery,2,3.2,6.4
7599,504053,Avocado Toast,Food,1,7.41,7.41
7600,504053,Blueberry Muffin,Bakery,1,3.75,3.75
7601,504054,Chocolate Chip Cookie,Bakery,1,2.49,2.49
7602,504054,Iced Tea,Beverage,1,3.47,3.47
7603,504054,Croissant,Bakery,1,3.24,3.24
7604,504054,Granola Bar,Snack,1,2.71,2.71
7605,504055,Turkey Sandwich,Food,1,8.45,8.45
7606,504056,Bagel with Cream Cheese,Bakery,2,3.88,7.76
7607,504056,Fruit Cup,Snack,1,3.47,3.47
7608,504057,Turkey Sandwich,Food,2,8.43,16.86
7609,504057,Espresso,Beverage,1,2.98,2.98
7610,504058,Cappuccino,Beverage,1,4.17,4.17
7611,504059,Cappuccino,Beverage,1,4.14,4.14
7612,504059,Cold Brew,Beverage,1,4.75,4.75
7613,504059,Espresso,Beverage,1,2.97,2.97
7614,504060,Fruit Cup,Snack,2,3.45,6.9
7615,504060,Chocolate Chip Cookie,Bakery,1,2.46,2.46
7616,504060,Avocado Toast,Food,1,7.34,7.34
7617,504061,Blueberry Muffin,Bakery,1,3.69,3.69
7618,504062,Espresso,Beverage,1,2.91,2.91
7619,504062,Avocado Toast,Food,1,7.46,7.46
7620,504063,Turkey Sandwich,Food,1,8.38,8.38
7621,504063,Iced Tea,Beverage,1,3.4,3.4
7622,504064,Iced Tea,Beverage,1,3.46,3.46
7623,504065,Espresso,Beverage,1,2.91,2.91
7624,504065,Iced Tea,Beverage,1,3.48,3.48
7625,504065,Turkey Sandwich,Food,1,8.25,8.25
7626,504066,Turkey Sandwich,Food,1,8.35,8.35
7627,504067,Espresso,Beverage,1,2.98,2.98
7628,504067,Veggie Wrap,Food,1,7.55,7.55
7629,504068,Blueberry Muffin,Bakery,1,3.67,3.67
7630,504069,Turkey Sandwich,Food,1,8.37,8.37
7631,504069,Iced Tea,Beverage,1,3.44,3.44
7632,504070,Blueberry Muffin,Bakery,1,3.73,3.73
7633,504070,Turkey Sandwich,Food,2,8.37,16.74
7634,504071,Avocado Toast,Food,1,7.33,7.33
7635,504071,Turkey Sandwich,Food,2,8.45,16.9
7636,504071,Bagel with Cream Cheese,Bakery,1,3.89,3.89
7637,504072,Fruit Cup,Snack,1,3.45,3.45
7638,504073,Caesar Salad,Food,1,8.2,8.2
7639,504074,Latte,Beverage,2,4.46,8.92
7640,504074,Cold Brew,Beverage,1,4.62,4.62
7641,504074,Fruit Cup,Snack,1,3.45,3.45
7642,504075,Iced Tea,Beverage,1,3.43,3.43
7643,504076,Veggie Wrap,Food,1,7.66,7.66
7644,504077,Caesar Salad,Food,1,8.25,8.25
7645,504077,Avocado Toast,Food,1,7.36,7.36
7646,504077,Croissant,Bakery,1,3.21,3.21
7647,504078,Latte,Beverage,1,4.47,4.47
7648,504078,Bagel with Cream Cheese,Bakery,1,3.89,3.89
7649,504079,Caesar Salad,Food,1,8.21,8.21
7650,504079,Croissant,Bakery,1,3.18,3.18
7651,504080,Granola Bar,Snack,1,2.69,2.69
7652,504080,Chocolate Chip Cookie,Bakery,2,2.47,4.94
7653,504081,Croissant,Bakery,1,3.22,3.22
7654,504081,Cappuccino,Beverage,1,4.2,4.2
7655,504082,Latte,Beverage,1,4.46,4.46
7656,504083,Granola Bar,Snack,1,2.71,2.71
7657,504083,Avocado Toast,Food,1,7.37,7.37
7658,504084,Chocolate Chip Cookie,Bakery,1,2.49,2.49
7659,504084,Cold Brew,Beverage,1,4.61,4.61
7660,504084,Cappuccino,Beverage,1,4.24,4.24
7661,504084,Caesar Salad,Food,1,8.16,8.16
7662,504085,Fruit Cup,Snack,1,3.5,3.5
7663,504085,Latte,Beverage,2,4.46,8.92
7664,504086,Veggie Wrap,Food,1,7.56,7.56
7665,504087,Espresso,Beverage,1,2.99,2.99
7666,504087,Iced Tea,Beverage,1,3.45,3.45
7667,504088,Latte,Beverage,1,4.41,4.41
7668,504088,Granola Bar,Snack,1,2.68,2.68
7669,504089,Latte,Beverage,1,4.37,4.37
7670,504089,Bagel with Cream Cheese,Bakery,1,3.94,3.94
7671,504089,Cappuccino,Beverage,1,4.16,4.16
7672,504090,Cappuccino,Beverage,1,4.16,4.16
7673,504091,Croissant,Bakery,1,3.16,3.16
7674,504091,Latte,Beverage,1,4.37,4.37
7675,504092,Bagel with Cream Cheese,Bakery,1,3.95,3.95
7676,504092,Iced Tea,Beverage,1,3.44,3.44
7677,504093,Croissant,Bakery,1,3.17,3.17
7678,504094,Cappuccino,Beverage,2,4.24,8.48
7679,504094,Fruit Cup,Snack,1,3.4,3.4
7680,504095,Fruit Cup,Snack,1,3.46,3.46
7681,504096,Caesar Salad,Food,1,8.17,8.17
7682,504097,Latte,Beverage,1,4.47,4.47
7683,504097,Veggie Wrap,Food,1,7.7,7.7
7684,504098,Cold Brew,Beverage,1,4.63,4.63
7685,504098,Espresso,Beverage,2,2.97,5.94
7686,504098,Turkey Sandwich,Food,1,8.46,8.46
7687,504099,Cappuccino,Beverage,1,4.14,4.14
7688,504099,Bagel with Cream Cheese,Bakery,1,3.93,3.93
7689,504099,Cold Brew,Beverage,1,4.7,4.7
7690,504100,Cold Brew,Beverage,1,4.67,4.67
7691,504100,Croissant,Bakery,1,3.24,3.24
7692,504100,Bagel with Cream Cheese,Bakery,1,3.89,3.89
7693,504101,Espresso,Beverage,1,2.95,2.95
7694,504101,Avocado Toast,Food,1,7.49,7.49
7695,504101,Blueberry Muffin,Bakery,1,3.75,3.75
7696,504102,Cappuccino,Beverage,2,4.22,8.44
7697,504103,Chocolate Chip Cookie,Bakery,1,2.47,2.47
7698,504104,Veggie Wrap,Food,2,7.66,15.32
7699,504104,Granola Bar,Snack,1,2.69,2.69
7700,504105,Bagel with Cream Cheese,Bakery,1,3.97,3.97
7701,504106,Granola Bar,Snack,1,2.72,2.72
7702,504106,Cappuccino,Beverage,1,4.25,4.25
7703,504107,Latte,Beverage,2,4.41,8.82
7704,504108,Cold Brew,Beverage,1,4.62,4.62
7705,504108,Croissant,Bakery,1,3.2,3.2
7706,504109,Turkey Sandwich,Food,1,8.25,8.25
7707,504110,Blueberry Muffin,Bakery,1,3.72,3.72
7708,504110,Cappuccino,Beverage,1,4.14,4.14
7709,504111,Granola Bar,Snack,1,2.74,2.74
7710,504112,Cold Brew,Beverage,1,4.61,4.61
7711,504113,Veggie Wrap,Food,1,7.57,7.57
7712,504113,Fruit Cup,Snack,1,3.46,3.46
7713,504114,Turkey Sandwich,Food,2,8.36,16.72
7714,504115,Blueberry Muffin,Bakery,1,3.74,3.74
7715,504115,Veggie Wrap,Food,1,7.68,7.68
7716,504115,Cold Brew,Beverage,1,4.67,4.67
7717,504116,Fruit Cup,Snack,1,3.44,3.44
7718,504116,Avocado Toast,Food,1,7.36,7.36
7719,504116,Turkey Sandwich,Food,1,8.49,8.49
7720,504117,Cappuccino,Beverage,1,4.24,4.24
7721,504117,Chocolate Chip Cookie,Bakery,1,2.48,2.48
7722,504118,Blueberry Muffin,Bakery,2,3.74,7.48
7723,504118,Espresso,Beverage,1,2.96,2.96
7724,504119,Fruit Cup,Snack,2,3.46,6.92
7725,504119,Blueberry Muffin,Bakery,1,3.71,3.71
7726,504120,Croissant,Bakery,1,3.18,3.18
7727,504120,Cold Brew,Beverage,1,4.64,4.64
7728,504120,Avocado Toast,Food,1,7.35,7.35
7729,504120,Cappuccino,Beverage,2,4.14,8.28
7730,504121,Espresso,Beverage,1,2.91,2.91
7731,504122,Chocolate Chip Cookie,Bakery,1,2.49,2.49
7732,504122,Granola Bar,Snack,1,2.68,2.68
7733,504123,Cappuccino,Beverage,2,4.21,8.42
7734,504124,Turkey Sandwich,Food,1,8.39,8.39
7735,504124,Iced Tea,Beverage,1,3.44,3.44
7736,504125,Croissant,Bakery,1,3.18,3.18
7737,504126,Latte,Beverage,1,4.45,4.45
7738,504126,Cappuccino,Beverage,1,4.2,4.2
7739,504127,Cold Brew,Beverage,1,4.67,4.67
7740,504127,Bagel with Cream Cheese,Bakery,1,3.97,3.97
7741,504128,Espresso,Beverage,1,2.99,2.99
7742,504129,Fruit Cup,Snack,1,3.49,3.49
7743,504130,Granola Bar,Snack,2,2.73,5.46
7744,504130,Cold Brew,Beverage,1,4.62,4.62
7745,504130,Turkey Sandwich,Food,1,8.41,8.41
7746,504131,Chocolate Chip Cookie,Bakery,1,2.44,2.44
7747,504132,Fruit Cup,Snack,1,3.4,3.4
7748,504132,Caesar Salad,Food,1,8.17,8.17
7749,504132,Espresso,Beverage,1,2.94,2.94
7750,504132,Cold Brew,Beverage,1,4.65,4.65
7751,504133,Granola Bar,Snack,2,2.67,5.34
7752,504133,Caesar Salad,Food,1,8.03,8.03
7753,504134,Chocolate Chip Cookie,Bakery,1,2.43,2.43
7754,504135,Espresso,Beverage,1,2.93,2.93
7755,504135,Latte,Beverage,2,4.49,8.98
7756,504136,Blueberry Muffin,Bakery,1,3.65,3.65
7757,504136,Avocado Toast,Food,1,7.35,7.35
7758,504136,Latte,Beverage,2,4.37,8.74
7759,504137,Iced Tea,Beverage,2,3.4,6.8
7760,504138,Latte,Beverage,1,4.48,4.48
7761,504138,Cold Brew,Beverage,1,4.63,4.63
7762,504139,Blueberry Muffin,Bakery,2,3.74,7.48
7763,504139,Avocado Toast,Food,1,7.32,7.32
7764,504140,Bagel with Cream Cheese,Bakery,2,3.96,7.92
7765,504140,Veggie Wrap,Food,1,7.66,7.66
7766,504141,Cold Brew,Beverage,1,4.69,4.69
7767,504142,Granola Bar,Snack,1,2.67,2.67
7768,504142,Cold Brew,Beverage,1,4.66,4.66
7769,504143,Chocolate Chip Cookie,Bakery,1,2.46,2.46
7770,504144,Croissant,Bakery,1,3.18,3.18
7771,504144,Avocado Toast,Food,1,7.3,7.3
7772,504145,Fruit Cup,Snack,1,3.42,3.42
7773,504146,Blueberry Muffin,Bakery,1,3.75,3.75
7774,504146,Croissant,Bakery,1,3.23,3.23
7775,504146,Granola Bar,Snack,1,2.73,2.73
7776,504147,Turkey Sandwich,Food,1,8.3,8.3
7777,504147,Fruit Cup,Snack,1,3.5,3.5
7778,504148,Caesar Salad,Food,1,8.09,8.09
7779,504148,Turkey Sandwich,Food,1,8.3,8.3
7780,504149,Avocado Toast,Food,1,7.3,7.3
7781,504150,Turkey Sandwich,Food,1,8.38,8.38
7782,504150,Veggie Wrap,Food,1,7.55,7.55
7783,504150,Espresso,Beverage,1,2.95,2.95
7784,504151,Latte,Beverage,2,4.37,8.74
7785,504151,Espresso,Beverage,1,2.91,2.91
7786,504152,Cappuccino,Beverage,2,4.2,8.4
7787,504152,Bagel with Cream Cheese,Bakery,2,4.0,8.0
7788,504152,Fruit Cup,Snack,2,3.47,6.94
7789,504152,Iced Tea,Beverage,1,3.49,3.49
7790,504153,Espresso,Beverage,2,2.97,5.94
7791,504153,Iced Tea,Beverage,1,3.49,3.49
7792,504154,Croissant,Bakery,1,3.18,3.18
7793,504155,Cold Brew,Beverage,2,4.62,9.24
7794,504155,Fruit Cup,Snack,1,3.47,3.47
7795,504156,Caesar Salad,Food,1,8.1,8.1
7796,504157,Cold Brew,Beverage,1,4.68,4.68
7797,504157,Bagel with Cream Cheese,Bakery,2,3.92,7.84
7798,504157,Turkey Sandwich,Food,1,8.31,8.31
7799,504157,Caesar Salad,Food,2,8.1,16.2
7800,504158,Croissant,Bakery,2,3.22,6.44
7801,504158,Cappuccino,Beverage,1,4.22,4.22
7802,504159,Blueberry Muffin,Bakery,1,3.68,3.68
7803,504160,Cold Brew,Beverage,1,4.65,4.65
7804,504160,Croissant,Bakery,1,3.19,3.19
7805,504160,Turkey Sandwich,Food,1,8.46,8.46
7806,504160,Veggie Wrap,Food,1,7.55,7.55
7807,504161,Espresso,Beverage,1,2.94,2.94
7808,504162,Croissant,Bakery,1,3.22,3.22
7809,504162,Iced Tea,Beverage,1,3.44,3.44
7810,504163,Cold Brew,Beverage,2,4.75,9.5
7811,504164,Fruit Cup,Snack,1,3.41,3.41
7812,504164,Caesar Salad,Food,1,8.01,8.01
7813,504165,Cold Brew,Beverage,1,4.74,4.74
7814,504166,Granola Bar,Snack,1,2.72,2.72
7815,504166,Cappuccino,Beverage,1,4.2,4.2
7816,504167,Caesar Salad,Food,2,8.09,16.18
7817,504168,Veggie Wrap,Food,1,7.74,7.74
7818,504168,Iced Tea,Beverage,1,3.49,3.49
7819,504168,Caesar Salad,Food,1,8.05,8.05
7820,504169,Fruit Cup,Snack,1,3.46,3.46
7821,504170,Granola Bar,Snack,2,2.7,5.4
7822,504170,Cappuccino,Beverage,2,4.14,8.28
7823,504171,Cappuccino,Beverage,2,4.17,8.34
7824,504171,Cold Brew,Beverage,1,4.66,4.66
7825,504172,Bagel with Cream Cheese,Bakery,1,3.99,3.99
7826,504173,Cappuccino,Beverage,1,4.15,4.15
7827,504174,Chocolate Chip Cookie,Bakery,1,2.45,2.45
7828,504174,Veggie Wrap,Food,2,7.71,15.42
7829,504174,Blueberry Muffin,Bakery,1,3.68,3.68
7830,504174,Avocado Toast,Food,1,7.45,7.45
7831,504175,Latte,Beverage,1,4.4,4.4
7832,504176,Cappuccino,Beverage,1,4.17,4.17
7833,504177,Cold Brew,Beverage,1,4.73,4.73
7834,504178,Croissant,Bakery,2,3.2,6.4
7835,504179,Veggie Wrap,Food,1,7.6,7.6
7836,504179,Croissant,Bakery,2,3.2,6.4
7837,504180,Chocolate Chip Cookie,Bakery,1,2.46,2.46
7838,504180,Avocado Toast,Food,1,7.28,7.28
7839,504180,Croissant,Bakery,1,3.19,3.19
7840,504181,Turkey Sandwich,Food,1,8.38,8.38
7841,504181,Caesar Salad,Food,2,8.06,16.12
7842,504182,Fruit Cup,Snack,1,3.43,3.43
7843,504182,Bagel with Cream Cheese,Bakery,1,3.93,3.93
7844,504183,Bagel with Cream Cheese,Bakery,2,3.96,7.92
7845,504183,Blueberry Muffin,Bakery,1,3.7,3.7
7846,504183,Cold Brew,Beverage,1,4.7,4.7
7847,504183,Fruit Cup,Snack,1,3.47,3.47
7848,504184,Turkey Sandwich,Food,1,8.31,8.31
7849,504184,Blueberry Muffin,Bakery,1,3.74,3.74
7850,504184,Granola Bar,Snack,1,2.7,2.7
7851,504185,Bagel with Cream Cheese,Bakery,1,3.92,3.92
7852,504185,Turkey Sandwich,Food,2,8.47,16.94
7853,504185,Chocolate Chip Cookie,Bakery,1,2.43,2.43
7854,504186,Fruit Cup,Snack,1,3.43,3.43
7855,504187,Cold Brew,Beverage,2,4.73,9.46
7856,504187,Avocado Toast,Food,1,7.4,7.4
7857,504188,Iced Tea,Beverage,1,3.41,3.41
7858,504189,Blueberry Muffin,Bakery,1,3.74,3.74
7859,504189,Chocolate Chip Cookie,Bakery,1,2.48,2.48
7860,504190,Avocado Toast,Food,1,7.39,7.39
7861,504191,Croissant,Bakery,1,3.24,3.24
7862,504191,Caesar Salad,Food,1,8.2,8.2
7863,504191,Blueberry Muffin,Bakery,1,3.71,3.71
7864,504191,Cappuccino,Beverage,1,4.17,4.17
7865,504192,Turkey Sandwich,Food,2,8.35,16.7
7866,504192,Croissant,Bakery,2,3.23,6.46
7867,504193,Blueberry Muffin,Bakery,1,3.69,3.69
7868,504194,Iced Tea,Beverage,1,3.4,3.4
7869,504194,Fruit Cup,Snack,1,3.47,3.47
7870,504195,Espresso,Beverage,1,2.98,2.98
7871,504196,Cappuccino,Beverage,2,4.19,8.38
7872,504196,Avocado Toast,Food,1,7.4,7.4
7873,504197,Caesar Salad,Food,1,8.15,8.15
7874,504198,Cold Brew,Beverage,1,4.61,4.61
7875,504198,Avocado Toast,Food,1,7.47,7.47
7876,504199,Bagel with Cream Cheese,Bakery,1,3.99,3.99
7877,504200,Granola Bar,Snack,1,2.75,2.75
7878,504201,Croissant,Bakery,1,3.2,3.2
7879,504202,Avocado Toast,Food,2,7.4,14.8
7880,504203,Avocado Toast,Food,1,7.47,7.47
7881,504203,Fruit Cup,Snack,2,3.47,6.94
7882,504204,Latte,Beverage,1,4.37,4.37
7883,504205,Cappuccino,Beverage,1,4.12,4.12
7884,504206,Latte,Beverage,1,4.37,4.37
7885,504206,Turkey Sandwich,Food,1,8.33,8.33
7886,504207,Fruit Cup,Snack,1,3.42,3.42
7887,504208,Espresso,Beverage,1,2.94,2.94
7888,504208,Bagel with Cream Cheese,Bakery,1,3.97,3.97
7889,504209,Chocolate Chip Cookie,Bakery,1,2.5,2.5
7890,504209,Latte,Beverage,1,4.47,4.47
7891,504210,Granola Bar,Snack,1,2.68,2.68
7892,504211,Fruit Cup,Snack,1,3.49,3.49
7893,504211,Blueberry Muffin,Bakery,1,3.7,3.7
7894,504211,Espresso,Beverage,2,2.93,5.86
7895,504212,Caesar Salad,Food,1,8.22,8.22
7896,504212,Bagel with Cream Cheese,Bakery,1,3.99,3.99
7897,504213,Caesar Salad,Food,1,8.16,8.16
7898,504213,Fruit Cup,Snack,1,3.4,3.4
7899,504213,Croissant,Bakery,1,3.25,3.25
7900,504214,Chocolate Chip Cookie,Bakery,1,2.45,2.45
7901,504215,Blueberry Muffin,Bakery,1,3.71,3.71
7902,504216,Cold Brew,Beverage,1,4.66,4.66
7903,504217,Cappuccino,Beverage,1,4.19,4.19
7904,504218,Croissant,Bakery,1,3.23,3.23
7905,504219,Bagel with Cream Cheese,Bakery,2,3.99,7.98
7906,504219,Fruit Cup,Snack,1,3.44,3.44
7907,504220,Espresso,Beverage,2,2.93,5.86
7908,504220,Cold Brew,Beverage,1,4.61,4.61
7909,504221,Fruit Cup,Snack,2,3.4,6.8
7910,504222,Turkey Sandwich,Food,1,8.26,8.26
7911,504223,Turkey Sandwich,Food,1,8.37,8.37
7912,504223,Veggie Wrap,Food,1,7.75,7.75
7913,504224,Cappuccino,Beverage,1,4.21,4.21
7914,504224,Blueberry Muffin,Bakery,1,3.75,3.75
7915,504225,Fruit Cup,Snack,1,3.41,3.41
7916,504226,Croissant,Bakery,1,3.19,3.19
7917,504227,Espresso,Beverage,1,2.98,2.98
7918,504227,Veggie Wrap,Food,2,7.7,15.4
7919,504228,Bagel with Cream Cheese,Bakery,1,3.93,3.93
7920,504229,Granola Bar,Snack,1,2.67,2.67
7921,504230,Iced Tea,Beverage,1,3.48,3.48
7922,504231,Cold Brew,Beverage,1,4.73,4.73
7923,504231,Bagel with Cream Cheese,Bakery,1,3.99,3.99
7924,504232,Croissant,Bakery,1,3.2,3.2
7925,504233,Iced Tea,Beverage,1,3.43,3.43
7926,504234,Veggie Wrap,Food,1,7.52,7.52
7927,504234,Espresso,Beverage,1,2.95,2.95
7928,504234,Granola Bar,Snack,1,2.71,2.71
7929,504235,Granola Bar,Snack,1,2.67,2.67
7930,504236,Granola Bar,Snack,1,2.7,2.7
7931,504237,Bagel with Cream Cheese,Bakery,1,3.97,3.97
7932,504237,Cold Brew,Beverage,1,4.7,4.7
7933,504238,Cold Brew,Beverage,1,4.64,4.64
7934,504239,Veggie Wrap,Food,1,7.58,7.58
7935,504239,Caesar Salad,Food,1,8.12,8.12
7936,504240,Croissant,Bakery,1,3.16,3.16
7937,504241,Avocado Toast,Food,1,7.36,7.36
7938,504242,Bagel with Cream Cheese,Bakery,2,3.96,7.92
7939,504242,Avocado Toast,Food,2,7.32,14.64
7940,504243,Chocolate Chip Cookie,Bakery,1,2.44,2.44
7941,504243,Caesar Salad,Food,1,8.07,8.07
7942,504244,Cold Brew,Beverage,1,4.72,4.72
7943,504244,Chocolate Chip Cookie,Bakery,1,2.5,2.5
7944,504244,Avocado Toast,Food,1,7.34,7.34
7945,504245,Iced Tea,Beverage,1,3.47,3.47
7946,504245,Latte,Beverage,1,4.49,4.49
7947,504245,Fruit Cup,Snack,1,3.41,3.41
7948,504246,Iced Tea,Beverage,1,3.43,3.43
7949,504246,Bagel with Cream Cheese,Bakery,1,3.91,3.91
7950,504247,Fruit Cup,Snack,1,3.42,3.42
7951,504248,Croissant,Bakery,1,3.2,3.2
7952,504248,Iced Tea,Beverage,1,3.46,3.46
7953,504248,Caesar Salad,Food,1,8.18,8.18
7954,504249,Fruit Cup,Snack,1,3.4,3.4
7955,504250,Granola Bar,Snack,1,2.74,2.74
7956,504250,Avocado Toast,Food,1,7.45,7.45
7957,504250,Blueberry Muffin,Bakery,1,3.66,3.66
7958,504251,Chocolate Chip Cookie,Bakery,1,2.49,2.49
7959,504252,Blueberry Muffin,Bakery,1,3.73,3.73
7960,504252,Latte,Beverage,1,4.48,4.48
7961,504252,Avocado Toast,Food,1,7.39,7.39
7962,504253,Caesar Salad,Food,1,8.02,8.02
7963,504254,Veggie Wrap,Food,1,7.71,7.71
7964,504254,Croissant,Bakery,1,3.23,3.23
7965,504255,Veggie Wrap,Food,1,7.61,7.61
7966,504255,Fruit Cup,Snack,1,3.46,3.46
7967,504255,Avocado Toast,Food,2,7.31,14.62
7968,504256,Fruit Cup,Snack,1,3.47,3.47
7969,504256,Croissant,Bakery,1,3.2,3.2
7970,504257,Chocolate Chip Cookie,Bakery,1,2.44,2.44
7971,504258,Blueberry Muffin,Bakery,1,3.67,3.67
7972,504258,Iced Tea,Beverage,1,3.47,3.47
7973,504259,Cold Brew,Beverage,1,4.71,4.71
7974,504260,Croissant,Bakery,2,3.24,6.48
7975,504260,Bagel with Cream Cheese,Bakery,1,3.99,3.99
7976,504261,Turkey Sandwich,Food,1,8.35,8.35
7977,504261,Bagel with Cream Cheese,Bakery,1,3.88,3.88
7978,504261,Blueberry Muffin,Bakery,1,3.75,3.75
7979,504262,Turkey Sandwich,Food,1,8.49,8.49
7980,504262,Bagel with Cream Cheese,Bakery,1,3.97,3.97
7981,504263,Fruit Cup,Snack,1,3.4,3.4
7982,504264,Croissant,Bakery,1,3.22,3.22
7983,504265,Cappuccino,Beverage,1,4.2,4.2
7984,504266,Chocolate Chip Cookie,Bakery,1,2.44,2.44
7985,504266,Espresso,Beverage,1,2.94,2.94
7986,504267,Iced Tea,Beverage,1,3.45,3.45
7987,504267,Bagel with Cream Cheese,Bakery,1,3.89,3.89
7988,504268,Latte,Beverage,1,4.47,4.47
7989,504269,Croissant,Bakery,1,3.19,3.19
7990,504269,Cold Brew,Beverage,1,4.71,4.71
7991,504269,Granola Bar,Snack,1,2.71,2.71
7992,504270,Chocolate Chip Cookie,Bakery,1,2.44,2.44
7993,504271,Chocolate Chip Cookie,Bakery,1,2.48,2.48
7994,504271,Croissant,Bakery,1,3.17,3.17
7995,504272,Veggie Wrap,Food,2,7.72,15.44
7996,504273,Cappuccino,Beverage,2,4.23,8.46
7997,504274,Bagel with Cream Cheese,Bakery,1,4.0,4.0
7998,504275,Latte,Beverage,1,4.46,4.46
7999,504276,Bagel with Cream Cheese,Bakery,1,3.98,3.98
8000,504277,Chocolate Chip Cookie,Bakery,1,2.5,2.5
8001,504278,Caesar Salad,Food,2,8.16,16.32
8002,504278,Avocado Toast,Food,1,7.28,7.28
8003,504279,Granola Bar,Snack,1,2.68,2.68
8004,504279,Cold Brew,Beverage,1,4.62,4.62
8005,504280,Croissant,Bakery,1,3.24,3.24
8006,504281,Veggie Wrap,Food,1,7.55,7.55
8007,504281,Fruit Cup,Snack,1,3.41,3.41
8008,504282,Croissant,Bakery,1,3.23,3.23
8009,504283,Turkey Sandwich,Food,2,8.33,16.66
8010,504284,Espresso,Beverage,1,3.0,3.0
8011,504285,Veggie Wrap,Food,1,7.64,7.64
8012,504286,Caesar Salad,Food,1,8.17,8.17
8013,504286,Bagel with Cream Cheese,Bakery,1,3.88,3.88
8014,504287,Turkey Sandwich,Food,1,8.35,8.35
8015,504288,Espresso,Beverage,1,2.95,2.95
8016,504288,Cappuccino,Beverage,1,4.19,4.19
8017,504288,Caesar Salad,Food,1,8.06,8.06
8018,504288,Cold Brew,Beverage,1,4.67,4.67
8019,504289,Cappuccino,Beverage,1,4.24,4.24
8020,504290,Avocado Toast,Food,1,7.49,7.49
8021,504290,Cappuccino,Beverage,1,4.23,4.23
8022,504290,Veggie Wrap,Food,1,7.55,7.55
8023,504291,Croissant,Bakery,1,3.16,3.16
8024,504292,Latte,Beverage,1,4.41,4.41
8025,504292,Fruit Cup,Snack,2,3.41,6.82
8026,504293,Granola Bar,Snack,1,2.71,2.71
8027,504293,Veggie Wrap,Food,1,7.52,7.52
8028,504294,Bagel with Cream Cheese,Bakery,1,3.98,3.98
8029,504294,Cappuccino,Beverage,1,4.17,4.17
8030,504295,Blueberry Muffin,Bakery,1,3.74,3.74
8031,504296,Chocolate Chip Cookie,Bakery,1,2.47,2.47
8032,504296,Turkey Sandwich,Food,2,8.35,16.7
8033,504297,Iced Tea,Beverage,1,3.41,3.41
8034,504298,Turkey Sandwich,Food,1,8.25,8.25
8035,504298,Caesar Salad,Food,1,8.18,8.18
8036,504299,Blueberry Muffin,Bakery,1,3.71,3.71
8037,504299,Iced Tea,Beverage,1,3.47,3.47
8038,504299,Veggie Wrap,Food,1,7.69,7.69
8039,504300,Avocado Toast,Food,2,7.46,14.92
8040,504300,Fruit Cup,Snack,2,3.46,6.92
8041,504301,Croissant,Bakery,1,3.17,3.17
8042,504302,Espresso,Beverage,1,2.99,2.99
8043,504302,Chocolate Chip Cookie,Bakery,1,2.48,2.48
8044,504302,Fruit Cup,Snack,1,3.42,3.42
8045,504302,Cold Brew,Beverage,1,4.74,4.74
8046,504303,Turkey Sandwich,Food,1,8.34,8.34
8047,504303,Latte,Beverage,1,4.37,4.37
8048,504303,Cold Brew,Beverage,1,4.7,4.7
8049,504304,Croissant,Bakery,1,3.17,3.17
8050,504304,Bagel with Cream Cheese,Bakery,1,3.99,3.99
8051,504305,Croissant,Bakery,1,3.24,3.24
8052,504306,Latte,Beverage,1,4.37,4.37
8053,504307,Cold Brew,Beverage,1,4.74,4.74
8054,504307,Bagel with Cream Cheese,Bakery,1,3.89,3.89
8055,504307,Iced Tea,Beverage,1,3.45,3.45
8056,504308,Fruit Cup,Snack,1,3.5,3.5
8057,504308,Veggie Wrap,Food,1,7.56,7.56
8058,504308,Croissant,Bakery,1,3.16,3.16
8059,504308,Bagel with Cream Cheese,Bakery,1,3.94,3.94
8060,504309,Croissant,Bakery,1,3.24,3.24
8061,504309,Bagel with Cream Cheese,Bakery,1,3.94,3.94
8062,504310,Blueberry Muffin,Bakery,1,3.65,3.65
8063,504310,Chocolate Chip Cookie,Bakery,1,2.44,2.44
8064,504311,Veggie Wrap,Food,1,7.63,7.63
8065,504311,Fruit Cup,Snack,1,3.44,3.44
8066,504311,Iced Tea,Beverage,2,3.49,6.98
8067,504311,Blueberry Muffin,Bakery,2,3.69,7.38
8068,504312,Caesar Salad,Food,1,8.21,8.21
8069,504313,Latte,Beverage,1,4.42,4.42
8070,504313,Veggie Wrap,Food,1,7.58,7.58
8071,504314,Caesar Salad,Food,1,8.18,8.18
8072,504315,Espresso,Beverage,1,2.97,2.97
8073,504315,Chocolate Chip Cookie,Bakery,1,2.46,2.46
8074,504315,Granola Bar,Snack,1,2.7,2.7
8075,504315,Latte,Beverage,1,4.48,4.48
8076,504316,Blueberry Muffin,Bakery,1,3.71,3.71
8077,504316,Granola Bar,Snack,1,2.73,2.73
8078,504316,Bagel with Cream Cheese,Bakery,1,3.9,3.9
8079,504317,Veggie Wrap,Food,1,7.66,7.66
8080,504318,Chocolate Chip Cookie,Bakery,1,2.47,2.47
8081,504318,Iced Tea,Beverage,1,3.45,3.45
8082,504319,Avocado Toast,Food,1,7.45,7.45
8083,504319,Espresso,Beverage,1,2.95,2.95
8084,504320,Caesar Salad,Food,1,8.13,8.13
8085,504320,Bagel with Cream Cheese,Bakery,1,3.91,3.91
8086,504321,Veggie Wrap,Food,1,7.72,7.72
8087,504321,Avocado Toast,Food,1,7.4,7.4
8088,504321,Fruit Cup,Snack,1,3.43,3.43
8089,504321,Cappuccino,Beverage,1,4.25,4.25
8090,504322,Cold Brew,Beverage,1,4.73,4.73
8091,504323,Croissant,Bakery,1,3.2,3.2
8092,504323,Chocolate Chip Cookie,Bakery,1,2.49,2.49
8093,504323,Espresso,Beverage,2,3.0,6.0
8094,504323,Fruit Cup,Snack,2,3.48,6.96
8095,504324,Iced Tea,Beverage,1,3.47,3.47
8096,504325,Granola Bar,Snack,2,2.71,5.42
8097,504325,Iced Tea,Beverage,1,3.49,3.49
8098,504326,Fruit Cup,Snack,1,3.47,3.47
8099,504326,Espresso,Beverage,1,2.93,2.93
8100,504327,Croissant,Bakery,1,3.2,3.2
8101,504327,Blueberry Muffin,Bakery,1,3.71,3.71
8102,504327,Latte,Beverage,2,4.5,9.0
8103,504328,Espresso,Beverage,1,2.91,2.91
8104,504329,Veggie Wrap,Food,2,7.61,15.22
8105,504329,Fruit Cup,Snack,1,3.43,3.43
8106,504329,Turkey Sandwich,Food,1,8.48,8.48
8107,504330,Chocolate Chip Cookie,Bakery,1,2.48,2.48
8108,504330,Espresso,Beverage,1,2.95,2.95
8109,504331,Avocado Toast,Food,2,7.4,14.8
8110,504331,Blueberry Muffin,Bakery,1,3.65,3.65
8111,504332,Veggie Wrap,Food,1,7.55,7.55
8112,504333,Bagel with Cream Cheese,Bakery,1,3.89,3.89
8113,504334,Cappuccino,Beverage,2,4.18,8.36
8114,504335,Veggie Wrap,Food,1,7.65,7.65
8115,504335,Turkey Sandwich,Food,1,8.39,8.39
8116,504335,Latte,Beverage,2,4.41,8.82
8117,504336,Granola Bar,Snack,1,2.72,2.72
8118,504336,Veggie Wrap,Food,2,7.61,15.22
8119,504337,Granola Bar,Snack,1,2.74,2.74
8120,504337,Blueberry Muffin,Bakery,1,3.64,3.64
8121,504338,Blueberry Muffin,Bakery,1,3.72,3.72
8122,504338,Cold Brew,Beverage,1,4.61,4.61
8123,504339,Fruit Cup,Snack,1,3.44,3.44
8124,504340,Veggie Wrap,Food,1,7.55,7.55
8125,504341,Cappuccino,Beverage,1,4.14,4.14
8126,504341,Blueberry Muffin,Bakery,1,3.75,3.75
8127,504341,Chocolate Chip Cookie,Bakery,1,2.43,2.43
8128,504341,Bagel with Cream Cheese,Bakery,1,3.93,3.93
8129,504342,Espresso,Beverage,2,2.96,5.92
8130,504342,Bagel with Cream Cheese,Bakery,2,3.99,7.98
8131,504342,Latte,Beverage,1,4.43,4.43
8132,504343,Cold Brew,Beverage,2,4.67,9.34
8133,504343,Turkey Sandwich,Food,1,8.28,8.28
8134,504344,Bagel with Cream Cheese,Bakery,1,3.96,3.96
8135,504344,Iced Tea,Beverage,1,3.49,3.49
8136,504345,Cappuccino,Beverage,1,4.24,4.24
8137,504345,Fruit Cup,Snack,2,3.45,6.9
8138,504345,Caesar Salad,Food,1,8.19,8.19
8139,504346,Chocolate Chip Cookie,Bakery,1,2.48,2.48
8140,504346,Cappuccino,Beverage,1,4.2,4.2
8141,504347,Espresso,Beverage,1,2.91,2.91
8142,504348,Bagel with Cream Cheese,Bakery,1,3.91,3.91
8143,504348,Caesar Salad,Food,1,8.01,8.01
8144,504349,Granola Bar,Snack,1,2.69,2.69
8145,504349,Cold Brew,Beverage,1,4.74,4.74
8146,504349,Chocolate Chip Cookie,Bakery,1,2.5,2.5
8147,504350,Chocolate Chip Cookie,Bakery,1,2.45,2.45
8148,504350,Iced Tea,Beverage,1,3.46,3.46
8149,504350,Espresso,Beverage,1,2.94,2.94
8150,504351,Chocolate Chip Cookie,Bakery,2,2.44,4.88
8151,504352,Chocolate Chip Cookie,Bakery,2,2.47,4.94
8152,504352,Bagel with Cream Cheese,Bakery,1,3.98,3.98
8153,504353,Fruit Cup,Snack,1,3.45,3.45
8154,504353,Cappuccino,Beverage,1,4.2,4.2
8155,504354,Cappuccino,Beverage,1,4.21,4.21
8156,504354,Latte,Beverage,1,4.5,4.5
8157,504354,Cold Brew,Beverage,1,4.68,4.68
8158,504355,Latte,Beverage,1,4.49,4.49
8159,504355,Fruit Cup,Snack,1,3.42,3.42
8160,504356,Caesar Salad,Food,1,8.22,8.22
8161,504356,Veggie Wrap,Food,1,7.53,7.53
8162,504356,Fruit Cup,Snack,1,3.43,3.43
8163,504356,Croissant,Bakery,2,3.17,6.34
8164,504357,Fruit Cup,Snack,1,3.48,3.48
8165,504357,Cappuccino,Beverage,1,4.17,4.17
8166,504358,Chocolate Chip Cookie,Bakery,2,2.5,5.0
8167,504359,Cappuccino,Beverage,2,4.14,8.28
8168,504360,Croissant,Bakery,1,3.21,3.21
8169,504360,Veggie Wrap,Food,1,7.56,7.56
8170,504361,Blueberry Muffin,Bakery,2,3.71,7.42
8171,504362,Cappuccino,Beverage,1,4.22,4.22
8172,504363,Croissant,Bakery,1,3.25,3.25
8173,504363,Caesar Salad,Food,2,8.07,16.14
8174,504363,Granola Bar,Snack,1,2.7,2.7
8175,504364,Granola Bar,Snack,1,2.68,2.68
8176,504365,Avocado Toast,Food,1,7.38,7.38
8177,504365,Bagel with Cream Cheese,Bakery,1,3.98,3.98
8178,504366,Cold Brew,Beverage,1,4.61,4.61
8179,504366,Croissant,Bakery,1,3.24,3.24
8180,504366,Chocolate Chip Cookie,Bakery,1,2.44,2.44
8181,504366,Cappuccino,Beverage,1,4.19,4.19
8182,504367,Granola Bar,Snack,1,2.75,2.75
8183,504368,Veggie Wrap,Food,1,7.52,7.52
8184,504369,Espresso,Beverage,2,2.92,5.84
8185,504370,Iced Tea,Beverage,2,3.5,7.0
8186,504370,Turkey Sandwich,Food,1,8.29,8.29
8187,504371,Turkey Sandwich,Food,1,8.49,8.49
8188,504371,Latte,Beverage,1,4.45,4.45
8189,504372,Bagel with Cream Cheese,Bakery,1,3.88,3.88
8190,504372,Cold Brew,Beverage,1,4.64,4.64
8191,504372,Chocolate Chip Cookie,Bakery,1,2.46,2.46
8192,504373,Iced Tea,Beverage,2,3.49,6.98
8193,504373,Turkey Sandwich,Food,2,8.4,16.8
8194,504373,Blueberry Muffin,Bakery,1,3.7,3.7
8195,504374,Cold Brew,Beverage,1,4.68,4.68
8196,504374,Croissant,Bakery,1,3.15,3.15
8197,504374,Bagel with Cream Cheese,Bakery,1,3.9,3.9
8198,504375,Espresso,Beverage,1,2.99,2.99
8199,504375,Turkey Sandwich,Food,1,8.46,8.46
8200,504375,Cold Brew,Beverage,1,4.63,4.63
8201,504376,Espresso,Beverage,1,2.93,2.93
8202,504376,Cold Brew,Beverage,1,4.69,4.69
8203,504377,Turkey Sandwich,Food,1,8.47,8.47
8204,504378,Cappuccino,Beverage,1,4.15,4.15
8205,504378,Bagel with Cream Cheese,Bakery,1,3.98,3.98
8206,504379,Croissant,Bakery,1,3.2,3.2
8207,504379,Blueberry Muffin,Bakery,1,3.68,3.68
8208,504379,Iced Tea,Beverage,1,3.41,3.41
8209,504379,Cold Brew,Beverage,1,4.62,4.62
8210,504380,Blueberry Muffin,Bakery,1,3.74,3.74
8211,504381,Avocado Toast,Food,1,7.44,7.44
8212,504381,Granola Bar,Snack,1,2.67,2.67
8213,504381,Latte,Beverage,1,4.4,4.4
8214,504382,Cappuccino,Beverage,2,4.17,8.34
8215,504382,Bagel with Cream Cheese,Bakery,1,3.97,3.97
8216,504382,Iced Tea,Beverage,1,3.46,3.46
8217,504383,Cappuccino,Beverage,1,4.15,4.15
8218,504384,Granola Bar,Snack,1,2.69,2.69
8219,504384,Avocado Toast,Food,2,7.28,14.56
8220,504385,Croissant,Bakery,1,3.23,3.23
8221,504386,Blueberry Muffin,Bakery,1,3.7,3.7
8222,504387,Iced Tea,Beverage,1,3.44,3.44
8223,504387,Veggie Wrap,Food,1,7.62,7.62
8224,504388,Iced Tea,Beverage,1,3.41,3.41
8225,504388,Bagel with Cream Cheese,Bakery,1,3.94,3.94
8226,504389,Caesar Salad,Food,1,8.22,8.22
8227,504389,Turkey Sandwich,Food,2,8.27,16.54
8228,504390,Iced Tea,Beverage,1,3.41,3.41
8229,504391,Turkey Sandwich,Food,1,8.35,8.35
8230,504391,Fruit Cup,Snack,1,3.42,3.42
8231,504391,Chocolate Chip Cookie,Bakery,1,2.45,2.45
8232,504392,Caesar Salad,Food,1,8.13,8.13
8233,504393,Iced Tea,Beverage,2,3.4,6.8
8234,504393,Avocado Toast,Food,1,7.37,7.37
8235,504393,Cappuccino,Beverage,1,4.21,4.21
8236,504393,Bagel with Cream Cheese,Bakery,1,3.98,3.98
8237,504394,Turkey Sandwich,Food,1,8.26,8.26
8238,504395,Avocado Toast,Food,1,7.43,7.43
8239,504395,Chocolate Chip Cookie,Bakery,2,2.46,4.92
8240,504396,Granola Bar,Snack,1,2.74,2.74
8241,504397,Avocado Toast,Food,1,7.41,7.41
8242,504397,Bagel with Cream Cheese,Bakery,1,3.91,3.91
8243,504398,Latte,Beverage,1,4.43,4.43
8244,504398,Fruit Cup,Snack,2,3.48,6.96
8245,504398,Cold Brew,Beverage,1,4.66,4.66
8246,504399,Caesar Salad,Food,1,8.12,8.12
8247,504400,Chocolate Chip Cookie,Bakery,2,2.47,4.94
8248,504400,Turkey Sandwich,Food,1,8.42,8.42
8249,504400,Cappuccino,Beverage,1,4.21,4.21
8250,504401,Avocado Toast,Food,1,7.34,7.34
8251,504401,Chocolate Chip Cookie,Bakery,1,2.44,2.44
8252,504402,Latte,Beverage,1,4.41,4.41
8253,504403,Espresso,Beverage,1,2.97,2.97
8254,504403,Veggie Wrap,Food,1,7.56,7.56
8255,504403,Avocado Toast,Food,2,7.29,14.58
8256,504404,Caesar Salad,Food,1,8.08,8.08
8257,504404,Bagel with Cream Cheese,Bakery,1,3.93,3.93
8258,504405,Avocado Toast,Food,1,7.28,7.28
8259,504405,Espresso,Beverage,1,2.94,2.94
8260,504406,Granola Bar,Snack,1,2.72,2.72
8261,504407,Caesar Salad,Food,1,8.24,8.24
8262,504408,Caesar Salad,Food,1,8.04,8.04
8263,504408,Blueberry Muffin,Bakery,1,3.71,3.71
8264,504408,Croissant,Bakery,1,3.17,3.17
8265,504408,Veggie Wrap,Food,1,7.53,7.53
8266,504409,Cappuccino,Beverage,1,4.15,4.15
8267,504409,Veggie Wrap,Food,1,7.58,7.58
8268,504409,Iced Tea,Beverage,1,3.41,3.41
8269,504410,Turkey Sandwich,Food,1,8.5,8.5
8270,504411,Avocado Toast,Food,1,7.35,7.35
8271,504412,Latte,Beverage,1,4.49,4.49
8272,504413,Latte,Beverage,1,4.45,4.45
8273,504413,Espresso,Beverage,1,2.99,2.99
8274,504413,Cappuccino,Beverage,1,4.17,4.17
8275,504414,Latte,Beverage,1,4.37,4.37
8276,504414,Veggie Wrap,Food,1,7.59,7.59
8277,504415,Espresso,Beverage,1,2.94,2.94
8278,504415,Turkey Sandwich,Food,1,8.3,8.3
8279,504416,Avocado Toast,Food,1,7.35,7.35
8280,504417,Cappuccino,Beverage,1,4.25,4.25
8281,504418,Blueberry Muffin,Bakery,1,3.71,3.71
8282,504419,Cold Brew,Beverage,1,4.68,4.68
8283,504420,Latte,Beverage,1,4.39,4.39
8284,504420,Espresso,Beverage,1,2.94,2.94
8285,504420,Turkey Sandwich,Food,1,8.36,8.36
8286,504420,Croissant,Bakery,1,3.2,3.2
8287,504421,Espresso,Beverage,1,2.95,2.95
8288,504422,Veggie Wrap,Food,2,7.62,15.24
8289,504423,Chocolate Chip Cookie,Bakery,1,2.47,2.47
8290,504423,Cappuccino,Beverage,1,4.19,4.19
8291,504424,Bagel with Cream Cheese,Bakery,1,3.88,3.88
8292,504425,Veggie Wrap,Food,2,7.75,15.5
8293,504426,Blueberry Muffin,Bakery,1,3.71,3.71
8294,504427,Latte,Beverage,1,4.41,4.41
8295,504427,Iced Tea,Beverage,1,3.47,3.47
8296,504427,Bagel with Cream Cheese,Bakery,1,3.98,3.98
8297,504427,Caesar Salad,Food,1,8.05,8.05
8298,504428,Caesar Salad,Food,1,8.0,8.0
8299,504428,Veggie Wrap,Food,1,7.57,7.57
8300,504429,Avocado Toast,Food,2,7.33,14.66
8301,504429,Fruit Cup,Snack,1,3.44,3.44
8302,504429,Chocolate Chip Cookie,Bakery,1,2.43,2.43
8303,504430,Veggie Wrap,Food,1,7.55,7.55
8304,504430,Chocolate Chip Cookie,Bakery,1,2.48,2.48
8305,504430,Granola Bar,Snack,1,2.67,2.67
8306,504431,Cappuccino,Beverage,1,4.13,4.13
8307,504431,Veggie Wrap,Food,1,7.74,7.74
8308,504431,Espresso,Beverage,1,2.96,2.96
8309,504432,Avocado Toast,Food,1,7.44,7.44
8310,504432,Latte,Beverage,1,4.42,4.42
8311,504432,Iced Tea,Beverage,1,3.47,3.47
8312,504433,Latte,Beverage,1,4.41,4.41
8313,504433,Turkey Sandwich,Food,1,8.46,8.46
8314,504434,Cold Brew,Beverage,1,4.7,4.7
8315,504434,Bagel with Cream Cheese,Bakery,1,3.99,3.99
8316,504435,Bagel with Cream Cheese,Bakery,1,3.92,3.92
8317,504435,Avocado Toast,Food,1,7.41,7.41
8318,504435,Cold Brew,Beverage,1,4.73,4.73
8319,504435,Granola Bar,Snack,1,2.67,2.67
8320,504436,Fruit Cup,Snack,2,3.43,6.86
8321,504437,Latte,Beverage,1,4.38,4.38
8322,504437,Blueberry Muffin,Bakery,1,3.75,3.75
8323,504438,Blueberry Muffin,Bakery,1,3.69,3.69
8324,504439,Bagel with Cream Cheese,Bakery,1,3.91,3.91
8325,504440,Espresso,Beverage,1,2.95,2.95
8326,504440,Avocado Toast,Food,2,7.33,14.66
8327,504440,Veggie Wrap,Food,1,7.65,7.65
8328,504441,Avocado Toast,Food,1,7.45,7.45
8329,504442,Veggie Wrap,Food,1,7.53,7.53
8330,504442,Granola Bar,Snack,1,2.68,2.68
8331,504442,Espresso,Beverage,1,2.91,2.91
8332,504442,Cold Brew,Beverage,1,4.73,4.73
8333,504443,Cold Brew,Beverage,2,4.74,9.48
8334,504443,Fruit Cup,Snack,1,3.4,3.4
8335,504443,Chocolate Chip Cookie,Bakery,1,2.49,2.49
8336,504444,Chocolate Chip Cookie,Bakery,1,2.48,2.48
8337,504444,Cappuccino,Beverage,1,4.22,4.22
8338,504445,Iced Tea,Beverage,2,3.42,6.84
8339,504446,Turkey Sandwich,Food,2,8.28,16.56
8340,504447,Fruit Cup,Snack,1,3.45,3.45
8341,504447,Chocolate Chip Cookie,Bakery,1,2.47,2.47
8342,504448,Granola Bar,Snack,1,2.71,2.71
8343,504448,Blueberry Muffin,Bakery,1,3.65,3.65
8344,504449,Cappuccino,Beverage,1,4.22,4.22
8345,504449,Avocado Toast,Food,1,7.3,7.3
8346,504450,Turkey Sandwich,Food,1,8.42,8.42
8347,504451,Cold Brew,Beverage,1,4.62,4.62
8348,504452,Chocolate Chip Cookie,Bakery,1,2.47,2.47
8349,504453,Blueberry Muffin,Bakery,1,3.68,3.68
8350,504454,Espresso,Beverage,1,2.96,2.96
8351,504455,Blueberry Muffin,Bakery,1,3.66,3.66
8352,504456,Chocolate Chip Cookie,Bakery,1,2.49,2.49
8353,504456,Avocado Toast,Food,1,7.42,7.42
8354,504457,Blueberry Muffin,Bakery,1,3.69,3.69
8355,504457,Veggie Wrap,Food,1,7.61,7.61
8356,504457,Iced Tea,Beverage,1,3.45,3.45
8357,504458,Turkey Sandwich,Food,1,8.25,8.25
8358,504458,Cappuccino,Beverage,1,4.17,4.17
8359,504458,Iced Tea,Beverage,1,3.42,3.42
8360,504459,Fruit Cup,Snack,1,3.48,3.48
8361,504460,Blueberry Muffin,Bakery,2,3.7,7.4
8362,504460,Chocolate Chip Cookie,Bakery,1,2.44,2.44
8363,504461,Cappuccino,Beverage,1,4.24,4.24
8364,504462,Espresso,Beverage,1,2.92,2.92
8365,504463,Fruit Cup,Snack,2,3.49,6.98
8366,504464,Chocolate Chip Cookie,Bakery,1,2.48,2.48
8367,504464,Turkey Sandwich,Food,1,8.29,8.29
8368,504465,Latte,Beverage,1,4.49,4.49
8369,504465,Cappuccino,Beverage,1,4.2,4.2
8370,504466,Bagel with Cream Cheese,Bakery,1,3.95,3.95
8371,504466,Croissant,Bakery,1,3.24,3.24
8372,504467,Turkey Sandwich,Food,2,8.26,16.52
8373,504468,Fruit Cup,Snack,1,3.46,3.46
8374,504468,Granola Bar,Snack,1,2.72,2.72
8375,504469,Blueberry Muffin,Bakery,1,3.69,3.69
8376,504470,Cold Brew,Beverage,1,4.67,4.67
8377,504470,Avocado Toast,Food,2,7.35,14.7
8378,504471,Bagel with Cream Cheese,Bakery,2,3.92,7.84
8379,504471,Blueberry Muffin,Bakery,2,3.72,7.44
8380,504472,Cold Brew,Beverage,1,4.74,4.74
8381,504473,Iced Tea,Beverage,1,3.45,3.45
8382,504473,Cappuccino,Beverage,1,4.24,4.24
8383,504474,Veggie Wrap,Food,2,7.63,15.26
8384,504474,Chocolate Chip Cookie,Bakery,2,2.49,4.98
8385,504474,Cappuccino,Beverage,2,4.24,8.48
8386,504475,Avocado Toast,Food,1,7.44,7.44
8387,504476,Iced Tea,Beverage,1,3.47,3.47
8388,504476,Granola Bar,Snack,1,2.72,2.72
8389,504477,Bagel with Cream Cheese,Bakery,1,3.93,3.93
8390,504477,Iced Tea,Beverage,1,3.44,3.44
8391,504477,Avocado Toast,Food,1,7.46,7.46
8392,504477,Fruit Cup,Snack,1,3.47,3.47
8393,504478,Blueberry Muffin,Bakery,2,3.64,7.28
8394,504478,Iced Tea,Beverage,1,3.41,3.41
8395,504478,Cold Brew,Beverage,1,4.72,4.72
8396,504479,Turkey Sandwich,Food,1,8.27,8.27
8397,504479,Iced Tea,Beverage,1,3.43,3.43
8398,504480,Granola Bar,Snack,1,2.68,2.68
8399,504480,Veggie Wrap,Food,1,7.61,7.61
8400,504480,Turkey Sandwich,Food,1,8.28,8.28
8401,504480,Espresso,Beverage,1,3.0,3.0
8402,504481,Granola Bar,Snack,1,2.71,2.71
8403,504481,Cold Brew,Beverage,2,4.72,9.44
8404,504482,Iced Tea,Beverage,2,3.43,6.86
8405,504483,Granola Bar,Snack,1,2.68,2.68
8406,504483,Avocado Toast,Food,1,7.31,7.31
8407,504483,Espresso,Beverage,2,2.95,5.9
8408,504484,Cold Brew,Beverage,1,4.62,4.62
8409,504485,Chocolate Chip Cookie,Bakery,1,2.46,2.46
8410,504485,Iced Tea,Beverage,1,3.49,3.49
8411,504485,Espresso,Beverage,2,2.93,5.86
8412,504486,Espresso,Beverage,1,2.96,2.96
8413,504487,Granola Bar,Snack,1,2.74,2.74
8414,504487,Bagel with Cream Cheese,Bakery,1,3.98,3.98
8415,504487,Cappuccino,Beverage,1,4.21,4.21
8416,504488,Avocado Toast,Food,1,7.35,7.35
8417,504489,Avocado Toast,Food,1,7.49,7.49
8418,504490,Blueberry Muffin,Bakery,1,3.66,3.66
8419,504491,Espresso,Beverage,1,2.97,2.97
8420,504492,Cold Brew,Beverage,1,4.67,4.67
8421,504492,Latte,Beverage,1,4.39,4.39
8422,504493,Cappuccino,Beverage,1,4.21,4.21
8423,504494,Latte,Beverage,1,4.45,4.45
8424,504494,Fruit Cup,Snack,1,3.49,3.49
8425,504494,Croissant,Bakery,1,3.22,3.22
8426,504495,Cold Brew,Beverage,1,4.64,4.64
8427,504495,Iced Tea,Beverage,1,3.4,3.4
8428,504495,Cappuccino,Beverage,1,4.22,4.22
8429,504495,Chocolate Chip Cookie,Bakery,2,2.44,4.88
8430,504496,Latte,Beverage,1,4.37,4.37
8431,504496,Caesar Salad,Food,2,8.15,16.3
8432,504497,Croissant,Bakery,1,3.2,3.2
8433,504498,Iced Tea,Beverage,1,3.4,3.4
8434,504498,Veggie Wrap,Food,1,7.61,7.61
8435,504498,Espresso,Beverage,1,2.94,2.94
8436,504499,Cold Brew,Beverage,1,4.68,4.68
8437,504499,Latte,Beverage,1,4.44,4.44
8438,504499,Veggie Wrap,Food,1,7.53,7.53
8439,504500,Blueberry Muffin,Bakery,1,3.72,3.72
8440,504501,Veggie Wrap,Food,1,7.7,7.7
8441,504502,Avocado Toast,Food,1,7.43,7.43
8442,504503,Espresso,Beverage,1,2.95,2.95
8443,504503,Avocado Toast,Food,1,7.49,7.49
8444,504504,Caesar Salad,Food,1,8.05,8.05
8445,504505,Chocolate Chip Cookie,Bakery,1,2.43,2.43
8446,504505,Veggie Wrap,Food,1,7.53,7.53
8447,504505,Blueberry Muffin,Bakery,1,3.64,3.64
8448,504505,Turkey Sandwich,Food,2,8.47,16.94
8449,504506,Cappuccino,Beverage,1,4.15,4.15
8450,504507,Avocado Toast,Food,1,7.45,7.45
8451,504508,Blueberry Muffin,Bakery,1,3.73,3.73
8452,504509,Croissant,Bakery,1,3.18,3.18
8453,504509,Turkey Sandwich,Food,1,8.4,8.4
8454,504509,Fruit Cup,Snack,1,3.41,3.41
8455,504509,Granola Bar,Snack,1,2.67,2.67
8456,504510,Granola Bar,Snack,1,2.74,2.74
8457,504511,Cold Brew,Beverage,1,4.62,4.62
8458,504512,Croissant,Bakery,1,3.22,3.22
8459,504513,Iced Tea,Beverage,1,3.46,3.46
8460,504513,Espresso,Beverage,1,2.93,2.93
8461,504513,Granola Bar,Snack,1,2.69,2.69
8462,504514,Blueberry Muffin,Bakery,1,3.69,3.69
8463,504514,Granola Bar,Snack,1,2.74,2.74
8464,504515,Chocolate Chip Cookie,Bakery,1,2.49,2.49
8465,504516,Croissant,Bakery,1,3.19,3.19
8466,504516,Cold Brew,Beverage,1,4.74,4.74
8467,504517,Avocado Toast,Food,1,7.42,7.42
8468,504518,Cappuccino,Beverage,1,4.18,4.18
8469,504519,Latte,Beverage,1,4.39,4.39
8470,504519,Bagel with Cream Cheese,Bakery,1,3.92,3.92
8471,504519,Veggie Wrap,Food,1,7.66,7.66
8472,504519,Blueberry Muffin,Bakery,1,3.72,3.72
8473,504520,Caesar Salad,Food,1,8.25,8.25
8474,504520,Fruit Cup,Snack,2,3.46,6.92
8475,504520,Veggie Wrap,Food,1,7.61,7.61
8476,504520,Bagel with Cream Cheese,Bakery,1,3.94,3.94
8477,504521,Cold Brew,Beverage,1,4.73,4.73
8478,504521,Granola Bar,Snack,1,2.71,2.71
8479,504522,Fruit Cup,Snack,1,3.41,3.41
8480,504523,Granola Bar,Snack,1,2.74,2.74
8481,504524,Cold Brew,Beverage,1,4.62,4.62
8482,504524,Cappuccino,Beverage,2,4.2,8.4
8483,504524,Blueberry Muffin,Bakery,1,3.66,3.66
8484,504525,Caesar Salad,Food,1,8.06,8.06
8485,504525,Blueberry Muffin,Bakery,2,3.67,7.34
8486,504525,Fruit Cup,Snack,1,3.41,3.41
8487,504525,Espresso,Beverage,1,2.99,2.99
8488,504526,Turkey Sandwich,Food,1,8.39,8.39
8489,504526,Granola Bar,Snack,1,2.67,2.67
8490,504526,Iced Tea,Beverage,1,3.45,3.45
8491,504527,Cappuccino,Beverage,1,4.14,4.14
8492,504528,Croissant,Bakery,1,3.16,3.16
8493,504528,Caesar Salad,Food,1,8.08,8.08
8494,504528,Cold Brew,Beverage,1,4.65,4.65
8495,504529,Granola Bar,Snack,2,2.67,5.34
8496,504530,Chocolate Chip Cookie,Bakery,1,2.43,2.43
8497,504530,Espresso,Beverage,1,2.91,2.91
8498,504531,Cappuccino,Beverage,2,4.14,8.28
8499,504531,Espresso,Beverage,1,2.99,2.99
8500,504531,Latte,Beverage,2,4.48,8.96
8501,504532,Croissant,Bakery,1,3.21,3.21
8502,504533,Granola Bar,Snack,2,2.72,5.44
8503,504534,Bagel with Cream Cheese,Bakery,1,3.97,3.97
8504,504535,Espresso,Beverage,2,2.94,5.88
8505,504536,Bagel with Cream Cheese,Bakery,1,3.9,3.9
8506,504536,Croissant,Bakery,1,3.19,3.19
8507,504537,Cappuccino,Beverage,1,4.21,4.21
8508,504538,Turkey Sandwich,Food,1,8.46,8.46
8509,504538,Avocado Toast,Food,1,7.32,7.32
8510,504538,Chocolate Chip Cookie,Bakery,1,2.45,2.45
8511,504539,Croissant,Bakery,1,3.23,3.23
8512,504539,Veggie Wrap,Food,1,7.58,7.58
8513,504539,Granola Bar,Snack,1,2.68,2.68
8514,504540,Chocolate Chip Cookie,Bakery,2,2.46,4.92
8515,504541,Espresso,Beverage,1,2.95,2.95
8516,504541,Croissant,Bakery,1,3.18,3.18
8517,504542,Avocado Toast,Food,1,7.49,7.49
8518,504543,Granola Bar,Snack,2,2.69,5.38
8519,504543,Veggie Wrap,Food,1,7.73,7.73
8520,504543,Bagel with Cream Cheese,Bakery,2,3.99,7.98
8521,504544,Cappuccino,Beverage,1,4.19,4.19
8522,504544,Chocolate Chip Cookie,Bakery,2,2.49,4.98
8523,504544,Veggie Wrap,Food,2,7.56,15.12
8524,504545,Iced Tea,Beverage,1,3.42,3.42
8525,504545,Espresso,Beverage,1,3.0,3.0
8526,504546,Veggie Wrap,Food,1,7.74,7.74
8527,504546,Bagel with Cream Cheese,Bakery,1,3.95,3.95
8528,504547,Veggie Wrap,Food,1,7.61,7.61
8529,504547,Espresso,Beverage,1,2.99,2.99
8530,504548,Cold Brew,Beverage,1,4.71,4.71
8531,504548,Avocado Toast,Food,1,7.46,7.46
8532,504549,Croissant,Bakery,1,3.19,3.19
8533,504549,Turkey Sandwich,Food,2,8.36,16.72
8534,504550,Blueberry Muffin,Bakery,1,3.66,3.66
8535,504551,Latte,Beverage,2,4.44,8.88
8536,504552,Croissant,Bakery,2,3.21,6.42
8537,504552,Bagel with Cream Cheese,Bakery,1,3.92,3.92
8538,504553,Cold Brew,Beverage,1,4.71,4.71
8539,504553,Espresso,Beverage,1,2.96,2.96
8540,504554,Caesar Salad,Food,1,8.18,8.18
8541,504555,Turkey Sandwich,Food,2,8.49,16.98
8542,504556,Iced Tea,Beverage,2,3.48,6.96
8543,504556,Croissant,Bakery,2,3.22,6.44
8544,504556,Granola Bar,Snack,1,2.71,2.71
8545,504557,Iced Tea,Beverage,1,3.43,3.43
8546,504558,Turkey Sandwich,Food,1,8.37,8.37
8547,504558,Avocado Toast,Food,1,7.29,7.29
8548,504558,Veggie Wrap,Food,1,7.56,7.56
8549,504558,Granola Bar,Snack,1,2.73,2.73
8550,504559,Latte,Beverage,1,4.4,4.4
8551,504559,Chocolate Chip Cookie,Bakery,1,2.46,2.46
8552,504559,Caesar Salad,Food,1,8.19,8.19
8553,504559,Turkey Sandwich,Food,1,8.33,8.33
8554,504560,Bagel with Cream Cheese,Bakery,1,3.91,3.91
8555,504561,Granola Bar,Snack,1,2.7,2.7
8556,504562,Bagel with Cream Cheese,Bakery,1,3.99,3.99
8557,504562,Cappuccino,Beverage,1,4.18,4.18
8558,504562,Veggie Wrap,Food,1,7.6,7.6
8559,504563,Chocolate Chip Cookie,Bakery,1,2.47,2.47
8560,504564,Espresso,Beverage,1,2.93,2.93
8561,504564,Chocolate Chip Cookie,Bakery,1,2.49,2.49
8562,504565,Bagel with Cream Cheese,Bakery,1,3.9,3.9
8563,504565,Caesar Salad,Food,1,8.2,8.2
8564,504565,Croissant,Bakery,1,3.17,3.17
8565,504566,Latte,Beverage,1,4.42,4.42
8566,504567,Fruit Cup,Snack,1,3.44,3.44
8567,504568,Cappuccino,Beverage,1,4.15,4.15
8568,504568,Granola Bar,Snack,2,2.71,5.42
8569,504568,Veggie Wrap,Food,1,7.6,7.6
8570,504569,Bagel with Cream Cheese,Bakery,1,3.97,3.97
8571,504570,Turkey Sandwich,Food,1,8.38,8.38
8572,504570,Latte,Beverage,1,4.45,4.45
8573,504570,Iced Tea,Beverage,1,3.41,3.41
8574,504571,Blueberry Muffin,Bakery,1,3.64,3.64
8575,504572,Iced Tea,Beverage,1,3.48,3.48
8576,504572,Turkey Sandwich,Food,1,8.29,8.29
8577,504572,Cold Brew,Beverage,2,4.72,9.44
8578,504572,Avocado Toast,Food,1,7.49,7.49
8579,504573,Iced Tea,Beverage,2,3.49,6.98
8580,504574,Chocolate Chip Cookie,Bakery,1,2.46,2.46
8581,504575,Croissant,Bakery,1,3.22,3.22
8582,504576,Bagel with Cream Cheese,Bakery,1,3.98,3.98
8583,504576,Granola Bar,Snack,1,2.67,2.67
8584,504576,Veggie Wrap,Food,1,7.56,7.56
8585,504576,Espresso,Beverage,1,2.97,2.97
8586,504577,Iced Tea,Beverage,2,3.41,6.82
8587,504578,Iced Tea,Beverage,1,3.41,3.41
8588,504579,Cappuccino,Beverage,1,4.19,4.19
8589,504579,Iced Tea,Beverage,1,3.45,3.45
8590,504580,Fruit Cup,Snack,1,3.48,3.48
8591,504580,Espresso,Beverage,1,2.97,2.97
8592,504581,Cold Brew,Beverage,1,4.63,4.63
8593,504581,Croissant,Bakery,1,3.21,3.21
8594,504581,Caesar Salad,Food,1,8.24,8.24
8595,504582,Granola Bar,Snack,2,2.7,5.4
8596,504582,Chocolate Chip Cookie,Bakery,1,2.48,2.48
8597,504582,Croissant,Bakery,1,3.21,3.21
8598,504583,Espresso,Beverage,1,2.96,2.96
8599,504583,Latte,Beverage,1,4.44,4.44
8600,504583,Cold Brew,Beverage,1,4.72,4.72
8601,504583,Bagel with Cream Cheese,Bakery,2,3.98,7.96
8602,504584,Fruit Cup,Snack,2,3.44,6.88
8603,504585,Croissant,Bakery,1,3.16,3.16
8604,504585,Latte,Beverage,1,4.39,4.39
8605,504585,Caesar Salad,Food,1,8.19,8.19
8606,504585,Iced Tea,Beverage,1,3.43,3.43
8607,504586,Cold Brew,Beverage,2,4.75,9.5
8608,504586,Chocolate Chip Cookie,Bakery,1,2.43,2.43
8609,504587,Caesar Salad,Food,1,8.17,8.17
8610,504587,Iced Tea,Beverage,1,3.4,3.4
8611,504588,Blueberry Muffin,Bakery,1,3.69,3.69
8612,504589,Avocado Toast,Food,1,7.38,7.38
8613,504589,Iced Tea,Beverage,1,3.48,3.48
8614,504589,Granola Bar,Snack,2,2.67,5.34
8615,504590,Cappuccino,Beverage,1,4.15,4.15
8616,504590,Avocado Toast,Food,1,7.31,7.31
8617,504590,Turkey Sandwich,Food,1,8.44,8.44
8618,504591,Latte,Beverage,1,4.43,4.43
8619,504591,Avocado Toast,Food,1,7.48,7.48
8620,504592,Croissant,Bakery,2,3.22,6.44
8621,504593,Caesar Salad,Food,1,8.16,8.16
8622,504593,Cappuccino,Beverage,1,4.17,4.17
8623,504594,Blueberry Muffin,Bakery,1,3.66,3.66
8624,504594,Cappuccino,Beverage,1,4.23,4.23
8625,504594,Turkey Sandwich,Food,1,8.42,8.42
8626,504594,Avocado Toast,Food,2,7.38,14.76
8627,504595,Croissant,Bakery,1,3.22,3.22
8628,504596,Granola Bar,Snack,2,2.67,5.34
8629,504597,Veggie Wrap,Food,1,7.58,7.58
8630,504598,Veggie Wrap,Food,1,7.61,7.61
8631,504599,Cappuccino,Beverage,2,4.2,8.4
8632,504600,Espresso,Beverage,1,3.0,3.0
8633,504601,Cold Brew,Beverage,1,4.72,4.72
8634,504601,Avocado Toast,Food,1,7.45,7.45
8635,504601,Iced Tea,Beverage,1,3.41,3.41
8636,504601,Bagel with Cream Cheese,Bakery,1,3.98,3.98
8637,504602,Caesar Salad,Food,1,8.08,8.08
8638,504603,Latte,Beverage,2,4.49,8.98
8639,504603,Granola Bar,Snack,1,2.7,2.7
8640,504604,Fruit Cup,Snack,1,3.48,3.48
8641,504605,Cappuccino,Beverage,1,4.17,4.17
8642,504605,Croissant,Bakery,1,3.24,3.24
8643,504606,Granola Bar,Snack,1,2.68,2.68
8644,504607,Cappuccino,Beverage,2,4.14,8.28
8645,504607,Granola Bar,Snack,1,2.7,2.7
8646,504608,Cold Brew,Beverage,1,4.73,4.73
8647,504608,Bagel with Cream Cheese,Bakery,1,3.93,3.93
8648,504609,Blueberry Muffin,Bakery,1,3.66,3.66
8649,504609,Croissant,Bakery,1,3.2,3.2
8650,504610,Veggie Wrap,Food,1,7.55,7.55
8651,504611,Turkey Sandwich,Food,1,8.32,8.32
8652,504612,Croissant,Bakery,1,3.15,3.15
8653,504612,Iced Tea,Beverage,1,3.47,3.47
8654,504613,Espresso,Beverage,2,2.91,5.82
8655,504613,Cappuccino,Beverage,1,4.2,4.2
8656,504614,Iced Tea,Beverage,1,3.43,3.43
8657,504614,Avocado Toast,Food,1,7.31,7.31
8658,504615,Veggie Wrap,Food,1,7.73,7.73
8659,504616,Latte,Beverage,1,4.46,4.46
8660,504617,Avocado Toast,Food,2,7.45,14.9
8661,504618,Blueberry Muffin,Bakery,2,3.65,7.3
8662,504619,Chocolate Chip Cookie,Bakery,2,2.5,5.0
8663,504619,Blueberry Muffin,Bakery,1,3.72,3.72
8664,504620,Fruit Cup,Snack,1,3.48,3.48
8665,504620,Iced Tea,Beverage,2,3.48,6.96
8666,504620,Croissant,Bakery,1,3.24,3.24
8667,504621,Chocolate Chip Cookie,Bakery,1,2.45,2.45
8668,504622,Espresso,Beverage,1,2.92,2.92
8669,504623,Cold Brew,Beverage,2,4.75,9.5
8670,504624,Espresso,Beverage,1,2.98,2.98
8671,504625,Cold Brew,Beverage,1,4.73,4.73
8672,504625,Iced Tea,Beverage,2,3.48,6.96
8673,504625,Granola Bar,Snack,1,2.71,2.71
8674,504626,Veggie Wrap,Food,1,7.52,7.52
8675,504627,Blueberry Muffin,Bakery,1,3.71,3.71
8676,504627,Espresso,Beverage,1,2.98,2.98
8677,504627,Bagel with Cream Cheese,Bakery,1,3.91,3.91
8678,504628,Cappuccino,Beverage,2,4.24,8.48
8679,504628,Croissant,Bakery,1,3.18,3.18
8680,504629,Cappuccino,Beverage,1,4.17,4.17
8681,504629,Turkey Sandwich,Food,1,8.48,8.48
8682,504629,Cold Brew,Beverage,1,4.7,4.7
8683,504630,Cappuccino,Beverage,1,4.13,4.13
8684,504630,Fruit Cup,Snack,1,3.49,3.49
8685,504631,Fruit Cup,Snack,1,3.47,3.47
8686,504632,Avocado Toast,Food,1,7.32,7.32
8687,504633,Espresso,Beverage,1,2.93,2.93
8688,504633,Iced Tea,Beverage,1,3.5,3.5
8689,504634,Espresso,Beverage,1,2.95,2.95
8690,504634,Latte,Beverage,1,4.45,4.45
8691,504634,Chocolate Chip Cookie,Bakery,1,2.5,2.5
8692,504635,Turkey Sandwich,Food,1,8.41,8.41
8693,504636,Caesar Salad,Food,1,8.0,8.0
8694,504636,Chocolate Chip Cookie,Bakery,1,2.49,2.49
8695,504637,Croissant,Bakery,1,3.18,3.18
8696,504638,Croissant,Bakery,1,3.18,3.18
8697,504639,Cappuccino,Beverage,1,4.15,4.15
8698,504639,Croissant,Bakery,2,3.24,6.48
8699,504640,Blueberry Muffin,Bakery,1,3.65,3.65
8700,504641,Cold Brew,Beverage,1,4.72,4.72
8701,504642,Croissant,Bakery,1,3.17,3.17
8702,504642,Bagel with Cream Cheese,Bakery,1,3.9,3.9
8703,504642,Fruit Cup,Snack,1,3.49,3.49
8704,504643,Veggie Wrap,Food,1,7.66,7.66
8705,504644,Cappuccino,Beverage,1,4.25,4.25
8706,504644,Iced Tea,Beverage,1,3.43,3.43
8707,504644,Turkey Sandwich,Food,1,8.29,8.29
8708,504645,Veggie Wrap,Food,1,7.72,7.72
8709,504646,Croissant,Bakery,1,3.21,3.21
8710,504647,Caesar Salad,Food,1,8.14,8.14
8711,504648,Veggie Wrap,Food,2,7.59,15.18
8712,504648,Cold Brew,Beverage,2,4.75,9.5
8713,504648,Blueberry Muffin,Bakery,1,3.69,3.69
8714,504649,Croissant,Bakery,2,3.24,6.48
8715,504650,Chocolate Chip Cookie,Bakery,1,2.45,2.45
8716,504651,Latte,Beverage,1,4.39,4.39
8717,504651,Caesar Salad,Food,1,8.02,8.02
8718,504651,Turkey Sandwich,Food,1,8.47,8.47
8719,504651,Granola Bar,Snack,1,2.7,2.7
8720,504652,Croissant,Bakery,1,3.18,3.18
8721,504652,Avocado Toast,Food,1,7.42,7.42
8722,504652,Iced Tea,Beverage,1,3.43,3.43
8723,504652,Chocolate Chip Cookie,Bakery,1,2.48,2.48
8724,504653,Bagel with Cream Cheese,Bakery,1,3.97,3.97
8725,504654,Bagel with Cream Cheese,Bakery,1,3.98,3.98
8726,504654,Caesar Salad,Food,1,8.12,8.12
8727,504655,Fruit Cup,Snack,1,3.49,3.49
8728,504655,Cappuccino,Beverage,2,4.23,8.46
8729,504656,Cappuccino,Beverage,1,4.24,4.24
8730,504657,Latte,Beverage,2,4.43,8.86
8731,504657,Croissant,Bakery,1,3.19,3.19
8732,504657,Fruit Cup,Snack,1,3.5,3.5
8733,504658,Croissant,Bakery,2,3.19,6.38
8734,504658,Fruit Cup,Snack,1,3.46,3.46
8735,504659,Veggie Wrap,Food,1,7.63,7.63
8736,504659,Chocolate Chip Cookie,Bakery,1,2.46,2.46
8737,504660,Blueberry Muffin,Bakery,1,3.74,3.74
8738,504661,Iced Tea,Beverage,1,3.49,3.49
8739,504661,Cold Brew,Beverage,1,4.68,4.68
8740,504662,Blueberry Muffin,Bakery,1,3.69,3.69
8741,504663,Granola Bar,Snack,1,2.69,2.69
8742,504663,Blueberry Muffin,Bakery,1,3.75,3.75
8743,504663,Avocado Toast,Food,1,7.36,7.36
8744,504664,Blueberry Muffin,Bakery,2,3.75,7.5
8745,504665,Latte,Beverage,1,4.46,4.46
8746,504665,Granola Bar,Snack,1,2.67,2.67
8747,504666,Espresso,Beverage,1,2.99,2.99
8748,504666,Fruit Cup,Snack,1,3.44,3.44
8749,504667,Chocolate Chip Cookie,Bakery,1,2.43,2.43
8750,504667,Blueberry Muffin,Bakery,2,3.74,7.48
8751,504668,Avocado Toast,Food,2,7.28,14.56
8752,504669,Blueberry Muffin,Bakery,1,3.72,3.72
8753,504669,Chocolate Chip Cookie,Bakery,1,2.47,2.47
8754,504669,Caesar Salad,Food,1,8.23,8.23
8755,504670,Blueberry Muffin,Bakery,1,3.66,3.66
8756,504670,Bagel with Cream Cheese,Bakery,2,3.89,7.78
8757,504671,Caesar Salad,Food,1,8.23,8.23
8758,504671,Cappuccino,Beverage,1,4.23,4.23
8759,504672,Espresso,Beverage,1,2.97,2.97
8760,504672,Granola Bar,Snack,1,2.72,2.72
8761,504673,Veggie Wrap,Food,1,7.63,7.63
8762,504673,Croissant,Bakery,2,3.19,6.38
8763,504674,Croissant,Bakery,1,3.24,3.24
8764,504675,Bagel with Cream Cheese,Bakery,1,3.97,3.97
8765,504675,Avocado Toast,Food,1,7.34,7.34
8766,504675,Turkey Sandwich,Food,2,8.45,16.9
8767,504676,Blueberry Muffin,Bakery,2,3.75,7.5
8768,504676,Bagel with Cream Cheese,Bakery,1,3.99,3.99
8769,504677,Blueberry Muffin,Bakery,1,3.69,3.69
8770,504677,Iced Tea,Beverage,1,3.42,3.42
8771,504678,Granola Bar,Snack,1,2.74,2.74
8772,504679,Iced Tea,Beverage,1,3.44,3.44
8773,504680,Blueberry Muffin,Bakery,1,3.67,3.67
8774,504680,Avocado Toast,Food,2,7.44,14.88
8775,504680,Fruit Cup,Snack,1,3.47,3.47
8776,504681,Blueberry Muffin,Bakery,1,3.69,3.69
8777,504682,Iced Tea,Beverage,1,3.41,3.41
8778,504683,Turkey Sandwich,Food,1,8.29,8.29
8779,504683,Iced Tea,Beverage,1,3.46,3.46
8780,504684,Veggie Wrap,Food,1,7.6,7.6
8781,504685,Espresso,Beverage,1,2.93,2.93
8782,504686,Blueberry Muffin,Bakery,1,3.71,3.71
8783,504687,Veggie Wrap,Food,1,7.73,7.73
8784,504687,Blueberry Muffin,Bakery,1,3.65,3.65
8785,504688,Iced Tea,Beverage,1,3.42,3.42
8786,504688,Latte,Beverage,1,4.49,4.49
8787,504689,Veggie Wrap,Food,1,7.74,7.74
8788,504690,Cold Brew,Beverage,2,4.73,9.46
8789,504690,Iced Tea,Beverage,1,3.4,3.4
8790,504691,Fruit Cup,Snack,1,3.42,3.42
8791,504692,Veggie Wrap,Food,2,7.72,15.44
8792,504692,Bagel with Cream Cheese,Bakery,1,3.89,3.89
8793,504693,Fruit Cup,Snack,1,3.45,3.45
8794,504693,Avocado Toast,Food,1,7.46,7.46
8795,504694,Cold Brew,Beverage,2,4.62,9.24
8796,504694,Fruit Cup,Snack,1,3.44,3.44
8797,504695,Blueberry Muffin,Bakery,2,3.65,7.3
8798,504695,Fruit Cup,Snack,1,3.47,3.47
8799,504695,Avocado Toast,Food,1,7.33,7.33
8800,504696,Bagel with Cream Cheese,Bakery,1,3.98,3.98
8801,504697,Iced Tea,Beverage,1,3.45,3.45
8802,504698,Cappuccino,Beverage,1,4.17,4.17
8803,504698,Granola Bar,Snack,2,2.72,5.44
8804,504698,Latte,Beverage,1,4.39,4.39
8805,504699,Croissant,Bakery,1,3.16,3.16
8806,504699,Blueberry Muffin,Bakery,1,3.69,3.69
8807,504699,Granola Bar,Snack,2,2.7,5.4
8808,504699,Latte,Beverage,1,4.48,4.48
8809,504700,Iced Tea,Beverage,1,3.41,3.41
8810,504701,Espresso,Beverage,1,2.92,2.92
8811,504701,Chocolate Chip Cookie,Bakery,1,2.46,2.46
8812,504701,Granola Bar,Snack,1,2.67,2.67
8813,504702,Iced Tea,Beverage,1,3.4,3.4
8814,504703,Granola Bar,Snack,1,2.71,2.71
8815,504703,Cold Brew,Beverage,1,4.69,4.69
8816,504703,Latte,Beverage,2,4.44,8.88
8817,504704,Avocado Toast,Food,1,7.3,7.3
8818,504704,Caesar Salad,Food,1,8.11,8.11
8819,504705,Chocolate Chip Cookie,Bakery,1,2.45,2.45
8820,504706,Chocolate Chip Cookie,Bakery,1,2.45,2.45
8821,504707,Chocolate Chip Cookie,Bakery,1,2.5,2.5
8822,504708,Fruit Cup,Snack,1,3.47,3.47
8823,504708,Bagel with Cream Cheese,Bakery,2,3.97,7.94
8824,504709,Cappuccino,Beverage,1,4.2,4.2
8825,504709,Blueberry Muffin,Bakery,2,3.72,7.44
8826,504710,Espresso,Beverage,1,2.98,2.98
8827,504710,Latte,Beverage,1,4.37,4.37
8828,504710,Veggie Wrap,Food,1,7.59,7.59
8829,504711,Cold Brew,Beverage,1,4.64,4.64
8830,504711,Blueberry Muffin,Bakery,1,3.68,3.68
8831,504712,Cappuccino,Beverage,1,4.15,4.15
8832,504713,Cappuccino,Beverage,1,4.14,4.14
8833,504713,Veggie Wrap,Food,1,7.63,7.63
8834,504713,Croissant,Bakery,1,3.16,3.16
8835,504713,Granola Bar,Snack,1,2.72,2.72
8836,504714,Fruit Cup,Snack,1,3.44,3.44
8837,504714,Granola Bar,Snack,1,2.69,2.69
8838,504715,Veggie Wrap,Food,1,7.58,7.58
8839,504715,Latte,Beverage,1,4.44,4.44
8840,504715,Croissant,Bakery,1,3.19,3.19
8841,504716,Croissant,Bakery,1,3.22,3.22
8842,504716,Veggie Wrap,Food,2,7.7,15.4
8843,504717,Bagel with Cream Cheese,Bakery,1,3.95,3.95
8844,504717,Caesar Salad,Food,1,8.18,8.18
8845,504718,Espresso,Beverage,1,2.98,2.98
8846,504719,Cappuccino,Beverage,1,4.17,4.17
8847,504719,Bagel with Cream Cheese,Bakery,1,3.96,3.96
8848,504719,Iced Tea,Beverage,1,3.41,3.41
8849,504720,Cold Brew,Beverage,1,4.72,4.72
8850,504720,Croissant,Bakery,2,3.2,6.4
8851,504721,Iced Tea,Beverage,1,3.46,3.46
8852,504722,Avocado Toast,Food,1,7.32,7.32
8853,504723,Iced Tea,Beverage,1,3.43,3.43
8854,504723,Croissant,Bakery,1,3.22,3.22
8855,504724,Cappuccino,Beverage,1,4.13,4.13
8856,504724,Cold Brew,Beverage,1,4.64,4.64
8857,504725,Fruit Cup,Snack,1,3.44,3.44
8858,504725,Cappuccino,Beverage,1,4.22,4.22
8859,504726,Avocado Toast,Food,2,7.46,14.92
8860,504726,Latte,Beverage,1,4.48,4.48
8861,504726,Cold Brew,Beverage,1,4.73,4.73
8862,504726,Granola Bar,Snack,1,2.71,2.71
8863,504727,Fruit Cup,Snack,1,3.49,3.49
8864,504728,Blueberry Muffin,Bakery,1,3.74,3.74
8865,504728,Turkey Sandwich,Food,1,8.35,8.35
8866,504728,Veggie Wrap,Food,1,7.74,7.74
8867,504729,Avocado Toast,Food,1,7.41,7.41
8868,504729,Latte,Beverage,1,4.41,4.41
8869,504730,Croissant,Bakery,1,3.21,3.21
8870,504730,Blueberry Muffin,Bakery,1,3.73,3.73
8871,504730,Iced Tea,Beverage,1,3.44,3.44
8872,504730,Cappuccino,Beverage,1,4.14,4.14
8873,504731,Veggie Wrap,Food,1,7.69,7.69
8874,504731,Latte,Beverage,1,4.37,4.37
8875,504732,Bagel with Cream Cheese,Bakery,2,3.99,7.98
8876,504732,Turkey Sandwich,Food,2,8.39,16.78
8877,504733,Turkey Sandwich,Food,2,8.26,16.52
8878,504733,Granola Bar,Snack,1,2.74,2.74
8879,504734,Cappuccino,Beverage,1,4.15,4.15
8880,504734,Turkey Sandwich,Food,2,8.42,16.84
8881,504735,Blueberry Muffin,Bakery,2,3.73,7.46
8882,504736,Avocado Toast,Food,1,7.37,7.37
8883,504737,Chocolate Chip Cookie,Bakery,1,2.47,2.47
8884,504737,Latte,Beverage,1,4.45,4.45
8885,504737,Cappuccino,Beverage,2,4.21,8.42
8886,504738,Croissant,Bakery,2,3.25,6.5
8887,504738,Blueberry Muffin,Bakery,1,3.73,3.73
8888,504739,Bagel with Cream Cheese,Bakery,2,3.97,7.94
8889,504740,Cappuccino,Beverage,1,4.12,4.12
8890,504741,Cold Brew,Beverage,1,4.65,4.65
8891,504742,Avocado Toast,Food,1,7.43,7.43
8892,504742,Veggie Wrap,Food,1,7.52,7.52
8893,504743,Bagel with Cream Cheese,Bakery,1,3.92,3.92
8894,504744,Croissant,Bakery,1,3.23,3.23
8895,504744,Latte,Beverage,1,4.45,4.45
8896,504745,Iced Tea,Beverage,1,3.48,3.48
8897,504746,Latte,Beverage,1,4.42,4.42
8898,504746,Cold Brew,Beverage,1,4.72,4.72
8899,504747,Granola Bar,Snack,1,2.69,2.69
8900,504747,Fruit Cup,Snack,1,3.4,3.4
8901,504747,Bagel with Cream Cheese,Bakery,2,3.92,7.84
8902,504748,Blueberry Muffin,Bakery,1,3.74,3.74
8903,504749,Avocado Toast,Food,1,7.34,7.34
8904,504749,Caesar Salad,Food,1,8.01,8.01
8905,504750,Blueberry Muffin,Bakery,2,3.65,7.3
8906,504751,Granola Bar,Snack,1,2.7,2.7
8907,504751,Blueberry Muffin,Bakery,1,3.7,3.7
8908,504751,Espresso,Beverage,1,2.91,2.91
8909,504752,Blueberry Muffin,Bakery,1,3.72,3.72
8910,504752,Iced Tea,Beverage,1,3.49,3.49
8911,504752,Veggie Wrap,Food,2,7.6,15.2
8912,504752,Granola Bar,Snack,1,2.71,2.71
8913,504753,Blueberry Muffin,Bakery,2,3.65,7.3
8914,504753,Veggie Wrap,Food,1,7.62,7.62
8915,504753,Turkey Sandwich,Food,1,8.33,8.33
8916,504754,Croissant,Bakery,1,3.15,3.15
8917,504754,Espresso,Beverage,1,2.91,2.91
8918,504755,Veggie Wrap,Food,1,7.63,7.63
8919,504755,Turkey Sandwich,Food,1,8.49,8.49
8920,504755,Bagel with Cream Cheese,Bakery,1,3.93,3.93
8921,504756,Avocado Toast,Food,1,7.44,7.44
8922,504756,Blueberry Muffin,Bakery,1,3.71,3.71
8923,504756,Espresso,Beverage,1,2.95,2.95
8924,504757,Latte,Beverage,1,4.48,4.48
8925,504758,Espresso,Beverage,1,2.93,2.93
8926,504758,Cold Brew,Beverage,1,4.74,4.74
8927,504758,Croissant,Bakery,1,3.21,3.21
8928,504759,Espresso,Beverage,1,2.99,2.99
8929,504760,Caesar Salad,Food,1,8.25,8.25
8930,504760,Cold Brew,Beverage,1,4.65,4.65
8931,504760,Fruit Cup,Snack,1,3.41,3.41
8932,504760,Granola Bar,Snack,1,2.68,2.68
8933,504761,Veggie Wrap,Food,1,7.54,7.54
8934,504761,Cold Brew,Beverage,1,4.71,4.71
8935,504762,Caesar Salad,Food,1,8.25,8.25
8936,504762,Blueberry Muffin,Bakery,1,3.67,3.67
8937,504762,Iced Tea,Beverage,1,3.46,3.46
8938,504763,Iced Tea,Beverage,1,3.49,3.49
8939,504763,Blueberry Muffin,Bakery,2,3.66,7.32
8940,504764,Latte,Beverage,1,4.46,4.46
8941,504765,Latte,Beverage,1,4.45,4.45
8942,504765,Croissant,Bakery,1,3.25,3.25
8943,504765,Cold Brew,Beverage,2,4.66,9.32
8944,504766,Cold Brew,Beverage,2,4.72,9.44
8945,504766,Chocolate Chip Cookie,Bakery,1,2.43,2.43
8946,504766,Blueberry Muffin,Bakery,1,3.73,3.73
8947,504766,Veggie Wrap,Food,1,7.64,7.64
8948,504767,Blueberry Muffin,Bakery,1,3.7,3.7
8949,504768,Turkey Sandwich,Food,1,8.43,8.43
8950,504768,Avocado Toast,Food,1,7.49,7.49
8951,504769,Cappuccino,Beverage,1,4.22,4.22
8952,504769,Chocolate Chip Cookie,Bakery,1,2.49,2.49
8953,504770,Granola Bar,Snack,1,2.74,2.74
8954,504770,Cappuccino,Beverage,1,4.19,4.19
8955,504770,Latte,Beverage,1,4.37,4.37
8956,504770,Iced Tea,Beverage,2,3.49,6.98
8957,504771,Granola Bar,Snack,1,2.71,2.71
8958,504771,Cappuccino,Beverage,2,4.22,8.44
8959,504771,Avocado Toast,Food,1,7.41,7.41
8960,504772,Croissant,Bakery,1,3.18,3.18
8961,504773,Veggie Wrap,Food,1,7.64,7.64
8962,504774,Croissant,Bakery,1,3.21,3.21
8963,504775,Bagel with Cream Cheese,Bakery,1,3.97,3.97
8964,504776,Fruit Cup,Snack,1,3.49,3.49
8965,504777,Chocolate Chip Cookie,Bakery,1,2.47,2.47
8966,504777,Cold Brew,Beverage,2,4.68,9.36
8967,504777,Granola Bar,Snack,1,2.7,2.7
8968,504778,Caesar Salad,Food,1,8.1,8.1
8969,504779,Bagel with Cream Cheese,Bakery,1,3.98,3.98
8970,504779,Granola Bar,Snack,1,2.69,2.69
8971,504779,Cold Brew,Beverage,1,4.7,4.7
8972,504779,Cappuccino,Beverage,1,4.2,4.2
8973,504780,Iced Tea,Beverage,1,3.43,3.43
8974,504781,Cold Brew,Beverage,1,4.74,4.74
8975,504781,Espresso,Beverage,1,2.99,2.99
8976,504782,Granola Bar,Snack,1,2.7,2.7
8977,504783,Cappuccino,Beverage,1,4.15,4.15
8978,504784,Bagel with Cream Cheese,Bakery,1,3.95,3.95
8979,504785,Avocado Toast,Food,1,7.36,7.36
8980,504786,Cold Brew,Beverage,1,4.69,4.69
8981,504786,Veggie Wrap,Food,2,7.57,15.14
8982,504787,Turkey Sandwich,Food,1,8.34,8.34
8983,504787,Croissant,Bakery,2,3.22,6.44
8984,504788,Espresso,Beverage,1,2.97,2.97
8985,504788,Granola Bar,Snack,1,2.71,2.71
8986,504789,Caesar Salad,Food,1,8.22,8.22
8987,504789,Espresso,Beverage,1,2.91,2.91
8988,504789,Granola Bar,Snack,1,2.74,2.74
8989,504789,Iced Tea,Beverage,2,3.43,6.86
8990,504790,Espresso,Beverage,1,2.99,2.99
8991,504790,Veggie Wrap,Food,2,7.71,15.42
8992,504791,Bagel with Cream Cheese,Bakery,1,3.93,3.93
8993,504792,Iced Tea,Beverage,1,3.5,3.5
8994,504793,Caesar Salad,Food,1,8.07,8.07
8995,504793,Espresso,Beverage,1,2.99,2.99
8996,504793,Cold Brew,Beverage,1,4.74,4.74
8997,504793,Avocado Toast,Food,1,7.48,7.48
8998,504794,Blueberry Muffin,Bakery,1,3.71,3.71
8999,504794,Bagel with Cream Cheese,Bakery,1,3.89,3.89
9000,504795,Espresso,Beverage,1,2.98,2.98
9001,504796,Veggie Wrap,Food,1,7.62,7.62
9002,504796,Iced Tea,Beverage,1,3.45,3.45
9003,504797,Cold Brew,Beverage,2,4.71,9.42
9004,504797,Latte,Beverage,1,4.49,4.49
9005,504798,Cold Brew,Beverage,1,4.62,4.62
9006,504798,Latte,Beverage,1,4.46,4.46
9007,504798,Iced Tea,Beverage,1,3.45,3.45
9008,504799,Croissant,Bakery,1,3.17,3.17
9009,504800,Croissant,Bakery,1,3.16,3.16
9010,504801,Cappuccino,Beverage,1,4.2,4.2
9011,504802,Fruit Cup,Snack,1,3.49,3.49
9012,504803,Cappuccino,Beverage,1,4.23,4.23
9013,504803,Avocado Toast,Food,1,7.34,7.34
9014,504804,Cold Brew,Beverage,1,4.66,4.66
9015,504804,Caesar Salad,Food,1,8.01,8.01
9016,504805,Chocolate Chip Cookie,Bakery,1,2.47,2.47
9017,504805,Croissant,Bakery,1,3.16,3.16
9018,504806,Chocolate Chip Cookie,Bakery,2,2.5,5.0
9019,504807,Granola Bar,Snack,2,2.69,5.38
9020,504807,Cappuccino,Beverage,1,4.22,4.22
9021,504807,Croissant,Bakery,1,3.2,3.2
9022,504807,Cold Brew,Beverage,1,4.63,4.63
9023,504808,Veggie Wrap,Food,1,7.62,7.62
9024,504808,Cold Brew,Beverage,1,4.64,4.64
9025,504809,Espresso,Beverage,1,2.93,2.93
9026,504809,Fruit Cup,Snack,1,3.41,3.41
9027,504810,Croissant,Bakery,2,3.22,6.44
9028,504811,Chocolate Chip Cookie,Bakery,2,2.48,4.96
9029,504811,Fruit Cup,Snack,2,3.5,7.0
9030,504812,Cappuccino,Beverage,1,4.15,4.15
9031,504813,Cold Brew,Beverage,1,4.65,4.65
9032,504814,Blueberry Muffin,Bakery,1,3.65,3.65
9033,504814,Veggie Wrap,Food,1,7.67,7.67
9034,504814,Fruit Cup,Snack,2,3.4,6.8
9035,504815,Cappuccino,Beverage,1,4.14,4.14
9036,504815,Espresso,Beverage,1,2.97,2.97
9037,504815,Blueberry Muffin,Bakery,2,3.73,7.46
9038,504815,Turkey Sandwich,Food,1,8.34,8.34
9039,504816,Turkey Sandwich,Food,2,8.26,16.52
9040,504816,Avocado Toast,Food,2,7.33,14.66
9041,504817,Bagel with Cream Cheese,Bakery,1,3.94,3.94
9042,504818,Cappuccino,Beverage,2,4.14,8.28
9043,504819,Turkey Sandwich,Food,1,8.28,8.28
9044,504820,Cold Brew,Beverage,1,4.73,4.73
9045,504821,Fruit Cup,Snack,1,3.42,3.42
9046,504821,Bagel with Cream Cheese,Bakery,2,3.97,7.94
9047,504821,Chocolate Chip Cookie,Bakery,1,2.47,2.47
9048,504821,Turkey Sandwich,Food,1,8.4,8.4
9049,504822,Cappuccino,Beverage,2,4.2,8.4
9050,504822,Caesar Salad,Food,1,8.03,8.03
9051,504823,Turkey Sandwich,Food,1,8.37,8.37
9052,504824,Fruit Cup,Snack,1,3.47,3.47
9053,504824,Cappuccino,Beverage,1,4.12,4.12
9054,504824,Blueberry Muffin,Bakery,2,3.64,7.28
9055,504824,Caesar Salad,Food,1,8.24,8.24
9056,504825,Avocado Toast,Food,1,7.47,7.47
9057,504825,Cold Brew,Beverage,1,4.65,4.65
9058,504826,Fruit Cup,Snack,1,3.42,3.42
9059,504826,Turkey Sandwich,Food,1,8.45,8.45
9060,504826,Croissant,Bakery,1,3.22,3.22
9061,504826,Avocado Toast,Food,1,7.33,7.33
9062,504827,Cold Brew,Beverage,1,4.63,4.63
9063,504827,Avocado Toast,Food,1,7.44,7.44
9064,504828,Granola Bar,Snack,1,2.75,2.75
9065,504828,Cold Brew,Beverage,1,4.72,4.72
9066,504829,Iced Tea,Beverage,1,3.47,3.47
9067,504830,Chocolate Chip Cookie,Bakery,1,2.47,2.47
9068,504830,Fruit Cup,Snack,1,3.49,3.49
9069,504831,Iced Tea,Beverage,1,3.5,3.5
9070,504832,Blueberry Muffin,Bakery,1,3.68,3.68
9071,504833,Iced Tea,Beverage,2,3.45,6.9
9072,504833,Latte,Beverage,1,4.39,4.39
9073,504834,Chocolate Chip Cookie,Bakery,1,2.5,2.5
9074,504834,Caesar Salad,Food,1,8.18,8.18
9075,504834,Espresso,Beverage,2,2.93,5.86
9076,504834,Latte,Beverage,1,4.4,4.4
9077,504835,Cappuccino,Beverage,1,4.22,4.22
9078,504836,Cold Brew,Beverage,1,4.61,4.61
9079,504836,Latte,Beverage,1,4.4,4.4
9080,504836,Turkey Sandwich,Food,1,8.36,8.36
9081,504836,Chocolate Chip Cookie,Bakery,1,2.46,2.46
9082,504837,Cold Brew,Beverage,1,4.68,4.68
9083,504837,Turkey Sandwich,Food,2,8.33,16.66
9084,504837,Caesar Salad,Food,2,8.04,16.08
9085,504838,Croissant,Bakery,1,3.19,3.19
9086,504838,Avocado Toast,Food,1,7.34,7.34
9087,504838,Espresso,Beverage,1,2.94,2.94
9088,504839,Iced Tea,Beverage,1,3.42,3.42
9089,504840,Cappuccino,Beverage,1,4.13,4.13
9090,504840,Iced Tea,Beverage,1,3.46,3.46
9091,504841,Cappuccino,Beverage,1,4.19,4.19
9092,504841,Espresso,Beverage,1,2.91,2.91
9093,504842,Espresso,Beverage,1,2.94,2.94
9094,504842,Cappuccino,Beverage,2,4.15,8.3
9095,504843,Espresso,Beverage,1,2.99,2.99
9096,504844,Granola Bar,Snack,1,2.74,2.74
9097,504845,Iced Tea,Beverage,1,3.43,3.43
9098,504846,Iced Tea,Beverage,1,3.44,3.44
9099,504847,Avocado Toast,Food,1,7.3,7.3
9100,504848,Veggie Wrap,Food,1,7.7,7.7
9101,504848,Fruit Cup,Snack,1,3.45,3.45
9102,504849,Veggie Wrap,Food,2,7.54,15.08
9103,504849,Chocolate Chip Cookie,Bakery,1,2.5,2.5
9104,504849,Blueberry Muffin,Bakery,1,3.69,3.69
9105,504850,Latte,Beverage,1,4.44,4.44
9106,504851,Fruit Cup,Snack,2,3.49,6.98
9107,504852,Espresso,Beverage,1,2.93,2.93
9108,504852,Chocolate Chip Cookie,Bakery,1,2.5,2.5
9109,504852,Cold Brew,Beverage,1,4.73,4.73
9110,504853,Cold Brew,Beverage,1,4.62,4.62
9111,504853,Latte,Beverage,1,4.41,4.41
9112,504854,Iced Tea,Beverage,1,3.45,3.45
9113,504854,Bagel with Cream Cheese,Bakery,2,3.98,7.96
9114,504855,Granola Bar,Snack,2,2.71,5.42
9115,504855,Croissant,Bakery,1,3.18,3.18
9116,504855,Espresso,Beverage,1,2.97,2.97
9117,504856,Cold Brew,Beverage,1,4.68,4.68
9118,504856,Croissant,Bakery,1,3.17,3.17
9119,504857,Turkey Sandwich,Food,1,8.26,8.26
9120,504857,Croissant,Bakery,1,3.22,3.22
9121,504858,Iced Tea,Beverage,1,3.41,3.41
9122,504859,Latte,Beverage,2,4.45,8.9
9123,504860,Iced Tea,Beverage,1,3.44,3.44
9124,504860,Latte,Beverage,2,4.47,8.94
9125,504860,Cold Brew,Beverage,1,4.69,4.69
9126,504861,Caesar Salad,Food,1,8.07,8.07
9127,504862,Bagel with Cream Cheese,Bakery,1,3.91,3.91
9128,504863,Cold Brew,Beverage,1,4.71,4.71
9129,504863,Turkey Sandwich,Food,1,8.28,8.28
9130,504863,Cappuccino,Beverage,1,4.19,4.19
9131,504864,Fruit Cup,Snack,1,3.41,3.41
9132,504864,Granola Bar,Snack,1,2.71,2.71
9133,504865,Iced Tea,Beverage,1,3.4,3.4
9134,504865,Granola Bar,Snack,1,2.71,2.71
9135,504866,Blueberry Muffin,Bakery,2,3.69,7.38
9136,504866,Fruit Cup,Snack,1,3.42,3.42
9137,504866,Granola Bar,Snack,1,2.74,2.74
9138,504867,Bagel with Cream Cheese,Bakery,2,3.97,7.94
9139,504868,Croissant,Bakery,1,3.23,3.23
9140,504869,Granola Bar,Snack,1,2.68,2.68
9141,504870,Avocado Toast,Food,1,7.28,7.28
9142,504871,Blueberry Muffin,Bakery,1,3.72,3.72
9143,504871,Chocolate Chip Cookie,Bakery,2,2.48,4.96
9144,504872,Croissant,Bakery,1,3.22,3.22
9145,504873,Veggie Wrap,Food,1,7.61,7.61
9146,504874,Veggie Wrap,Food,1,7.53,7.53
9147,504875,Espresso,Beverage,1,2.94,2.94
9148,504875,Veggie Wrap,Food,1,7.67,7.67
9149,504876,Croissant,Bakery,1,3.23,3.23
9150,504877,Iced Tea,Beverage,2,3.41,6.82
9151,504877,Fruit Cup,Snack,1,3.43,3.43
9152,504878,Croissant,Bakery,1,3.18,3.18
9153,504878,Chocolate Chip Cookie,Bakery,1,2.5,2.5
9154,504879,Caesar Salad,Food,1,8.14,8.14
9155,504880,Iced Tea,Beverage,1,3.49,3.49
9156,504881,Croissant,Bakery,1,3.22,3.22
9157,504881,Avocado Toast,Food,1,7.29,7.29
9158,504882,Blueberry Muffin,Bakery,1,3.65,3.65
9159,504882,Cappuccino,Beverage,1,4.19,4.19
9160,504883,Caesar Salad,Food,1,8.13,8.13
9161,504883,Veggie Wrap,Food,1,7.52,7.52
9162,504883,Blueberry Muffin,Bakery,1,3.75,3.75
9163,504884,Croissant,Bakery,1,3.23,3.23
9164,504885,Espresso,Beverage,1,2.94,2.94
9165,504886,Avocado Toast,Food,1,7.5,7.5
9166,504886,Croissant,Bakery,1,3.23,3.23
9167,504887,Veggie Wrap,Food,1,7.59,7.59
9168,504888,Caesar Salad,Food,1,8.01,8.01
9169,504888,Chocolate Chip Cookie,Bakery,1,2.48,2.48
9170,504889,Fruit Cup,Snack,1,3.48,3.48
9171,504889,Caesar Salad,Food,1,8.03,8.03
9172,504890,Blueberry Muffin,Bakery,1,3.75,3.75
9173,504891,Croissant,Bakery,1,3.16,3.16
9174,504891,Granola Bar,Snack,1,2.7,2.7
9175,504892,Veggie Wrap,Food,1,7.74,7.74
9176,504892,Cold Brew,Beverage,1,4.64,4.64
9177,504892,Caesar Salad,Food,1,8.11,8.11
9178,504893,Chocolate Chip Cookie,Bakery,1,2.49,2.49
9179,504894,Chocolate Chip Cookie,Bakery,1,2.48,2.48
9180,504895,Iced Tea,Beverage,2,3.46,6.92
9181,504896,Granola Bar,Snack,2,2.68,5.36
9182,504896,Caesar Salad,Food,1,8.2,8.2
9183,504897,Turkey Sandwich,Food,1,8.45,8.45
9184,504897,Avocado Toast,Food,1,7.32,7.32
9185,504897,Bagel with Cream Cheese,Bakery,2,3.94,7.88
9186,504898,Iced Tea,Beverage,1,3.42,3.42
9187,504898,Bagel with Cream Cheese,Bakery,1,3.96,3.96
9188,504899,Veggie Wrap,Food,1,7.56,7.56
9189,504899,Bagel with Cream Cheese,Bakery,1,3.9,3.9
9190,504900,Avocado Toast,Food,1,7.3,7.3
9191,504900,Granola Bar,Snack,1,2.73,2.73
9192,504900,Espresso,Beverage,1,2.97,2.97
9193,504901,Turkey Sandwich,Food,2,8.48,16.96
9194,504902,Fruit Cup,Snack,1,3.4,3.4
9195,504902,Cappuccino,Beverage,1,4.2,4.2
9196,504903,Turkey Sandwich,Food,1,8.32,8.32
9197,504903,Latte,Beverage,1,4.45,4.45
9198,504903,Croissant,Bakery,1,3.17,3.17
9199,504904,Cappuccino,Beverage,1,4.13,4.13
9200,504905,Espresso,Beverage,2,2.98,5.96
9201,504905,Bagel with Cream Cheese,Bakery,1,3.95,3.95
9202,504906,Granola Bar,Snack,1,2.68,2.68
9203,504907,Latte,Beverage,1,4.48,4.48
9204,504908,Bagel with Cream Cheese,Bakery,1,3.89,3.89
9205,504908,Cappuccino,Beverage,1,4.16,4.16
9206,504908,Veggie Wrap,Food,2,7.57,15.14
9207,504909,Fruit Cup,Snack,1,3.48,3.48
9208,504910,Granola Bar,Snack,1,2.7,2.7
9209,504910,Espresso,Beverage,1,2.96,2.96
9210,504911,Chocolate Chip Cookie,Bakery,2,2.44,4.88
9211,504911,Blueberry Muffin,Bakery,1,3.71,3.71
9212,504912,Iced Tea,Beverage,1,3.44,3.44
9213,504913,Bagel with Cream Cheese,Bakery,1,3.94,3.94
9214,504913,Blueberry Muffin,Bakery,1,3.69,3.69
9215,504914,Blueberry Muffin,Bakery,1,3.68,3.68
9216,504914,Avocado Toast,Food,1,7.47,7.47
9217,504914,Caesar Salad,Food,1,8.23,8.23
9218,504915,Croissant,Bakery,1,3.19,3.19
9219,504915,Bagel with Cream Cheese,Bakery,1,3.89,3.89
9220,504916,Avocado Toast,Food,2,7.42,14.84
9221,504917,Blueberry Muffin,Bakery,1,3.7,3.7
9222,504918,Cappuccino,Beverage,2,4.19,8.38
9223,504919,Cold Brew,Beverage,1,4.65,4.65
9224,504919,Latte,Beverage,1,4.37,4.37
9225,504919,Fruit Cup,Snack,1,3.5,3.5
9226,504919,Iced Tea,Beverage,1,3.4,3.4
9227,504920,Turkey Sandwich,Food,1,8.28,8.28
9228,504920,Bagel with Cream Cheese,Bakery,1,3.94,3.94
9229,504921,Cold Brew,Beverage,1,4.72,4.72
9230,504922,Turkey Sandwich,Food,1,8.46,8.46
9231,504922,Croissant,Bakery,1,3.22,3.22
9232,504923,Blueberry Muffin,Bakery,1,3.73,3.73
9233,504923,Cold Brew,Beverage,1,4.69,4.69
9234,504924,Fruit Cup,Snack,1,3.44,3.44
9235,504924,Granola Bar,Snack,1,2.69,2.69
9236,504924,Cold Brew,Beverage,1,4.74,4.74
9237,504925,Iced Tea,Beverage,2,3.4,6.8
9238,504926,Blueberry Muffin,Bakery,2,3.65,7.3
9239,504926,Croissant,Bakery,1,3.15,3.15
9240,504927,Turkey Sandwich,Food,1,8.45,8.45
9241,504927,Croissant,Bakery,1,3.16,3.16
9242,504927,Blueberry Muffin,Bakery,1,3.68,3.68
9243,504928,Caesar Salad,Food,2,8.07,16.14
9244,504929,Granola Bar,Snack,1,2.71,2.71
9245,504929,Espresso,Beverage,1,2.96,2.96
9246,504929,Bagel with Cream Cheese,Bakery,1,3.97,3.97
9247,504929,Croissant,Bakery,1,3.23,3.23
9248,504930,Cold Brew,Beverage,2,4.74,9.48
9249,504930,Veggie Wrap,Food,1,7.6,7.6
9250,504930,Chocolate Chip Cookie,Bakery,1,2.46,2.46
9251,504931,Espresso,Beverage,1,2.94,2.94
9252,504931,Cold Brew,Beverage,1,4.65,4.65
9253,504931,Blueberry Muffin,Bakery,1,3.71,3.71
9254,504932,Chocolate Chip Cookie,Bakery,1,2.49,2.49
9255,504932,Espresso,Beverage,1,2.95,2.95
9256,504933,Turkey Sandwich,Food,1,8.26,8.26
9257,504933,Latte,Beverage,2,4.39,8.78
9258,504933,Veggie Wrap,Food,1,7.71,7.71
9259,504934,Veggie Wrap,Food,1,7.69,7.69
9260,504935,Iced Tea,Beverage,1,3.44,3.44
9261,504935,Chocolate Chip Cookie,Bakery,2,2.47,4.94
9262,504936,Chocolate Chip Cookie,Bakery,1,2.43,2.43
9263,504937,Latte,Beverage,1,4.39,4.39
9264,504938,Latte,Beverage,1,4.47,4.47
9265,504939,Granola Bar,Snack,1,2.71,2.71
9266,504939,Cappuccino,Beverage,2,4.22,8.44
9267,504940,Croissant,Bakery,2,3.24,6.48
9268,504940,Cold Brew,Beverage,1,4.72,4.72
9269,504940,Latte,Beverage,1,4.48,4.48
9270,504940,Turkey Sandwich,Food,2,8.26,16.52
9271,504941,Espresso,Beverage,1,2.92,2.92
9272,504942,Avocado Toast,Food,1,7.35,7.35
9273,504943,Fruit Cup,Snack,1,3.47,3.47
9274,504943,Granola Bar,Snack,1,2.72,2.72
9275,504943,Espresso,Beverage,1,2.96,2.96
9276,504944,Blueberry Muffin,Bakery,1,3.69,3.69
9277,504945,Blueberry Muffin,Bakery,1,3.75,3.75
9278,504945,Latte,Beverage,1,4.38,4.38
9279,504945,Cold Brew,Beverage,1,4.62,4.62
9280,504945,Cappuccino,Beverage,2,4.14,8.28
9281,504946,Espresso,Beverage,1,2.93,2.93
9282,504947,Granola Bar,Snack,1,2.74,2.74
9283,504948,Veggie Wrap,Food,1,7.54,7.54
9284,504948,Cappuccino,Beverage,1,4.22,4.22
9285,504949,Cappuccino,Beverage,1,4.15,4.15
9286,504949,Veggie Wrap,Food,1,7.55,7.55
9287,504950,Latte,Beverage,1,4.38,4.38
9288,504951,Blueberry Muffin,Bakery,1,3.67,3.67
9289,504952,Iced Tea,Beverage,1,3.45,3.45
9290,504953,Avocado Toast,Food,1,7.29,7.29
9291,504954,Fruit Cup,Snack,1,3.47,3.47
9292,504954,Caesar Salad,Food,2,8.05,16.1
9293,504954,Blueberry Muffin,Bakery,1,3.7,3.7
9294,504955,Caesar Salad,Food,2,8.18,16.36
9295,504955,Fruit Cup,Snack,1,3.48,3.48
9296,504956,Bagel with Cream Cheese,Bakery,1,3.98,3.98
9297,504956,Caesar Salad,Food,1,8.2,8.2
9298,504956,Cold Brew,Beverage,2,4.75,9.5
9299,504956,Croissant,Bakery,1,3.19,3.19
9300,504957,Iced Tea,Beverage,1,3.46,3.46
9301,504957,Caesar Salad,Food,2,8.12,16.24
9302,504957,Fruit Cup,Snack,1,3.4,3.4
9303,504958,Cappuccino,Beverage,2,4.15,8.3
9304,504958,Turkey Sandwich,Food,2,8.43,16.86
9305,504959,Cold Brew,Beverage,1,4.68,4.68
9306,504960,Granola Bar,Snack,1,2.67,2.67
9307,504960,Avocado Toast,Food,1,7.33,7.33
9308,504961,Croissant,Bakery,1,3.23,3.23
9309,504962,Fruit Cup,Snack,1,3.42,3.42
9310,504962,Espresso,Beverage,2,2.98,5.96
9311,504963,Cold Brew,Beverage,1,4.74,4.74
9312,504963,Bagel with Cream Cheese,Bakery,1,3.99,3.99
9313,504964,Latte,Beverage,1,4.47,4.47
9314,504964,Cappuccino,Beverage,1,4.15,4.15
9315,504964,Fruit Cup,Snack,2,3.45,6.9
9316,504965,Croissant,Bakery,1,3.17,3.17
9317,504966,Espresso,Beverage,1,2.92,2.92
9318,504966,Avocado Toast,Food,1,7.49,7.49
9319,504967,Cold Brew,Beverage,1,4.65,4.65
9320,504967,Cappuccino,Beverage,1,4.19,4.19
9321,504968,Caesar Salad,Food,2,8.02,16.04
9322,504968,Iced Tea,Beverage,1,3.42,3.42
9323,504969,Croissant,Bakery,1,3.18,3.18
9324,504969,Chocolate Chip Cookie,Bakery,1,2.47,2.47
9325,504970,Bagel with Cream Cheese,Bakery,1,3.88,3.88
9326,504971,Espresso,Beverage,1,2.98,2.98
9327,504972,Bagel with Cream Cheese,Bakery,1,3.89,3.89
9328,504973,Veggie Wrap,Food,1,7.56,7.56
9329,504973,Avocado Toast,Food,1,7.5,7.5
9330,504974,Espresso,Beverage,1,3.0,3.0
9331,504975,Veggie Wrap,Food,1,7.58,7.58
9332,504976,Caesar Salad,Food,2,8.04,16.08
9333,504977,Granola Bar,Snack,1,2.68,2.68
9334,504977,Espresso,Beverage,1,2.92,2.92
9335,504977,Latte,Beverage,1,4.47,4.47
9336,504978,Fruit Cup,Snack,1,3.4,3.4
9337,504978,Avocado Toast,Food,1,7.42,7.42
9338,504979,Latte,Beverage,1,4.43,4.43
9339,504980,Latte,Beverage,1,4.43,4.43
9340,504980,Espresso,Beverage,1,2.99,2.99
9341,504980,Blueberry Muffin,Bakery,1,3.64,3.64
9342,504980,Cappuccino,Beverage,1,4.14,4.14
9343,504981,Turkey Sandwich,Food,1,8.32,8.32
9344,504982,Blueberry Muffin,Bakery,2,3.7,7.4
9345,504983,Avocado Toast,Food,1,7.32,7.32
9346,504983,Caesar Salad,Food,1,8.08,8.08
9347,504984,Avocado Toast,Food,1,7.49,7.49
9348,504984,Granola Bar,Snack,1,2.69,2.69
9349,504984,Iced Tea,Beverage,2,3.41,6.82
9350,504985,Cold Brew,Beverage,1,4.62,4.62
9351,504986,Fruit Cup,Snack,2,3.46,6.92
9352,504986,Iced Tea,Beverage,1,3.41,3.41
9353,504987,Iced Tea,Beverage,1,3.5,3.5
9354,504987,Latte,Beverage,1,4.39,4.39
9355,504987,Cold Brew,Beverage,1,4.7,4.7
9356,504987,Turkey Sandwich,Food,1,8.49,8.49
9357,504988,Granola Bar,Snack,1,2.75,2.75
9358,504989,Iced Tea,Beverage,1,3.42,3.42
9359,504989,Cappuccino,Beverage,1,4.17,4.17
9360,504990,Cappuccino,Beverage,1,4.16,4.16
9361,504991,Espresso,Beverage,1,2.98,2.98
9362,504991,Cappuccino,Beverage,1,4.25,4.25
9363,504992,Bagel with Cream Cheese,Bakery,1,3.89,3.89
9364,504992,Turkey Sandwich,Food,1,8.41,8.41
9365,504993,Bagel with Cream Cheese,Bakery,2,3.95,7.9
9366,504994,Cold Brew,Beverage,1,4.63,4.63
9367,504995,Chocolate Chip Cookie,Bakery,1,2.49,2.49
9368,504995,Veggie Wrap,Food,2,7.55,15.1
9369,504996,Caesar Salad,Food,2,8.07,16.14
9370,504996,Bagel with Cream Cheese,Bakery,1,3.92,3.92
9371,504997,Avocado Toast,Food,2,7.43,14.86
9372,504997,Cappuccino,Beverage,1,4.17,4.17
9373,504997,Caesar Salad,Food,1,8.02,8.02
9374,504998,Veggie Wrap,Food,1,7.68,7.68
9375,504998,Chocolate Chip Cookie,Bakery,1,2.48,2.48
9376,504998,Cold Brew,Beverage,1,4.72,4.72
9377,504998,Caesar Salad,Food,1,8.18,8.18
9378,504999,Bagel with Cream Cheese,Bakery,1,4.0,4.0
9379,505000,Iced Tea,Beverage,1,3.46,3.46
9380,505000,Croissant,Bakery,1,3.24,3.24
9381,505001,Turkey Sandwich,Food,2,8.43,16.86
9382,505001,Iced Tea,Beverage,1,3.4,3.4
9383,505001,Blueberry Muffin,Bakery,1,3.68,3.68
9384,505002,Cold Brew,Beverage,1,4.75,4.75
9385,505002,Latte,Beverage,1,4.4,4.4
9386,505003,Caesar Salad,Food,1,8.07,8.07
9387,505003,Fruit Cup,Snack,1,3.41,3.41
9388,505003,Veggie Wrap,Food,1,7.74,7.74
9389,505004,Espresso,Beverage,1,2.96,2.96
9390,505005,Granola Bar,Snack,1,2.7,2.7
9391,505005,Iced Tea,Beverage,1,3.48,3.48
9392,505005,Cappuccino,Beverage,1,4.22,4.22
9393,505006,Cold Brew,Beverage,1,4.62,4.62
9394,505007,Chocolate Chip Cookie,Bakery,1,2.48,2.48
9395,505008,Blueberry Muffin,Bakery,1,3.68,3.68
9396,505008,Veggie Wrap,Food,1,7.56,7.56
9397,505009,Iced Tea,Beverage,2,3.49,6.98
9398,505009,Avocado Toast,Food,1,7.44,7.44
9399,505010,Avocado Toast,Food,1,7.34,7.34
9400,505010,Blueberry Muffin,Bakery,1,3.64,3.64
9401,505011,Croissant,Bakery,1,3.22,3.22
9402,505011,Avocado Toast,Food,1,7.47,7.47
9403,505012,Latte,Beverage,1,4.42,4.42
9404,505013,Chocolate Chip Cookie,Bakery,2,2.45,4.9
9405,505013,Cold Brew,Beverage,2,4.7,9.4
9406,505014,Granola Bar,Snack,1,2.72,2.72
9407,505015,Caesar Salad,Food,2,8.13,16.26
9408,505015,Croissant,Bakery,1,3.16,3.16
9409,505015,Granola Bar,Snack,1,2.7,2.7
9410,505016,Bagel with Cream Cheese,Bakery,1,3.9,3.9
9411,505017,Turkey Sandwich,Food,1,8.28,8.28
9412,505017,Chocolate Chip Cookie,Bakery,1,2.47,2.47
9413,505018,Chocolate Chip Cookie,Bakery,1,2.45,2.45
9414,505019,Espresso,Beverage,1,2.93,2.93
9415,505019,Latte,Beverage,1,4.4,4.4
9416,505020,Espresso,Beverage,1,2.94,2.94
9417,505020,Caesar Salad,Food,1,8.09,8.09
9418,505021,Cappuccino,Beverage,1,4.15,4.15
9419,505022,Caesar Salad,Food,1,8.24,8.24
9420,505022,Latte,Beverage,1,4.46,4.46
9421,505023,Iced Tea,Beverage,1,3.49,3.49
9422,505023,Caesar Salad,Food,1,8.06,8.06
9423,505023,Chocolate Chip Cookie,Bakery,1,2.47,2.47
9424,505024,Bagel with Cream Cheese,Bakery,2,3.97,7.94
9425,505024,Caesar Salad,Food,1,8.23,8.23
9426,505024,Croissant,Bakery,2,3.17,6.34
9427,505025,Chocolate Chip Cookie,Bakery,1,2.49,2.49
9428,505025,Caesar Salad,Food,1,8.1,8.1
9429,505026,Croissant,Bakery,1,3.18,3.18
9430,505026,Cold Brew,Beverage,2,4.71,9.42
9431,505026,Avocado Toast,Food,1,7.37,7.37
9432,505027,Croissant,Bakery,1,3.21,3.21
9433,505028,Avocado Toast,Food,1,7.34,7.34
9434,505029,Caesar Salad,Food,1,8.0,8.0
9435,505029,Cappuccino,Beverage,1,4.14,4.14
9436,505030,Fruit Cup,Snack,1,3.41,3.41
9437,505030,Blueberry Muffin,Bakery,1,3.67,3.67
9438,505030,Croissant,Bakery,1,3.21,3.21
9439,505031,Chocolate Chip Cookie,Bakery,1,2.43,2.43
9440,505031,Fruit Cup,Snack,1,3.45,3.45
9441,505032,Cold Brew,Beverage,1,4.69,4.69
9442,505032,Blueberry Muffin,Bakery,1,3.71,3.71
9443,505032,Bagel with Cream Cheese,Bakery,1,3.96,3.96
9444,505033,Cappuccino,Beverage,1,4.16,4.16
9445,505034,Veggie Wrap,Food,1,7.72,7.72
9446,505034,Espresso,Beverage,1,2.94,2.94
9447,505035,Iced Tea,Beverage,2,3.47,6.94
9448,505036,Avocado Toast,Food,1,7.31,7.31
9449,505037,Veggie Wrap,Food,1,7.66,7.66
9450,505037,Bagel with Cream Cheese,Bakery,1,3.92,3.92
9451,505037,Iced Tea,Beverage,1,3.5,3.5
9452,505038,Veggie Wrap,Food,1,7.56,7.56
9453,505038,Cappuccino,Beverage,1,4.2,4.2
9454,505039,Turkey Sandwich,Food,2,8.29,16.58
9455,505039,Latte,Beverage,1,4.39,4.39
9456,505039,Espresso,Beverage,1,2.94,2.94
9457,505039,Iced Tea,Beverage,1,3.44,3.44
9458,505040,Blueberry Muffin,Bakery,1,3.75,3.75
9459,505041,Croissant,Bakery,1,3.23,3.23
9460,505041,Avocado Toast,Food,1,7.47,7.47
9461,505042,Espresso,Beverage,1,2.99,2.99
9462,505042,Croissant,Bakery,1,3.16,3.16
9463,505043,Fruit Cup,Snack,1,3.45,3.45
9464,505043,Latte,Beverage,1,4.46,4.46
9465,505044,Caesar Salad,Food,1,8.14,8.14
9466,505044,Granola Bar,Snack,2,2.7,5.4
9467,505045,Espresso,Beverage,1,2.94,2.94
9468,505045,Veggie Wrap,Food,1,7.73,7.73
9469,505045,Iced Tea,Beverage,2,3.48,6.96
9470,505045,Turkey Sandwich,Food,1,8.38,8.38
9471,505046,Espresso,Beverage,1,2.93,2.93
9472,505047,Cold Brew,Beverage,1,4.71,4.71
9473,505047,Bagel with Cream Cheese,Bakery,1,3.92,3.92
9474,505047,Espresso,Beverage,1,2.94,2.94
9475,505048,Chocolate Chip Cookie,Bakery,2,2.47,4.94
9476,505049,Granola Bar,Snack,1,2.7,2.7
9477,505050,Cold Brew,Beverage,1,4.74,4.74
9478,505051,Cappuccino,Beverage,1,4.23,4.23
9479,505052,Veggie Wrap,Food,2,7.55,15.1
9480,505053,Cold Brew,Beverage,1,4.72,4.72
9481,505053,Veggie Wrap,Food,1,7.56,7.56
9482,505054,Croissant,Bakery,1,3.18,3.18
9483,505054,Chocolate Chip Cookie,Bakery,1,2.47,2.47
9484,505054,Bagel with Cream Cheese,Bakery,1,3.96,3.96
9485,505055,Blueberry Muffin,Bakery,1,3.72,3.72
9486,505056,Veggie Wrap,Food,1,7.56,7.56
9487,505057,Blueberry Muffin,Bakery,1,3.69,3.69
9488,505057,Cold Brew,Beverage,1,4.67,4.67
9489,505057,Cappuccino,Beverage,1,4.23,4.23
9490,505058,Iced Tea,Beverage,1,3.42,3.42
9491,505058,Blueberry Muffin,Bakery,1,3.71,3.71
9492,505059,Caesar Salad,Food,1,8.01,8.01
9493,505059,Iced Tea,Beverage,1,3.44,3.44
9494,505060,Bagel with Cream Cheese,Bakery,1,3.89,3.89
9495,505061,Blueberry Muffin,Bakery,2,3.68,7.36
9496,505061,Latte,Beverage,1,4.42,4.42
9497,505061,Bagel with Cream Cheese,Bakery,1,3.96,3.96
9498,505061,Croissant,Bakery,1,3.16,3.16
9499,505062,Granola Bar,Snack,1,2.73,2.73
9500,505063,Turkey Sandwich,Food,1,8.37,8.37
9501,505064,Croissant,Bakery,1,3.17,3.17
9502,505064,Iced Tea,Beverage,1,3.46,3.46
9503,505065,Caesar Salad,Food,1,8.15,8.15
9504,505065,Espresso,Beverage,1,2.98,2.98
9505,505066,Cappuccino,Beverage,1,4.2,4.2
9506,505067,Blueberry Muffin,Bakery,1,3.67,3.67
9507,505067,Veggie Wrap,Food,1,7.52,7.52
9508,505067,Espresso,Beverage,2,2.93,5.86
9509,505067,Croissant,Bakery,1,3.23,3.23
9510,505068,Latte,Beverage,1,4.49,4.49
9511,505069,Turkey Sandwich,Food,1,8.48,8.48
9512,505070,Iced Tea,Beverage,1,3.42,3.42
9513,505070,Croissant,Bakery,1,3.25,3.25
9514,505070,Bagel with Cream Cheese,Bakery,1,3.91,3.91
9515,505071,Veggie Wrap,Food,1,7.62,7.62
9516,505072,Bagel with Cream Cheese,Bakery,1,3.92,3.92
9517,505073,Cappuccino,Beverage,1,4.23,4.23
9518,505074,Blueberry Muffin,Bakery,1,3.73,3.73
9519,505075,Turkey Sandwich,Food,1,8.33,8.33
9520,505075,Veggie Wrap,Food,1,7.6,7.6
9521,505076,Latte,Beverage,1,4.43,4.43
9522,505076,Bagel with Cream Cheese,Bakery,1,3.99,3.99
9523,505076,Cappuccino,Beverage,2,4.23,8.46
9524,505077,Iced Tea,Beverage,1,3.48,3.48
9525,505077,Cold Brew,Beverage,1,4.67,4.67
9526,505077,Cappuccino,Beverage,1,4.12,4.12
9527,505078,Espresso,Beverage,1,2.97,2.97
9528,505079,Espresso,Beverage,2,2.94,5.88
9529,505080,Veggie Wrap,Food,2,7.75,15.5
9530,505081,Caesar Salad,Food,1,8.21,8.21
9531,505082,Espresso,Beverage,1,2.99,2.99
9532,505083,Veggie Wrap,Food,1,7.73,7.73
9533,505083,Chocolate Chip Cookie,Bakery,1,2.49,2.49
9534,505083,Blueberry Muffin,Bakery,1,3.69,3.69
9535,505083,Croissant,Bakery,1,3.21,3.21
9536,505084,Granola Bar,Snack,1,2.69,2.69
9537,505084,Turkey Sandwich,Food,1,8.27,8.27
9538,505084,Caesar Salad,Food,1,8.05,8.05
9539,505084,Avocado Toast,Food,2,7.32,14.64
9540,505085,Bagel with Cream Cheese,Bakery,1,3.99,3.99
9541,505085,Latte,Beverage,1,4.46,4.46
9542,505085,Fruit Cup,Snack,1,3.42,3.42
9543,505085,Iced Tea,Beverage,1,3.46,3.46
9544,505086,Granola Bar,Snack,1,2.67,2.67
9545,505087,Cold Brew,Beverage,2,4.61,9.22
9546,505087,Iced Tea,Beverage,1,3.47,3.47
9547,505088,Blueberry Muffin,Bakery,2,3.75,7.5
9548,505088,Chocolate Chip Cookie,Bakery,1,2.43,2.43
9549,505089,Bagel with Cream Cheese,Bakery,2,3.97,7.94
9550,505089,Cappuccino,Beverage,1,4.2,4.2
9551,505090,Bagel with Cream Cheese,Bakery,1,3.91,3.91
9552,505090,Blueberry Muffin,Bakery,2,3.69,7.38
9553,505090,Granola Bar,Snack,1,2.68,2.68
9554,505090,Caesar Salad,Food,1,8.03,8.03
9555,505091,Caesar Salad,Food,2,8.19,16.38
9556,505091,Cappuccino,Beverage,1,4.23,4.23
9557,505091,Granola Bar,Snack,2,2.72,5.44
9558,505091,Latte,Beverage,1,4.41,4.41
9559,505092,Cappuccino,Beverage,1,4.15,4.15
9560,505092,Espresso,Beverage,1,2.93,2.93
9561,505092,Cold Brew,Beverage,1,4.68,4.68
9562,505093,Bagel with Cream Cheese,Bakery,1,3.92,3.92
9563,505093,Cold Brew,Beverage,1,4.73,4.73
9564,505093,Blueberry Muffin,Bakery,1,3.72,3.72
9565,505094,Iced Tea,Beverage,1,3.4,3.4
9566,505094,Avocado Toast,Food,2,7.41,14.82
9567,505094,Turkey Sandwich,Food,2,8.35,16.7
9568,505095,Granola Bar,Snack,1,2.7,2.7
9569,505096,Croissant,Bakery,1,3.2,3.2
9570,505097,Iced Tea,Beverage,1,3.44,3.44
9571,505097,Caesar Salad,Food,1,8.21,8.21
9572,505097,Fruit Cup,Snack,1,3.4,3.4
9573,505097,Espresso,Beverage,1,2.98,2.98
9574,505098,Turkey Sandwich,Food,1,8.39,8.39
9575,505098,Blueberry Muffin,Bakery,1,3.74,3.74
9576,505099,Granola Bar,Snack,1,2.7,2.7
9577,505100,Veggie Wrap,Food,1,7.6,7.6
9578,505100,Caesar Salad,Food,1,8.18,8.18
9579,505100,Cold Brew,Beverage,1,4.74,4.74
9580,505101,Cappuccino,Beverage,1,4.23,4.23
9581,505102,Chocolate Chip Cookie,Bakery,2,2.49,4.98
9582,505103,Espresso,Beverage,1,2.97,2.97
9583,505104,Avocado Toast,Food,1,7.37,7.37
9584,505104,Fruit Cup,Snack,1,3.42,3.42
9585,505105,Blueberry Muffin,Bakery,1,3.7,3.7
9586,505105,Turkey Sandwich,Food,1,8.39,8.39
9587,505106,Espresso,Beverage,1,2.92,2.92
9588,505106,Blueberry Muffin,Bakery,1,3.71,3.71
9589,505107,Espresso,Beverage,1,2.94,2.94
9590,505108,Fruit Cup,Snack,1,3.4,3.4
9591,505108,Croissant,Bakery,1,3.18,3.18
9592,505108,Avocado Toast,Food,1,7.46,7.46
9593,505109,Iced Tea,Beverage,1,3.43,3.43
9594,505110,Iced Tea,Beverage,1,3.4,3.4
9595,505111,Latte,Beverage,1,4.45,4.45
9596,505111,Blueberry Muffin,Bakery,1,3.68,3.68
9597,505112,Caesar Salad,Food,1,8.22,8.22
9598,505112,Chocolate Chip Cookie,Bakery,2,2.45,4.9
9599,505113,Cappuccino,Beverage,2,4.14,8.28
9600,505114,Caesar Salad,Food,1,8.23,8.23
9601,505115,Turkey Sandwich,Food,1,8.33,8.33
9602,505115,Latte,Beverage,1,4.38,4.38
9603,505115,Iced Tea,Beverage,1,3.47,3.47
9604,505116,Granola Bar,Snack,1,2.71,2.71
9605,505116,Veggie Wrap,Food,1,7.53,7.53
9606,505116,Avocado Toast,Food,1,7.3,7.3
9607,505117,Espresso,Beverage,1,2.91,2.91
9608,505117,Granola Bar,Snack,1,2.72,2.72
9609,505118,Fruit Cup,Snack,1,3.46,3.46
9610,505118,Cappuccino,Beverage,1,4.13,4.13
9611,505119,Caesar Salad,Food,1,8.15,8.15
9612,505120,Cappuccino,Beverage,1,4.13,4.13
9613,505120,Turkey Sandwich,Food,1,8.47,8.47
9614,505121,Espresso,Beverage,1,2.99,2.99
9615,505122,Fruit Cup,Snack,1,3.48,3.48
9616,505123,Fruit Cup,Snack,1,3.49,3.49
9617,505123,Croissant,Bakery,1,3.24,3.24
9618,505124,Granola Bar,Snack,2,2.72,5.44
9619,505124,Veggie Wrap,Food,1,7.55,7.55
9620,505125,Chocolate Chip Cookie,Bakery,1,2.44,2.44
9621,505125,Cappuccino,Beverage,2,4.18,8.36
9622,505125,Croissant,Bakery,1,3.16,3.16
9623,505126,Veggie Wrap,Food,1,7.62,7.62
9624,505127,Cold Brew,Beverage,1,4.72,4.72
9625,505128,Granola Bar,Snack,1,2.72,2.72
9626,505128,Fruit Cup,Snack,1,3.47,3.47
9627,505128,Croissant,Bakery,1,3.16,3.16
9628,505128,Avocado Toast,Food,1,7.47,7.47
9629,505129,Fruit Cup,Snack,1,3.42,3.42
9630,505130,Fruit Cup,Snack,1,3.4,3.4
9631,505131,Cappuccino,Beverage,1,4.22,4.22
9632,505132,Chocolate Chip Cookie,Bakery,1,2.49,2.49
9633,505132,Croissant,Bakery,2,3.21,6.42
9634,505132,Avocado Toast,Food,1,7.41,7.41
9635,505133,Chocolate Chip Cookie,Bakery,1,2.44,2.44
9636,505134,Espresso,Beverage,1,2.99,2.99
9637,505135,Iced Tea,Beverage,1,3.44,3.44
9638,505135,Fruit Cup,Snack,1,3.42,3.42
9639,505135,Cold Brew,Beverage,1,4.61,4.61
9640,505136,Chocolate Chip Cookie,Bakery,1,2.48,2.48
9641,505136,Avocado Toast,Food,1,7.46,7.46
9642,505136,Fruit Cup,Snack,1,3.45,3.45
9643,505137,Caesar Salad,Food,1,8.18,8.18
9644,505138,Blueberry Muffin,Bakery,2,3.73,7.46
9645,505138,Fruit Cup,Snack,1,3.45,3.45
9646,505138,Veggie Wrap,Food,1,7.72,7.72
9647,505139,Caesar Salad,Food,2,8.22,16.44
9648,505140,Croissant,Bakery,1,3.19,3.19
9649,505141,Granola Bar,Snack,1,2.73,2.73
9650,505141,Veggie Wrap,Food,1,7.72,7.72
9651,505142,Cold Brew,Beverage,1,4.74,4.74
9652,505142,Chocolate Chip Cookie,Bakery,1,2.45,2.45
9653,505143,Fruit Cup,Snack,1,3.43,3.43
9654,505143,Blueberry Muffin,Bakery,2,3.75,7.5
9655,505144,Cold Brew,Beverage,1,4.67,4.67
9656,505144,Croissant,Bakery,2,3.23,6.46
9657,505144,Fruit Cup,Snack,1,3.46,3.46
9658,505145,Veggie Wrap,Food,1,7.54,7.54
9659,505145,Turkey Sandwich,Food,1,8.3,8.3
9660,505146,Veggie Wrap,Food,1,7.73,7.73
9661,505146,Latte,Beverage,1,4.47,4.47
9662,505147,Bagel with Cream Cheese,Bakery,1,3.96,3.96
9663,505148,Bagel with Cream Cheese,Bakery,1,3.99,3.99
9664,505148,Chocolate Chip Cookie,Bakery,1,2.47,2.47
9665,505148,Fruit Cup,Snack,1,3.42,3.42
9666,505149,Turkey Sandwich,Food,1,8.31,8.31
9667,505150,Granola Bar,Snack,1,2.69,2.69
9668,505151,Bagel with Cream Cheese,Bakery,2,3.99,7.98
9669,505152,Caesar Salad,Food,1,8.2,8.2
9670,505152,Croissant,Bakery,1,3.22,3.22
9671,505153,Avocado Toast,Food,1,7.46,7.46
9672,505154,Chocolate Chip Cookie,Bakery,1,2.43,2.43
9673,505155,Bagel with Cream Cheese,Bakery,1,3.96,3.96
9674,505155,Latte,Beverage,2,4.45,8.9
9675,505155,Caesar Salad,Food,1,8.16,8.16
9676,505156,Blueberry Muffin,Bakery,1,3.74,3.74
9677,505157,Bagel with Cream Cheese,Bakery,1,3.91,3.91
9678,505157,Croissant,Bakery,1,3.22,3.22
9679,505157,Chocolate Chip Cookie,Bakery,1,2.5,2.5
9680,505158,Croissant,Bakery,1,3.21,3.21
9681,505158,Turkey Sandwich,Food,1,8.42,8.42
9682,505158,Granola Bar,Snack,1,2.7,2.7
9683,505159,Iced Tea,Beverage,1,3.4,3.4
9684,505159,Latte,Beverage,1,4.4,4.4
9685,505160,Caesar Salad,Food,1,8.12,8.12
9686,505160,Espresso,Beverage,1,2.96,2.96
9687,505161,Iced Tea,Beverage,2,3.41,6.82
9688,505161,Cold Brew,Beverage,1,4.68,4.68
9689,505162,Espresso,Beverage,1,2.93,2.93
9690,505163,Croissant,Bakery,1,3.23,3.23
9691,505163,Turkey Sandwich,Food,1,8.47,8.47
9692,505164,Granola Bar,Snack,2,2.68,5.36
9693,505164,Chocolate Chip Cookie,Bakery,1,2.45,2.45
9694,505165,Espresso,Beverage,2,2.97,5.94
9695,505165,Veggie Wrap,Food,1,7.68,7.68
9696,505165,Turkey Sandwich,Food,1,8.31,8.31
9697,505166,Avocado Toast,Food,2,7.43,14.86
9698,505166,Cappuccino,Beverage,1,4.23,4.23
9699,505167,Cold Brew,Beverage,2,4.61,9.22
9700,505167,Blueberry Muffin,Bakery,1,3.71,3.71
9701,505167,Turkey Sandwich,Food,1,8.25,8.25
9702,505168,Croissant,Bakery,1,3.2,3.2
9703,505168,Cappuccino,Beverage,2,4.16,8.32
9704,505168,Bagel with Cream Cheese,Bakery,1,3.91,3.91
9705,505169,Caesar Salad,Food,1,8.15,8.15
9706,505170,Iced Tea,Beverage,1,3.44,3.44
9707,505171,Granola Bar,Snack,1,2.69,2.69
9708,505172,Croissant,Bakery,1,3.19,3.19
9709,505173,Turkey Sandwich,Food,2,8.37,16.74
9710,505174,Fruit Cup,Snack,1,3.49,3.49
9711,505174,Granola Bar,Snack,1,2.75,2.75
9712,505175,Cappuccino,Beverage,1,4.18,4.18
9713,505175,Cold Brew,Beverage,1,4.66,4.66
9714,505176,Cappuccino,Beverage,1,4.21,4.21
9715,505177,Granola Bar,Snack,1,2.69,2.69
9716,505177,Cappuccino,Beverage,2,4.14,8.28
9717,505178,Avocado Toast,Food,1,7.32,7.32
9718,505178,Iced Tea,Beverage,2,3.49,6.98
9719,505178,Chocolate Chip Cookie,Bakery,1,2.48,2.48
9720,505179,Chocolate Chip Cookie,Bakery,2,2.45,4.9
9721,505179,Iced Tea,Beverage,1,3.43,3.43
9722,505180,Bagel with Cream Cheese,Bakery,1,3.9,3.9
9723,505180,Blueberry Muffin,Bakery,1,3.65,3.65
9724,505181,Iced Tea,Beverage,1,3.43,3.43
9725,505182,Iced Tea,Beverage,1,3.4,3.4
9726,505182,Veggie Wrap,Food,1,7.69,7.69
9727,505183,Chocolate Chip Cookie,Bakery,1,2.46,2.46
9728,505183,Avocado Toast,Food,1,7.32,7.32
9729,505183,Granola Bar,Snack,1,2.67,2.67
9730,505184,Fruit Cup,Snack,2,3.43,6.86
9731,505185,Chocolate Chip Cookie,Bakery,1,2.47,2.47
9732,505186,Iced Tea,Beverage,1,3.43,3.43
9733,505187,Veggie Wrap,Food,1,7.57,7.57
9734,505187,Avocado Toast,Food,1,7.3,7.3
9735,505188,Veggie Wrap,Food,1,7.72,7.72
9736,505188,Espresso,Beverage,1,2.96,2.96
9737,505188,Cappuccino,Beverage,1,4.13,4.13
9738,505188,Cold Brew,Beverage,1,4.72,4.72
9739,505189,Fruit Cup,Snack,1,3.48,3.48
9740,505189,Cappuccino,Beverage,2,4.14,8.28
9741,505190,Iced Tea,Beverage,1,3.45,3.45
9742,505190,Latte,Beverage,1,4.42,4.42
9743,505190,Fruit Cup,Snack,2,3.4,6.8
9744,505191,Caesar Salad,Food,1,8.12,8.12
9745,505192,Fruit Cup,Snack,2,3.5,7.0
9746,505192,Blueberry Muffin,Bakery,1,3.69,3.69
9747,505192,Granola Bar,Snack,1,2.75,2.75
9748,505193,Veggie Wrap,Food,1,7.59,7.59
9749,505193,Caesar Salad,Food,1,8.12,8.12
9750,505193,Latte,Beverage,1,4.47,4.47
9751,505194,Croissant,Bakery,2,3.18,6.36
9752,505194,Blueberry Muffin,Bakery,2,3.71,7.42
9753,505195,Cold Brew,Beverage,1,4.64,4.64
9754,505195,Bagel with Cream Cheese,Bakery,1,3.89,3.89
9755,505195,Granola Bar,Snack,1,2.69,2.69
9756,505196,Veggie Wrap,Food,1,7.58,7.58
9757,505197,Latte,Beverage,1,4.42,4.42
9758,505198,Granola Bar,Snack,1,2.75,2.75
9759,505198,Veggie Wrap,Food,1,7.7,7.7
9760,505199,Espresso,Beverage,1,2.93,2.93
9761,505200,Turkey Sandwich,Food,1,8.25,8.25
9762,505200,Caesar Salad,Food,2,8.24,16.48
9763,505201,Fruit Cup,Snack,1,3.48,3.48
9764,505201,Blueberry Muffin,Bakery,1,3.72,3.72
9765,505201,Granola Bar,Snack,1,2.71,2.71
9766,505202,Croissant,Bakery,2,3.17,6.34
9767,505203,Espresso,Beverage,1,2.96,2.96
9768,505203,Iced Tea,Beverage,1,3.48,3.48
9769,505203,Cappuccino,Beverage,1,4.13,4.13
9770,505203,Avocado Toast,Food,1,7.4,7.4
9771,505204,Blueberry Muffin,Bakery,1,3.66,3.66
9772,505204,Chocolate Chip Cookie,Bakery,1,2.47,2.47
9773,505205,Turkey Sandwich,Food,1,8.35,8.35
9774,505206,Fruit Cup,Snack,1,3.41,3.41
9775,505207,Croissant,Bakery,1,3.23,3.23
9776,505207,Blueberry Muffin,Bakery,1,3.71,3.71
9777,505208,Fruit Cup,Snack,1,3.44,3.44
9778,505208,Blueberry Muffin,Bakery,1,3.69,3.69
9779,505209,Latte,Beverage,1,4.42,4.42
9780,505209,Veggie Wrap,Food,1,7.58,7.58
9781,505210,Iced Tea,Beverage,1,3.41,3.41
9782,505210,Latte,Beverage,1,4.38,4.38
9783,505211,Chocolate Chip Cookie,Bakery,2,2.47,4.94
9784,505211,Croissant,Bakery,1,3.17,3.17
9785,505212,Latte,Beverage,1,4.38,4.38
9786,505212,Croissant,Bakery,1,3.21,3.21
9787,505212,Bagel with Cream Cheese,Bakery,1,3.92,3.92
9788,505213,Espresso,Beverage,2,2.92,5.84
9789,505213,Fruit Cup,Snack,2,3.43,6.86
9790,505213,Avocado Toast,Food,1,7.38,7.38
9791,505214,Turkey Sandwich,Food,2,8.3,16.6
9792,505215,Bagel with Cream Cheese,Bakery,2,3.9,7.8
9793,505215,Chocolate Chip Cookie,Bakery,1,2.44,2.44
9794,505215,Espresso,Beverage,1,2.96,2.96
9795,505215,Iced Tea,Beverage,1,3.47,3.47
9796,505216,Avocado Toast,Food,1,7.37,7.37
9797,505217,Caesar Salad,Food,2,8.01,16.02
9798,505217,Iced Tea,Beverage,1,3.41,3.41
9799,505218,Blueberry Muffin,Bakery,1,3.7,3.7
9800,505219,Croissant,Bakery,1,3.21,3.21
9801,505220,Bagel with Cream Cheese,Bakery,1,3.96,3.96
9802,505220,Avocado Toast,Food,1,7.39,7.39
9803,505221,Latte,Beverage,1,4.43,4.43
9804,505222,Iced Tea,Beverage,1,3.47,3.47
9805,505222,Caesar Salad,Food,1,8.01,8.01
9806,505222,Espresso,Beverage,1,2.93,2.93
9807,505222,Cold Brew,Beverage,1,4.71,4.71
9808,505223,Turkey Sandwich,Food,1,8.33,8.33
9809,505223,Blueberry Muffin,Bakery,1,3.72,3.72
9810,505224,Bagel with Cream Cheese,Bakery,2,3.97,7.94
9811,505225,Cold Brew,Beverage,1,4.61,4.61
9812,505226,Cappuccino,Beverage,1,4.19,4.19
9813,505227,Espresso,Beverage,1,2.98,2.98
9814,505228,Granola Bar,Snack,1,2.67,2.67
9815,505229,Iced Tea,Beverage,1,3.4,3.4
9816,505229,Croissant,Bakery,1,3.2,3.2
9817,505229,Granola Bar,Snack,1,2.69,2.69
9818,505229,Caesar Salad,Food,1,8.1,8.1
9819,505230,Chocolate Chip Cookie,Bakery,1,2.44,2.44
9820,505230,Turkey Sandwich,Food,1,8.46,8.46
9821,505230,Bagel with Cream Cheese,Bakery,1,3.92,3.92
9822,505230,Iced Tea,Beverage,1,3.44,3.44
9823,505231,Blueberry Muffin,Bakery,1,3.68,3.68
9824,505231,Turkey Sandwich,Food,1,8.33,8.33
9825,505231,Espresso,Beverage,1,2.99,2.99
9826,505232,Granola Bar,Snack,2,2.69,5.38
9827,505233,Turkey Sandwich,Food,1,8.25,8.25
9828,505234,Cold Brew,Beverage,1,4.65,4.65
9829,505235,Cappuccino,Beverage,1,4.22,4.22
9830,505236,Avocado Toast,Food,1,7.38,7.38
9831,505237,Turkey Sandwich,Food,2,8.25,16.5
9832,505238,Avocado Toast,Food,1,7.36,7.36
9833,505239,Latte,Beverage,2,4.38,8.76
9834,505239,Turkey Sandwich,Food,1,8.46,8.46
9835,505240,Caesar Salad,Food,2,8.23,16.46
9836,505240,Cold Brew,Beverage,1,4.63,4.63
9837,505240,Bagel with Cream Cheese,Bakery,1,3.98,3.98
9838,505240,Turkey Sandwich,Food,1,8.44,8.44
9839,505241,Espresso,Beverage,1,2.95,2.95
9840,505241,Latte,Beverage,1,4.47,4.47
9841,505242,Blueberry Muffin,Bakery,1,3.71,3.71
9842,505242,Chocolate Chip Cookie,Bakery,2,2.48,4.96
9843,505242,Fruit Cup,Snack,1,3.47,3.47
9844,505242,Cold Brew,Beverage,1,4.63,4.63
9845,505243,Cappuccino,Beverage,1,4.21,4.21
9846,505243,Chocolate Chip Cookie,Bakery,1,2.44,2.44
9847,505244,Cappuccino,Beverage,1,4.18,4.18
9848,505245,Veggie Wrap,Food,1,7.59,7.59
9849,505246,Granola Bar,Snack,2,2.73,5.46
9850,505246,Cappuccino,Beverage,1,4.21,4.21
9851,505247,Iced Tea,Beverage,1,3.4,3.4
9852,505248,Cappuccino,Beverage,2,4.14,8.28
