order_id,order_date,order_timestamp,store_location,region,customer_id,payment_method,order_total
500001,2026-01-01,2026-01-01 08:54:00,Uptown Mall,East,580,Mobile Pay,19.33
500002,2026-01-01,2026-01-01 09:00:00,Harbor Point,South,76,Credit Card,10.42
500003,2026-01-01,2026-01-01 09:48:00,Harbor Point,South,764,Credit Card,8.78
500004,2026-01-01,2026-01-01 15:46:00,Airport Kiosk,West,138,Debit Card,4.66
500005,2026-01-01,2026-01-01 08:16:00,Downtown,North,375,Debit Card,5.69
500006,2026-01-01,2026-01-01 10:07:00,Harbor Point,South,152,Credit Card,4.62
500007,2026-01-01,2026-01-01 11:59:00,Harbor Point,South,220,Mobile Pay,14.74
500008,2026-01-01,2026-01-01 10:57:00,Harbor Point,South,742,Debit Card,11.53
500009,2026-01-01,2026-01-01 10:12:00,Riverside,South,350,Credit Card,4.21
500010,2026-01-01,2026-01-01 14:20:00,Harbor Point,South,310,Credit Card,20.01
500011,2026-01-01,2026-01-01 15:12:00,Downtown,North,848,Debit Card,8.45
500012,2026-01-01,2026-01-01 10:27:00,Riverside,South,648,Debit Card,19.13
500013,2026-01-01,2026-01-01 11:22:00,Downtown,North,739,Debit Card,16.85
500014,2026-01-01,2026-01-01 15:17:00,Airport Kiosk,West,6,Cash,7.34
500015,2026-01-01,2026-01-01 10:47:00,Uptown Mall,East,422,Debit Card,5.91
500016,2026-01-01,2026-01-01 15:21:00,Uptown Mall,East,671,Credit Card,12.33
500017,2026-01-01,2026-01-01 10:21:00,Riverside,South,699,Credit Card,3.46
500018,2026-01-01,2026-01-01 15:16:00,Harbor Point,South,36,Debit Card,13.27
500019,2026-01-01,2026-01-01 13:31:00,Uptown Mall,East,881,Cash,4.44
500020,2026-01-01,2026-01-01 10:01:00,Downtown,North,288,Debit Card,16.63
500021,2026-01-01,2026-01-01 18:13:00,Uptown Mall,East,827,Credit Card,2.5
500022,2026-01-01,2026-01-01 09:33:00,Airport Kiosk,West,613,Credit Card,12.83
500023,2026-01-01,2026-01-01 16:39:00,Harbor Point,South,689,Debit Card,3.47
500024,2026-01-01,2026-01-01 10:43:00,Uptown Mall,East,518,Credit Card,3.24
500025,2026-01-01,2026-01-01 18:05:00,Harbor Point,South,364,Debit Card,8.06
500026,2026-01-01,2026-01-01 08:07:00,Airport Kiosk,West,93,Credit Card,4.49
500027,2026-01-01,2026-01-01 16:13:00,Uptown Mall,East,212,Debit Card,12.83
500028,2026-01-02,2026-01-02 09:31:00,Downtown,North,638,Cash,3.45
500029,2026-01-02,2026-01-02 09:16:00,Harbor Point,South,370,Mobile Pay,2.7
500030,2026-01-02,2026-01-02 09:30:00,Airport Kiosk,West,866,Credit Card,15.13
500031,2026-01-02,2026-01-02 11:57:00,Downtown,North,407,Mobile Pay,3.21
500032,2026-01-02,2026-01-02 14:29:00,Riverside,South,401,Cash,7.91
500033,2026-01-02,2026-01-02 13:27:00,Riverside,South,440,Cash,4.16
500034,2026-01-02,2026-01-02 09:55:00,Riverside,South,296,Debit Card,3.47
500035,2026-01-02,2026-01-02 09:09:00,Airport Kiosk,West,676,Credit Card,10.08
500036,2026-01-02,2026-01-02 07:08:00,Uptown Mall,East,750,Mobile Pay,13.08
500037,2026-01-02,2026-01-02 10:08:00,Uptown Mall,East,885,Cash,3.25
500038,2026-01-02,2026-01-02 09:00:00,Airport Kiosk,West,585,Mobile Pay,4.2
500039,2026-01-02,2026-01-02 09:26:00,Downtown,North,338,Credit Card,16.55
500040,2026-01-02,2026-01-02 07:20:00,Downtown,North,314,Debit Card,19.1
500041,2026-01-02,2026-01-02 09:45:00,Uptown Mall,East,615,Credit Card,10.84
500042,2026-01-02,2026-01-02 18:46:00,Harbor Point,South,15,Debit Card,4.24
500043,2026-01-02,2026-01-02 08:05:00,Harbor Point,South,729,Mobile Pay,16.76
500044,2026-01-02,2026-01-02 07:50:00,Downtown,North,843,Debit Card,10.81
500045,2026-01-02,2026-01-02 16:08:00,Harbor Point,South,862,Debit Card,7.15
500046,2026-01-02,2026-01-02 18:48:00,Downtown,North,235,Debit Card,11.36
500047,2026-01-02,2026-01-02 12:28:00,Downtown,North,426,Mobile Pay,6.63
500048,2026-01-02,2026-01-02 13:11:00,Downtown,North,886,Credit Card,2.94
500049,2026-01-02,2026-01-02 10:42:00,Downtown,North,763,Credit Card,4.13
500050,2026-01-02,2026-01-02 09:53:00,Harbor Point,South,773,Credit Card,3.2
500051,2026-01-03,2026-01-03 08:48:00,Harbor Point,South,553,Credit Card,5.46
500052,2026-01-03,2026-01-03 10:26:00,Riverside,South,134,Cash,12.57
500053,2026-01-03,2026-01-03 07:56:00,Uptown Mall,East,166,Mobile Pay,10.71
500054,2026-01-03,2026-01-03 16:33:00,Airport Kiosk,West,551,Credit Card,7.84
500055,2026-01-03,2026-01-03 07:46:00,Airport Kiosk,West,323,Debit Card,3.43
500056,2026-01-03,2026-01-03 15:20:00,Downtown,North,536,Credit Card,14.37
500057,2026-01-03,2026-01-03 09:22:00,Uptown Mall,East,428,Debit Card,11.82
500058,2026-01-03,2026-01-03 07:25:00,Harbor Point,South,118,Credit Card,3.91
500059,2026-01-03,2026-01-03 18:46:00,Uptown Mall,East,856,Credit Card,3.98
500060,2026-01-03,2026-01-03 09:50:00,Downtown,North,403,Cash,11.9
500061,2026-01-03,2026-01-03 09:58:00,Downtown,North,516,Cash,11.4
500062,2026-01-03,2026-01-03 10:53:00,Uptown Mall,East,101,Mobile Pay,6.32
500063,2026-01-03,2026-01-03 16:11:00,Riverside,South,236,Debit Card,8.14
500064,2026-01-03,2026-01-03 15:30:00,Harbor Point,South,220,Credit Card,27.82
500065,2026-01-03,2026-01-03 09:10:00,Riverside,South,498,Mobile Pay,21.49
500066,2026-01-03,2026-01-03 08:18:00,Riverside,South,578,Debit Card,3.23
500067,2026-01-03,2026-01-03 08:12:00,Downtown,North,357,Mobile Pay,8.13
500068,2026-01-03,2026-01-03 12:22:00,Uptown Mall,East,120,Debit Card,12.38
500069,2026-01-03,2026-01-03 11:51:00,Harbor Point,South,840,Mobile Pay,24.64
500070,2026-01-03,2026-01-03 09:47:00,Uptown Mall,East,219,Credit Card,15.9
500071,2026-01-03,2026-01-03 12:00:00,Riverside,South,686,Credit Card,2.45
500072,2026-01-03,2026-01-03 12:12:00,Harbor Point,South,53,Mobile Pay,17.99
500073,2026-01-03,2026-01-03 15:35:00,Uptown Mall,East,592,Cash,28.53
500074,2026-01-03,2026-01-03 13:56:00,Downtown,North,882,Mobile Pay,8.1
500075,2026-01-03,2026-01-03 17:29:00,Riverside,South,847,Debit Card,4.19
500076,2026-01-03,2026-01-03 08:17:00,Airport Kiosk,West,134,Cash,3.2
500077,2026-01-03,2026-01-03 07:17:00,Downtown,North,471,Mobile Pay,15.46
500078,2026-01-03,2026-01-03 12:02:00,Airport Kiosk,West,23,Debit Card,15.45
500079,2026-01-03,2026-01-03 18:58:00,Riverside,South,660,Credit Card,7.2
500080,2026-01-03,2026-01-03 08:18:00,Riverside,South,272,Debit Card,10.52
500081,2026-01-03,2026-01-03 10:32:00,Riverside,South,552,Cash,21.58
500082,2026-01-03,2026-01-03 14:09:00,Riverside,South,216,Debit Card,9.82
500083,2026-01-04,2026-01-04 07:13:00,Downtown,North,460,Debit Card,7.64
500084,2026-01-04,2026-01-04 09:28:00,Airport Kiosk,West,851,Mobile Pay,7.38
500085,2026-01-04,2026-01-04 09:49:00,Riverside,South,528,Credit Card,4.71
500086,2026-01-04,2026-01-04 14:31:00,Uptown Mall,East,456,Debit Card,8.22
500087,2026-01-04,2026-01-04 09:38:00,Harbor Point,South,178,Credit Card,7.71
500088,2026-01-04,2026-01-04 10:48:00,Riverside,South,405,Credit Card,7.69
500089,2026-01-04,2026-01-04 18:49:00,Uptown Mall,East,590,Mobile Pay,8.36
500090,2026-01-04,2026-01-04 15:17:00,Harbor Point,South,296,Mobile Pay,7.62
500091,2026-01-04,2026-01-04 11:48:00,Harbor Point,South,449,Credit Card,4.21
500092,2026-01-04,2026-01-04 07:09:00,Harbor Point,South,642,Debit Card,15.92
500093,2026-01-04,2026-01-04 18:31:00,Riverside,South,524,Cash,8.07
500094,2026-01-04,2026-01-04 15:18:00,Riverside,South,440,Credit Card,2.44
500095,2026-01-04,2026-01-04 12:57:00,Harbor Point,South,630,Cash,3.93
500096,2026-01-04,2026-01-04 18:24:00,Downtown,North,45,Credit Card,3.89
500097,2026-01-04,2026-01-04 18:14:00,Harbor Point,South,570,Debit Card,8.19
500098,2026-01-04,2026-01-04 13:27:00,Downtown,North,813,Mobile Pay,2.94
500099,2026-01-04,2026-01-04 18:08:00,Riverside,South,600,Credit Card,2.92
500100,2026-01-04,2026-01-04 09:12:00,Downtown,North,852,Debit Card,6.91
500101,2026-01-04,2026-01-04 08:35:00,Downtown,North,837,Debit Card,11.39
500102,2026-01-04,2026-01-04 08:03:00,Harbor Point,South,562,Debit Card,7.61
500103,2026-01-04,2026-01-04 10:53:00,Uptown Mall,East,852,Debit Card,3.93
500104,2026-01-04,2026-01-04 08:34:00,Airport Kiosk,West,509,Debit Card,16.28
500105,2026-01-04,2026-01-04 13:52:00,Uptown Mall,East,810,Mobile Pay,10.49
500106,2026-01-04,2026-01-04 09:31:00,Riverside,South,607,Debit Card,13.65
500107,2026-01-04,2026-01-04 09:20:00,Riverside,South,725,Debit Card,29.92
500108,2026-01-04,2026-01-04 09:47:00,Riverside,South,495,Mobile Pay,15.01
500109,2026-01-04,2026-01-04 12:02:00,Riverside,South,172,Credit Card,9.11
500110,2026-01-04,2026-01-04 13:21:00,Riverside,South,177,Cash,8.21
500111,2026-01-04,2026-01-04 11:27:00,Airport Kiosk,West,213,Credit Card,8.41
500112,2026-01-04,2026-01-04 07:26:00,Riverside,South,479,Credit Card,3.7
500113,2026-01-04,2026-01-04 13:11:00,Harbor Point,South,868,Debit Card,3.73
500114,2026-01-04,2026-01-04 15:36:00,Riverside,South,799,Debit Card,12.2
500115,2026-01-04,2026-01-04 09:29:00,Uptown Mall,East,676,Credit Card,3.99
500116,2026-01-04,2026-01-04 10:52:00,Airport Kiosk,West,715,Debit Card,2.95
500117,2026-01-04,2026-01-04 10:27:00,Airport Kiosk,West,4,Credit Card,14.81
500118,2026-01-05,2026-01-05 10:03:00,Downtown,North,470,Credit Card,3.49
500119,2026-01-05,2026-01-05 09:46:00,Riverside,South,305,Mobile Pay,15.92
500120,2026-01-05,2026-01-05 10:21:00,Uptown Mall,East,220,Credit Card,3.46
500121,2026-01-05,2026-01-05 17:35:00,Riverside,South,124,Credit Card,10.59
500122,2026-01-05,2026-01-05 09:57:00,Uptown Mall,East,125,Debit Card,7.96
500123,2026-01-05,2026-01-05 18:33:00,Harbor Point,South,60,Debit Card,10.74
500124,2026-01-05,2026-01-05 09:15:00,Downtown,North,784,Credit Card,16.3
500125,2026-01-05,2026-01-05 09:00:00,Riverside,South,477,Debit Card,4.48
500126,2026-01-05,2026-01-05 08:17:00,Uptown Mall,East,226,Mobile Pay,8.42
500127,2026-01-05,2026-01-05 14:49:00,Downtown,North,478,Mobile Pay,4.37
500128,2026-01-05,2026-01-05 10:39:00,Harbor Point,South,337,Mobile Pay,4.4
500129,2026-01-05,2026-01-05 15:14:00,Uptown Mall,East,757,Mobile Pay,5.43
500130,2026-01-06,2026-01-06 12:58:00,Uptown Mall,East,510,Mobile Pay,3.72
500131,2026-01-06,2026-01-06 08:33:00,Uptown Mall,East,506,Cash,13.92
500132,2026-01-06,2026-01-06 12:40:00,Riverside,South,81,Mobile Pay,7.64
500133,2026-01-06,2026-01-06 10:44:00,Downtown,North,127,Credit Card,15.23
500134,2026-01-06,2026-01-06 08:49:00,Uptown Mall,East,687,Debit Card,8.12
500135,2026-01-06,2026-01-06 08:43:00,Airport Kiosk,West,726,Debit Card,13.84
500136,2026-01-06,2026-01-06 10:06:00,Uptown Mall,East,838,Credit Card,10.59
500137,2026-01-06,2026-01-06 15:05:00,Harbor Point,South,176,Debit Card,4.72
500138,2026-01-06,2026-01-06 10:18:00,Harbor Point,South,834,Debit Card,18.68
500139,2026-01-06,2026-01-06 08:50:00,Airport Kiosk,West,632,Cash,3.9
500140,2026-01-06,2026-01-06 09:38:00,Airport Kiosk,West,265,Mobile Pay,19.15
500141,2026-01-06,2026-01-06 08:19:00,Riverside,South,617,Credit Card,22.15
500142,2026-01-06,2026-01-06 08:29:00,Riverside,South,677,Debit Card,3.23
500143,2026-01-06,2026-01-06 07:05:00,Downtown,North,625,Mobile Pay,15.69
500144,2026-01-06,2026-01-06 15:22:00,Uptown Mall,East,785,Debit Card,18.6
500145,2026-01-06,2026-01-06 14:01:00,Airport Kiosk,West,672,Mobile Pay,22.78
500146,2026-01-06,2026-01-06 11:26:00,Riverside,South,798,Cash,7.9
500147,2026-01-06,2026-01-06 07:24:00,Riverside,South,286,Credit Card,4.94
500148,2026-01-06,2026-01-06 12:18:00,Downtown,North,417,Credit Card,6.46
500149,2026-01-06,2026-01-06 12:24:00,Harbor Point,South,355,Credit Card,14.21
500150,2026-01-06,2026-01-06 07:21:00,Riverside,South,490,Credit Card,10.49
500151,2026-01-06,2026-01-06 16:46:00,Uptown Mall,East,878,Debit Card,12.09
500152,2026-01-06,2026-01-06 13:53:00,Downtown,North,488,Credit Card,5.42
500153,2026-01-06,2026-01-06 09:27:00,Downtown,North,817,Credit Card,7.28
500154,2026-01-06,2026-01-06 09:06:00,Downtown,North,838,Debit Card,6.97
500155,2026-01-06,2026-01-06 08:50:00,Riverside,South,49,Credit Card,3.93
500156,2026-01-07,2026-01-07 09:41:00,Riverside,South,529,Cash,7.66
500157,2026-01-07,2026-01-07 09:38:00,Harbor Point,South,731,Debit Card,3.23
500158,2026-01-07,2026-01-07 11:24:00,Airport Kiosk,West,626,Credit Card,7.61
500159,2026-01-07,2026-01-07 08:01:00,Harbor Point,South,165,Cash,5.96
500160,2026-01-07,2026-01-07 08:53:00,Harbor Point,South,506,Cash,7.74
500161,2026-01-07,2026-01-07 08:11:00,Harbor Point,South,512,Credit Card,23.47
500162,2026-01-07,2026-01-07 12:50:00,Harbor Point,South,537,Mobile Pay,11.12
500163,2026-01-07,2026-01-07 18:44:00,Harbor Point,South,320,Cash,7.55
500164,2026-01-07,2026-01-07 09:52:00,Riverside,South,294,Credit Card,2.91
500165,2026-01-07,2026-01-07 09:38:00,Riverside,South,390,Cash,4.38
500166,2026-01-07,2026-01-07 09:25:00,Airport Kiosk,West,456,Mobile Pay,17.88
500167,2026-01-07,2026-01-07 08:21:00,Harbor Point,South,699,Cash,15.26
500168,2026-01-07,2026-01-07 09:35:00,Downtown,North,541,Cash,7.84
500169,2026-01-07,2026-01-07 11:25:00,Harbor Point,South,67,Credit Card,12.93
500170,2026-01-07,2026-01-07 08:54:00,Airport Kiosk,West,875,Credit Card,10.61
500171,2026-01-07,2026-01-07 18:48:00,Riverside,South,447,Cash,4.74
500172,2026-01-07,2026-01-07 13:59:00,Riverside,South,732,Cash,13.06
500173,2026-01-07,2026-01-07 07:48:00,Downtown,North,606,Debit Card,8.5
500174,2026-01-07,2026-01-07 07:10:00,Uptown Mall,East,836,Cash,7.47
500175,2026-01-07,2026-01-07 08:40:00,Riverside,South,794,Credit Card,10.78
500176,2026-01-07,2026-01-07 17:33:00,Uptown Mall,East,347,Cash,4.16
500177,2026-01-08,2026-01-08 07:36:00,Downtown,North,857,Debit Card,5.96
500178,2026-01-08,2026-01-08 09:10:00,Downtown,North,606,Cash,10.96
500179,2026-01-08,2026-01-08 13:17:00,Uptown Mall,East,748,Cash,8.59
500180,2026-01-08,2026-01-08 13:04:00,Airport Kiosk,West,228,Cash,7.45
500181,2026-01-08,2026-01-08 15:41:00,Riverside,South,883,Credit Card,4.49
500182,2026-01-08,2026-01-08 14:20:00,Airport Kiosk,West,168,Credit Card,6.87
500183,2026-01-08,2026-01-08 08:51:00,Harbor Point,South,479,Mobile Pay,2.48
500184,2026-01-08,2026-01-08 13:49:00,Uptown Mall,East,349,Debit Card,12.59
500185,2026-01-08,2026-01-08 12:54:00,Harbor Point,South,221,Credit Card,7.53
500186,2026-01-08,2026-01-08 09:23:00,Harbor Point,South,426,Credit Card,7.41
500187,2026-01-08,2026-01-08 17:12:00,Harbor Point,South,112,Mobile Pay,3.91
500188,2026-01-08,2026-01-08 15:24:00,Uptown Mall,East,534,Mobile Pay,7.69
500189,2026-01-08,2026-01-08 11:19:00,Uptown Mall,East,664,Credit Card,3.48
500190,2026-01-08,2026-01-08 08:40:00,Airport Kiosk,West,594,Debit Card,7.07
500191,2026-01-09,2026-01-09 18:51:00,Airport Kiosk,West,250,Cash,10.57
500192,2026-01-09,2026-01-09 07:02:00,Riverside,South,426,Debit Card,3.66
500193,2026-01-09,2026-01-09 09:29:00,Uptown Mall,East,859,Credit Card,3.17
500194,2026-01-09,2026-01-09 16:34:00,Downtown,North,871,Credit Card,3.23
500195,2026-01-09,2026-01-09 11:39:00,Airport Kiosk,West,494,Credit Card,8.1
500196,2026-01-09,2026-01-09 12:48:00,Downtown,North,618,Mobile Pay,21.47
500197,2026-01-09,2026-01-09 15:38:00,Airport Kiosk,West,11,Debit Card,10.05
500198,2026-01-09,2026-01-09 09:25:00,Downtown,North,799,Debit Card,3.66
500199,2026-01-09,2026-01-09 08:43:00,Uptown Mall,East,262,Mobile Pay,3.45
500200,2026-01-09,2026-01-09 09:47:00,Downtown,North,770,Credit Card,8.43
500201,2026-01-09,2026-01-09 08:12:00,Uptown Mall,East,11,Cash,8.82
500202,2026-01-09,2026-01-09 17:09:00,Uptown Mall,East,309,Debit Card,3.24
500203,2026-01-09,2026-01-09 08:34:00,Riverside,South,239,Cash,23.11
500204,2026-01-09,2026-01-09 11:35:00,Airport Kiosk,West,628,Mobile Pay,7.32
500205,2026-01-09,2026-01-09 09:53:00,Riverside,South,803,Cash,19.84
500206,2026-01-09,2026-01-09 08:38:00,Harbor Point,South,287,Cash,8.26
500207,2026-01-10,2026-01-10 08:08:00,Uptown Mall,East,190,Debit Card,3.46
500208,2026-01-10,2026-01-10 12:49:00,Harbor Point,South,381,Credit Card,9.37
500209,2026-01-10,2026-01-10 10:32:00,Uptown Mall,East,425,Credit Card,18.5
500210,2026-01-10,2026-01-10 15:49:00,Uptown Mall,East,489,Debit Card,15.37
500211,2026-01-10,2026-01-10 17:04:00,Harbor Point,South,24,Cash,4.48
500212,2026-01-10,2026-01-10 11:38:00,Riverside,South,412,Cash,23.78
500213,2026-01-10,2026-01-10 13:26:00,Harbor Point,South,746,Credit Card,3.47
500214,2026-01-10,2026-01-10 10:02:00,Uptown Mall,East,575,Mobile Pay,13.95
500215,2026-01-10,2026-01-10 10:03:00,Harbor Point,South,461,Credit Card,8.92
500216,2026-01-10,2026-01-10 07:16:00,Riverside,South,807,Credit Card,12.31
500217,2026-01-10,2026-01-10 08:45:00,Uptown Mall,East,540,Credit Card,22.86
500218,2026-01-10,2026-01-10 08:30:00,Airport Kiosk,West,571,Debit Card,7.65
500219,2026-01-10,2026-01-10 15:31:00,Harbor Point,South,351,Credit Card,3.41
500220,2026-01-10,2026-01-10 13:04:00,Uptown Mall,East,502,Cash,20.49
500221,2026-01-10,2026-01-10 12:18:00,Uptown Mall,East,10,Credit Card,7.38
500222,2026-01-10,2026-01-10 10:10:00,Riverside,South,29,Credit Card,6.96
500223,2026-01-10,2026-01-10 13:31:00,Riverside,South,114,Debit Card,10.85
500224,2026-01-10,2026-01-10 10:06:00,Airport Kiosk,West,62,Mobile Pay,2.67
500225,2026-01-10,2026-01-10 18:17:00,Downtown,North,468,Credit Card,3.67
500226,2026-01-10,2026-01-10 09:20:00,Airport Kiosk,West,216,Mobile Pay,5.39
500227,2026-01-10,2026-01-10 08:24:00,Downtown,North,458,Debit Card,10.2
500228,2026-01-10,2026-01-10 14:13:00,Airport Kiosk,West,502,Mobile Pay,21.17
500229,2026-01-10,2026-01-10 14:17:00,Downtown,North,41,Credit Card,11.97
500230,2026-01-10,2026-01-10 16:28:00,Downtown,North,787,Mobile Pay,22.17
500231,2026-01-10,2026-01-10 13:27:00,Downtown,North,468,Debit Card,2.97
500232,2026-01-10,2026-01-10 13:09:00,Downtown,North,655,Cash,4.73
500233,2026-01-10,2026-01-10 08:23:00,Harbor Point,South,471,Mobile Pay,23.62
500234,2026-01-11,2026-01-11 08:00:00,Uptown Mall,East,863,Debit Card,31.79
500235,2026-01-11,2026-01-11 08:04:00,Downtown,North,386,Credit Card,23.4
500236,2026-01-11,2026-01-11 09:46:00,Airport Kiosk,West,354,Credit Card,18.44
500237,2026-01-11,2026-01-11 18:18:00,Downtown,North,269,Debit Card,12.3
500238,2026-01-11,2026-01-11 11:00:00,Riverside,South,682,Debit Card,12.68
500239,2026-01-11,2026-01-11 12:17:00,Riverside,South,5,Credit Card,11.25
500240,2026-01-11,2026-01-11 08:17:00,Uptown Mall,East,606,Credit Card,4.71
500241,2026-01-11,2026-01-11 09:39:00,Airport Kiosk,West,264,Mobile Pay,8.35
500242,2026-01-11,2026-01-11 13:13:00,Airport Kiosk,West,407,Credit Card,16.89
500243,2026-01-11,2026-01-11 13:52:00,Uptown Mall,East,397,Credit Card,21.17
500244,2026-01-11,2026-01-11 09:08:00,Airport Kiosk,West,87,Debit Card,8.34
500245,2026-01-11,2026-01-11 14:04:00,Downtown,North,165,Cash,7.52
500246,2026-01-11,2026-01-11 18:00:00,Harbor Point,South,854,Credit Card,7.17
500247,2026-01-11,2026-01-11 11:14:00,Uptown Mall,East,309,Cash,18.81
500248,2026-01-11,2026-01-11 08:51:00,Riverside,South,875,Credit Card,11.27
500249,2026-01-11,2026-01-11 08:53:00,Harbor Point,South,605,Debit Card,11.3
500250,2026-01-11,2026-01-11 12:11:00,Airport Kiosk,West,262,Mobile Pay,5.94
500251,2026-01-11,2026-01-11 09:42:00,Harbor Point,South,399,Credit Card,6.7
500252,2026-01-11,2026-01-11 11:42:00,Riverside,South,880,Credit Card,14.72
500253,2026-01-11,2026-01-11 17:53:00,Riverside,South,34,Debit Card,7.57
500254,2026-01-11,2026-01-11 12:15:00,Downtown,North,805,Credit Card,10.17
500255,2026-01-11,2026-01-11 08:10:00,Uptown Mall,East,734,Cash,4.41
500256,2026-01-11,2026-01-11 12:48:00,Riverside,South,246,Credit Card,4.13
500257,2026-01-11,2026-01-11 11:00:00,Harbor Point,South,216,Cash,14.93
500258,2026-01-11,2026-01-11 08:03:00,Airport Kiosk,West,51,Mobile Pay,5.61
500259,2026-01-11,2026-01-11 09:21:00,Riverside,South,734,Credit Card,4.48
500260,2026-01-11,2026-01-11 08:51:00,Uptown Mall,East,131,Credit Card,12.53
500261,2026-01-11,2026-01-11 13:10:00,Harbor Point,South,453,Mobile Pay,4.69
500262,2026-01-11,2026-01-11 17:36:00,Airport Kiosk,West,517,Debit Card,6.15
500263,2026-01-11,2026-01-11 08:05:00,Airport Kiosk,West,750,Credit Card,10.03
500264,2026-01-11,2026-01-11 12:54:00,Riverside,South,226,Debit Card,13.88
500265,2026-01-11,2026-01-11 10:31:00,Uptown Mall,East,726,Cash,2.44
500266,2026-01-11,2026-01-11 07:10:00,Downtown,North,49,Cash,4.71
500267,2026-01-11,2026-01-11 13:23:00,Airport Kiosk,West,750,Credit Card,5.44
500268,2026-01-11,2026-01-11 12:43:00,Downtown,North,812,Mobile Pay,14.54
500269,2026-01-11,2026-01-11 16:51:00,Downtown,North,325,Mobile Pay,6.67
500270,2026-01-11,2026-01-11 12:18:00,Uptown Mall,East,50,Credit Card,7.34
500271,2026-01-11,2026-01-11 17:22:00,Downtown,North,154,Credit Card,18.5
500272,2026-01-11,2026-01-11 17:26:00,Uptown Mall,East,887,Mobile Pay,3.41
500273,2026-01-12,2026-01-12 12:14:00,Downtown,North,356,Cash,15.59
500274,2026-01-12,2026-01-12 12:15:00,Downtown,North,464,Credit Card,4.63
500275,2026-01-12,2026-01-12 10:23:00,Downtown,North,748,Debit Card,2.45
500276,2026-01-12,2026-01-12 16:14:00,Airport Kiosk,West,841,Cash,9.63
500277,2026-01-12,2026-01-12 10:15:00,Riverside,South,123,Mobile Pay,18.15
500278,2026-01-12,2026-01-12 13:20:00,Uptown Mall,East,675,Mobile Pay,8.18
500279,2026-01-12,2026-01-12 08:57:00,Riverside,South,171,Cash,3.17
500280,2026-01-12,2026-01-12 07:51:00,Uptown Mall,East,644,Debit Card,11.57
500281,2026-01-12,2026-01-12 09:49:00,Harbor Point,South,751,Credit Card,4.67
500282,2026-01-12,2026-01-12 08:23:00,Airport Kiosk,West,120,Cash,4.63
500283,2026-01-12,2026-01-12 09:27:00,Airport Kiosk,West,27,Credit Card,20.06
500284,2026-01-12,2026-01-12 09:12:00,Uptown Mall,East,765,Credit Card,8.17
500285,2026-01-12,2026-01-12 13:22:00,Downtown,North,266,Credit Card,8.74
500286,2026-01-12,2026-01-12 09:55:00,Riverside,South,538,Credit Card,10.19
500287,2026-01-12,2026-01-12 09:57:00,Airport Kiosk,West,87,Credit Card,7.84
500288,2026-01-12,2026-01-12 08:29:00,Airport Kiosk,West,2,Cash,20.75
500289,2026-01-12,2026-01-12 09:37:00,Harbor Point,South,244,Mobile Pay,16.9
500290,2026-01-12,2026-01-12 09:59:00,Downtown,North,345,Cash,6.93
500291,2026-01-12,2026-01-12 18:46:00,Uptown Mall,East,777,Debit Card,3.2
500292,2026-01-12,2026-01-12 12:39:00,Uptown Mall,East,806,Cash,7.06
500293,2026-01-12,2026-01-12 10:29:00,Riverside,South,238,Credit Card,16.49
500294,2026-01-12,2026-01-12 18:57:00,Harbor Point,South,773,Credit Card,16.27
500295,2026-01-13,2026-01-13 07:23:00,Harbor Point,South,829,Debit Card,8.44
500296,2026-01-13,2026-01-13 18:39:00,Downtown,North,109,Cash,2.97
500297,2026-01-13,2026-01-13 09:03:00,Downtown,North,427,Credit Card,6.15
500298,2026-01-13,2026-01-13 08:23:00,Riverside,South,437,Mobile Pay,13.17
500299,2026-01-13,2026-01-13 07:59:00,Uptown Mall,East,142,Credit Card,10.56
500300,2026-01-13,2026-01-13 16:32:00,Harbor Point,South,176,Mobile Pay,7.3
500301,2026-01-13,2026-01-13 08:24:00,Riverside,South,58,Mobile Pay,3.23
500302,2026-01-13,2026-01-13 08:14:00,Harbor Point,South,689,Mobile Pay,9.73
500303,2026-01-13,2026-01-13 09:07:00,Uptown Mall,East,444,Cash,16.84
500304,2026-01-13,2026-01-13 17:51:00,Downtown,North,94,Credit Card,7.46
500305,2026-01-13,2026-01-13 15:10:00,Harbor Point,South,470,Credit Card,6.19
500306,2026-01-13,2026-01-13 08:02:00,Uptown Mall,East,825,Credit Card,4.63
500307,2026-01-13,2026-01-13 13:54:00,Uptown Mall,East,561,Credit Card,23.55
500308,2026-01-13,2026-01-13 11:42:00,Uptown Mall,East,337,Debit Card,3.2
500309,2026-01-13,2026-01-13 13:11:00,Riverside,South,8,Cash,13.4
500310,2026-01-13,2026-01-13 10:35:00,Downtown,North,328,Cash,6.35
500311,2026-01-13,2026-01-13 16:40:00,Downtown,North,886,Debit Card,20.19
500312,2026-01-14,2026-01-14 13:38:00,Harbor Point,South,614,Credit Card,20.99
500313,2026-01-14,2026-01-14 13:02:00,Airport Kiosk,West,632,Cash,3.64
500314,2026-01-14,2026-01-14 09:35:00,Uptown Mall,East,587,Cash,6.67
500315,2026-01-14,2026-01-14 16:38:00,Uptown Mall,East,873,Cash,18.4
500316,2026-01-14,2026-01-14 08:10:00,Downtown,North,345,Mobile Pay,8.05
500317,2026-01-14,2026-01-14 11:59:00,Uptown Mall,East,364,Cash,19.33
500318,2026-01-14,2026-01-14 08:55:00,Downtown,North,244,Debit Card,12.05
500319,2026-01-14,2026-01-14 13:05:00,Downtown,North,632,Mobile Pay,7.44
500320,2026-01-14,2026-01-14 10:38:00,Harbor Point,South,802,Mobile Pay,10.57
500321,2026-01-14,2026-01-14 12:57:00,Riverside,South,544,Credit Card,5.96
500322,2026-01-14,2026-01-14 08:25:00,Harbor Point,South,281,Credit Card,27.35
500323,2026-01-14,2026-01-14 18:48:00,Harbor Point,South,4,Mobile Pay,23.82
500324,2026-01-14,2026-01-14 10:26:00,Uptown Mall,East,806,Credit Card,3.94
500325,2026-01-14,2026-01-14 12:44:00,Riverside,South,776,Mobile Pay,10.58
500326,2026-01-14,2026-01-14 07:36:00,Riverside,South,57,Credit Card,8.33
500327,2026-01-14,2026-01-14 18:42:00,Airport Kiosk,West,281,Credit Card,7.3
500328,2026-01-14,2026-01-14 07:32:00,Airport Kiosk,West,451,Credit Card,14.95
500329,2026-01-14,2026-01-14 18:57:00,Riverside,South,505,Cash,12.15
500330,2026-01-14,2026-01-14 08:15:00,Harbor Point,South,683,Debit Card,7.43
500331,2026-01-14,2026-01-14 09:21:00,Airport Kiosk,West,235,Credit Card,18.01
500332,2026-01-14,2026-01-14 09:09:00,Harbor Point,South,323,Credit Card,6.44
500333,2026-01-14,2026-01-14 13:55:00,Downtown,North,428,Credit Card,10.21
500334,2026-01-15,2026-01-15 13:12:00,Riverside,South,529,Credit Card,3.9
500335,2026-01-15,2026-01-15 07:50:00,Downtown,North,25,Cash,3.2
500336,2026-01-15,2026-01-15 07:35:00,Downtown,North,381,Debit Card,6.34
500337,2026-01-15,2026-01-15 17:44:00,Uptown Mall,East,601,Cash,3.45
500338,2026-01-15,2026-01-15 13:33:00,Harbor Point,South,356,Credit Card,3.67
500339,2026-01-15,2026-01-15 08:50:00,Uptown Mall,East,383,Debit Card,6.62
500340,2026-01-15,2026-01-15 07:17:00,Downtown,North,136,Credit Card,8.41
500341,2026-01-15,2026-01-15 07:59:00,Riverside,South,720,Debit Card,15.52
500342,2026-01-15,2026-01-15 15:15:00,Airport Kiosk,West,562,Mobile Pay,8.11
500343,2026-01-15,2026-01-15 17:53:00,Airport Kiosk,West,869,Debit Card,8.6
500344,2026-01-15,2026-01-15 09:19:00,Uptown Mall,East,302,Debit Card,4.42
500345,2026-01-15,2026-01-15 09:03:00,Airport Kiosk,West,28,Debit Card,14.07
500346,2026-01-15,2026-01-15 17:59:00,Riverside,South,340,Credit Card,10.88
500347,2026-01-15,2026-01-15 18:55:00,Harbor Point,South,397,Credit Card,15.8
500348,2026-01-15,2026-01-15 15:27:00,Riverside,South,756,Credit Card,11.91
500349,2026-01-15,2026-01-15 13:44:00,Downtown,North,78,Credit Card,12.88
500350,2026-01-15,2026-01-15 10:05:00,Riverside,South,700,Cash,19.9
500351,2026-01-15,2026-01-15 08:48:00,Harbor Point,South,885,Cash,11.47
500352,2026-01-15,2026-01-15 07:41:00,Harbor Point,South,509,Credit Card,12.83
500353,2026-01-15,2026-01-15 07:55:00,Harbor Point,South,664,Mobile Pay,2.46
500354,2026-01-16,2026-01-16 07:15:00,Riverside,South,91,Debit Card,15.86
500355,2026-01-16,2026-01-16 09:52:00,Uptown Mall,East,355,Debit Card,16.17
500356,2026-01-16,2026-01-16 09:36:00,Riverside,South,244,Cash,3.47
500357,2026-01-16,2026-01-16 15:16:00,Uptown Mall,East,377,Mobile Pay,8.28
500358,2026-01-16,2026-01-16 10:46:00,Uptown Mall,East,778,Credit Card,6.9
500359,2026-01-16,2026-01-16 13:18:00,Uptown Mall,East,804,Mobile Pay,2.49
500360,2026-01-16,2026-01-16 08:58:00,Harbor Point,South,340,Debit Card,7.68
500361,2026-01-16,2026-01-16 17:27:00,Downtown,North,142,Credit Card,7.78
500362,2026-01-16,2026-01-16 08:02:00,Airport Kiosk,West,374,Cash,10.34
500363,2026-01-16,2026-01-16 09:44:00,Uptown Mall,East,334,Debit Card,6.68
500364,2026-01-16,2026-01-16 11:34:00,Downtown,North,71,Debit Card,4.24
500365,2026-01-16,2026-01-16 17:46:00,Harbor Point,South,504,Cash,2.94
500366,2026-01-16,2026-01-16 09:51:00,Uptown Mall,East,703,Mobile Pay,18.84
500367,2026-01-16,2026-01-16 13:18:00,Harbor Point,South,888,Mobile Pay,3.48
500368,2026-01-16,2026-01-16 09:13:00,Uptown Mall,East,764,Cash,7.63
500369,2026-01-16,2026-01-16 16:55:00,Downtown,North,279,Credit Card,10.74
500370,2026-01-16,2026-01-16 08:32:00,Airport Kiosk,West,543,Debit Card,6.16
500371,2026-01-16,2026-01-16 15:05:00,Riverside,South,72,Debit Card,14.66
500372,2026-01-16,2026-01-16 15:47:00,Downtown,North,796,Credit Card,24.28
500373,2026-01-17,2026-01-17 18:10:00,Downtown,North,372,Debit Card,12.28
500374,2026-01-17,2026-01-17 10:59:00,Harbor Point,South,307,Credit Card,8.36
500375,2026-01-17,2026-01-17 17:35:00,Riverside,South,420,Debit Card,7.71
500376,2026-01-17,2026-01-17 14:28:00,Riverside,South,486,Credit Card,19.65
500377,2026-01-17,2026-01-17 09:35:00,Riverside,South,867,Debit Card,12.83
500378,2026-01-17,2026-01-17 09:52:00,Riverside,South,133,Mobile Pay,8.11
500379,2026-01-17,2026-01-17 11:20:00,Uptown Mall,East,292,Debit Card,23.64
500380,2026-01-17,2026-01-17 07:37:00,Harbor Point,South,112,Mobile Pay,15.79
500381,2026-01-17,2026-01-17 09:21:00,Harbor Point,South,122,Debit Card,3.46
500382,2026-01-17,2026-01-17 13:17:00,Harbor Point,South,261,Cash,11.73
500383,2026-01-17,2026-01-17 11:39:00,Downtown,North,412,Credit Card,10.37
500384,2026-01-17,2026-01-17 14:27:00,Riverside,South,604,Credit Card,2.95
500385,2026-01-17,2026-01-17 09:40:00,Downtown,North,233,Credit Card,3.99
500386,2026-01-17,2026-01-17 17:08:00,Riverside,South,862,Credit Card,4.71
500387,2026-01-17,2026-01-17 08:08:00,Harbor Point,South,43,Cash,12.15
500388,2026-01-17,2026-01-17 09:28:00,Airport Kiosk,West,875,Mobile Pay,15.86
500389,2026-01-17,2026-01-17 18:30:00,Uptown Mall,East,383,Cash,3.42
500390,2026-01-17,2026-01-17 09:42:00,Airport Kiosk,West,167,Cash,2.92
500391,2026-01-17,2026-01-17 08:08:00,Airport Kiosk,West,445,Mobile Pay,15.4
500392,2026-01-17,2026-01-17 11:25:00,Airport Kiosk,West,309,Credit Card,14.97
500393,2026-01-18,2026-01-18 08:31:00,Riverside,South,709,Mobile Pay,3.45
500394,2026-01-18,2026-01-18 09:14:00,Riverside,South,272,Cash,4.44
500395,2026-01-18,2026-01-18 08:14:00,Uptown Mall,East,527,Mobile Pay,11.14
500396,2026-01-18,2026-01-18 13:28:00,Uptown Mall,East,44,Cash,11.87
500397,2026-01-18,2026-01-18 11:47:00,Harbor Point,South,814,Cash,8.36
500398,2026-01-18,2026-01-18 09:46:00,Harbor Point,South,13,Mobile Pay,11.79
500399,2026-01-18,2026-01-18 09:16:00,Riverside,South,546,Credit Card,11.22
500400,2026-01-18,2026-01-18 11:14:00,Uptown Mall,East,769,Mobile Pay,15.06
500401,2026-01-18,2026-01-18 09:37:00,Riverside,South,349,Cash,15.22
500402,2026-01-18,2026-01-18 08:06:00,Uptown Mall,East,533,Cash,10.1
500403,2026-01-18,2026-01-18 08:50:00,Harbor Point,South,56,Debit Card,2.68
500404,2026-01-18,2026-01-18 09:33:00,Harbor Point,South,35,Cash,5.67
500405,2026-01-18,2026-01-18 13:01:00,Airport Kiosk,West,480,Mobile Pay,16.79
500406,2026-01-18,2026-01-18 08:59:00,Uptown Mall,East,323,Cash,10.96
500407,2026-01-18,2026-01-18 17:20:00,Harbor Point,South,335,Credit Card,13.74
500408,2026-01-18,2026-01-18 08:36:00,Downtown,North,243,Credit Card,8.92
500409,2026-01-18,2026-01-18 10:26:00,Harbor Point,South,85,Mobile Pay,14.99
500410,2026-01-18,2026-01-18 13:29:00,Downtown,North,85,Credit Card,4.23
500411,2026-01-18,2026-01-18 15:55:00,Downtown,North,678,Cash,13.57
500412,2026-01-18,2026-01-18 12:51:00,Downtown,North,517,Mobile Pay,11.3
500413,2026-01-18,2026-01-18 09:16:00,Riverside,South,134,Mobile Pay,2.68
500414,2026-01-18,2026-01-18 14:25:00,Harbor Point,South,220,Mobile Pay,15.17
500415,2026-01-18,2026-01-18 14:23:00,Airport Kiosk,West,497,Credit Card,8.16
500416,2026-01-19,2026-01-19 14:24:00,Downtown,North,31,Credit Card,2.74
500417,2026-01-19,2026-01-19 07:54:00,Downtown,North,692,Mobile Pay,16.82
500418,2026-01-19,2026-01-19 10:08:00,Uptown Mall,East,375,Debit Card,4.25
500419,2026-01-19,2026-01-19 13:10:00,Downtown,North,213,Cash,8.37
500420,2026-01-19,2026-01-19 10:51:00,Riverside,South,380,Credit Card,3.17
500421,2026-01-19,2026-01-19 08:45:00,Airport Kiosk,West,110,Credit Card,9.34
500422,2026-01-19,2026-01-19 12:03:00,Downtown,North,442,Cash,3.16
500423,2026-01-19,2026-01-19 10:35:00,Uptown Mall,East,797,Cash,17.22
500424,2026-01-19,2026-01-19 12:06:00,Harbor Point,South,393,Cash,8.11
500425,2026-01-19,2026-01-19 16:01:00,Airport Kiosk,West,733,Credit Card,19.73
500426,2026-01-19,2026-01-19 10:20:00,Airport Kiosk,West,504,Cash,7.82
500427,2026-01-19,2026-01-19 08:18:00,Harbor Point,South,770,Credit Card,2.72
500428,2026-01-19,2026-01-19 18:23:00,Downtown,North,309,Debit Card,11.37
500429,2026-01-19,2026-01-19 10:30:00,Downtown,North,308,Debit Card,17.39
500430,2026-01-19,2026-01-19 16:26:00,Downtown,North,819,Credit Card,4.49
500431,2026-01-19,2026-01-19 11:38:00,Airport Kiosk,West,697,Cash,6.89
500432,2026-01-19,2026-01-19 16:40:00,Airport Kiosk,West,380,Debit Card,10.49
500433,2026-01-19,2026-01-19 13:00:00,Uptown Mall,East,149,Debit Card,4.17
500434,2026-01-19,2026-01-19 12:41:00,Uptown Mall,East,525,Mobile Pay,23.44
500435,2026-01-19,2026-01-19 08:04:00,Downtown,North,550,Mobile Pay,17.54
500436,2026-01-19,2026-01-19 08:13:00,Harbor Point,South,341,Cash,8.48
500437,2026-01-20,2026-01-20 09:17:00,Uptown Mall,East,556,Debit Card,7.14
500438,2026-01-20,2026-01-20 07:41:00,Downtown,North,289,Debit Card,8.43
500439,2026-01-20,2026-01-20 10:02:00,Downtown,North,337,Debit Card,6.96
500440,2026-01-20,2026-01-20 12:56:00,Airport Kiosk,West,521,Mobile Pay,3.89
500441,2026-01-20,2026-01-20 12:37:00,Riverside,South,363,Debit Card,3.48
500442,2026-01-20,2026-01-20 11:42:00,Riverside,South,887,Mobile Pay,8.06
500443,2026-01-20,2026-01-20 14:21:00,Harbor Point,South,889,Cash,15.47
500444,2026-01-20,2026-01-20 12:17:00,Downtown,North,294,Credit Card,3.25
500445,2026-01-20,2026-01-20 09:30:00,Harbor Point,South,421,Credit Card,2.69
500446,2026-01-20,2026-01-20 18:35:00,Airport Kiosk,West,506,Cash,7.67
500447,2026-01-20,2026-01-20 16:59:00,Uptown Mall,East,77,Credit Card,2.5
500448,2026-01-20,2026-01-20 11:41:00,Uptown Mall,East,813,Debit Card,4.19
500449,2026-01-20,2026-01-20 13:51:00,Uptown Mall,East,790,Debit Card,3.48
500450,2026-01-20,2026-01-20 08:31:00,Riverside,South,33,Debit Card,30.33
500451,2026-01-20,2026-01-20 18:11:00,Harbor Point,South,117,Credit Card,4.18
500452,2026-01-21,2026-01-21 14:23:00,Riverside,South,886,Cash,22.77
500453,2026-01-21,2026-01-21 18:37:00,Riverside,South,670,Credit Card,4.75
500454,2026-01-21,2026-01-21 11:44:00,Uptown Mall,East,49,Mobile Pay,24.83
500455,2026-01-21,2026-01-21 13:37:00,Downtown,North,140,Credit Card,4.22
500456,2026-01-21,2026-01-21 08:07:00,Riverside,South,77,Cash,7.54
500457,2026-01-21,2026-01-21 16:58:00,Uptown Mall,East,31,Debit Card,13.63
500458,2026-01-21,2026-01-21 10:37:00,Downtown,North,797,Credit Card,9.64
500459,2026-01-21,2026-01-21 12:47:00,Downtown,North,263,Credit Card,2.72
500460,2026-01-21,2026-01-21 11:48:00,Airport Kiosk,West,101,Cash,18.17
500461,2026-01-21,2026-01-21 09:55:00,Downtown,North,891,Credit Card,14.8
500462,2026-01-21,2026-01-21 08:55:00,Airport Kiosk,West,610,Credit Card,11.1
500463,2026-01-21,2026-01-21 14:50:00,Harbor Point,South,232,Debit Card,12.0
500464,2026-01-21,2026-01-21 14:51:00,Riverside,South,435,Cash,8.33
500465,2026-01-22,2026-01-22 07:48:00,Harbor Point,South,209,Mobile Pay,20.83
500466,2026-01-22,2026-01-22 12:27:00,Downtown,North,735,Debit Card,3.15
500467,2026-01-22,2026-01-22 16:18:00,Uptown Mall,East,518,Cash,15.57
500468,2026-01-22,2026-01-22 18:01:00,Riverside,South,268,Credit Card,15.09
500469,2026-01-22,2026-01-22 13:45:00,Downtown,North,858,Cash,24.34
500470,2026-01-22,2026-01-22 14:40:00,Riverside,South,366,Mobile Pay,3.21
500471,2026-01-22,2026-01-22 16:09:00,Downtown,North,570,Debit Card,6.87
500472,2026-01-22,2026-01-22 11:09:00,Downtown,North,138,Credit Card,8.83
500473,2026-01-22,2026-01-22 13:28:00,Riverside,South,486,Debit Card,17.15
500474,2026-01-22,2026-01-22 08:43:00,Harbor Point,South,670,Credit Card,6.36
500475,2026-01-22,2026-01-22 13:18:00,Downtown,North,144,Cash,5.48
500476,2026-01-22,2026-01-22 07:56:00,Uptown Mall,East,446,Debit Card,13.84
500477,2026-01-22,2026-01-22 10:24:00,Riverside,South,596,Mobile Pay,11.78
500478,2026-01-22,2026-01-22 09:53:00,Downtown,North,445,Cash,7.32
500479,2026-01-23,2026-01-23 16:48:00,Uptown Mall,East,764,Cash,10.34
500480,2026-01-23,2026-01-23 17:54:00,Airport Kiosk,West,268,Debit Card,5.88
500481,2026-01-23,2026-01-23 10:52:00,Downtown,North,630,Debit Card,12.16
500482,2026-01-23,2026-01-23 10:42:00,Uptown Mall,East,802,Debit Card,12.56
500483,2026-01-23,2026-01-23 08:47:00,Airport Kiosk,West,672,Mobile Pay,8.65
500484,2026-01-23,2026-01-23 08:38:00,Airport Kiosk,West,466,Debit Card,8.32
500485,2026-01-23,2026-01-23 13:21:00,Riverside,South,111,Mobile Pay,15.27
500486,2026-01-23,2026-01-23 08:58:00,Riverside,South,584,Debit Card,7.86
500487,2026-01-23,2026-01-23 17:25:00,Riverside,South,769,Mobile Pay,7.36
500488,2026-01-23,2026-01-23 16:21:00,Airport Kiosk,West,802,Debit Card,23.71
500489,2026-01-23,2026-01-23 08:39:00,Riverside,South,715,Cash,13.81
500490,2026-01-23,2026-01-23 16:47:00,Riverside,South,573,Credit Card,12.05
500491,2026-01-23,2026-01-23 08:42:00,Uptown Mall,East,11,Mobile Pay,8.39
500492,2026-01-23,2026-01-23 08:37:00,Riverside,South,345,Debit Card,15.75
500493,2026-01-23,2026-01-23 13:49:00,Uptown Mall,East,784,Debit Card,8.39
500494,2026-01-23,2026-01-23 07:32:00,Uptown Mall,East,241,Credit Card,2.49
500495,2026-01-24,2026-01-24 11:45:00,Airport Kiosk,West,134,Cash,4.42
500496,2026-01-24,2026-01-24 07:16:00,Uptown Mall,East,528,Credit Card,3.41
500497,2026-01-24,2026-01-24 09:02:00,Airport Kiosk,West,44,Credit Card,10.11
500498,2026-01-24,2026-01-24 13:08:00,Uptown Mall,East,49,Cash,4.15
500499,2026-01-24,2026-01-24 07:03:00,Harbor Point,South,443,Mobile Pay,18.58
500500,2026-01-24,2026-01-24 08:13:00,Downtown,North,415,Credit Card,32.73
500501,2026-01-24,2026-01-24 09:35:00,Harbor Point,South,803,Credit Card,9.56
500502,2026-01-24,2026-01-24 15:42:00,Riverside,South,352,Credit Card,13.81
500503,2026-01-24,2026-01-24 09:27:00,Riverside,South,279,Credit Card,3.74
500504,2026-01-24,2026-01-24 11:41:00,Harbor Point,South,99,Credit Card,3.46
500505,2026-01-24,2026-01-24 07:17:00,Harbor Point,South,193,Mobile Pay,16.7
500506,2026-01-24,2026-01-24 09:03:00,Uptown Mall,East,892,Credit Card,12.42
500507,2026-01-24,2026-01-24 11:16:00,Harbor Point,South,389,Credit Card,5.12
500508,2026-01-24,2026-01-24 12:12:00,Downtown,North,111,Debit Card,6.9
500509,2026-01-24,2026-01-24 11:03:00,Airport Kiosk,West,338,Credit Card,9.16
500510,2026-01-24,2026-01-24 09:46:00,Airport Kiosk,West,309,Debit Card,2.47
500511,2026-01-24,2026-01-24 15:20:00,Airport Kiosk,West,826,Mobile Pay,14.76
500512,2026-01-24,2026-01-24 11:46:00,Airport Kiosk,West,776,Credit Card,17.69
500513,2026-01-24,2026-01-24 12:39:00,Downtown,North,131,Credit Card,8.14
500514,2026-01-24,2026-01-24 09:30:00,Harbor Point,South,436,Debit Card,15.12
500515,2026-01-24,2026-01-24 10:04:00,Airport Kiosk,West,729,Debit Card,8.34
500516,2026-01-24,2026-01-24 09:41:00,Downtown,North,455,Credit Card,16.98
500517,2026-01-24,2026-01-24 10:49:00,Downtown,North,342,Credit Card,5.86
500518,2026-01-24,2026-01-24 12:53:00,Uptown Mall,East,500,Mobile Pay,8.36
500519,2026-01-24,2026-01-24 08:21:00,Airport Kiosk,West,210,Debit Card,14.7
500520,2026-01-24,2026-01-24 13:43:00,Riverside,South,289,Cash,20.04
500521,2026-01-24,2026-01-24 16:52:00,Downtown,North,557,Mobile Pay,13.03
500522,2026-01-24,2026-01-24 12:03:00,Harbor Point,South,51,Cash,11.91
500523,2026-01-24,2026-01-24 12:13:00,Uptown Mall,East,454,Debit Card,3.95
500524,2026-01-24,2026-01-24 08:21:00,Downtown,North,128,Mobile Pay,12.54
500525,2026-01-24,2026-01-24 08:05:00,Airport Kiosk,West,711,Credit Card,16.06
500526,2026-01-25,2026-01-25 11:53:00,Riverside,South,534,Cash,28.57
500527,2026-01-25,2026-01-25 10:03:00,Uptown Mall,East,121,Cash,4.22
500528,2026-01-25,2026-01-25 10:42:00,Harbor Point,South,596,Mobile Pay,26.5
500529,2026-01-25,2026-01-25 10:47:00,Airport Kiosk,West,348,Cash,7.23
500530,2026-01-25,2026-01-25 15:58:00,Harbor Point,South,446,Debit Card,7.32
500531,2026-01-25,2026-01-25 07:01:00,Uptown Mall,East,820,Credit Card,2.97
500532,2026-01-25,2026-01-25 17:29:00,Riverside,South,34,Mobile Pay,26.34
500533,2026-01-25,2026-01-25 07:46:00,Downtown,North,185,Cash,18.73
500534,2026-01-25,2026-01-25 18:07:00,Airport Kiosk,West,108,Cash,35.46
500535,2026-01-25,2026-01-25 09:40:00,Harbor Point,South,824,Mobile Pay,13.66
500536,2026-01-25,2026-01-25 17:46:00,Downtown,North,302,Cash,2.43
500537,2026-01-25,2026-01-25 12:26:00,Riverside,South,430,Credit Card,13.54
500538,2026-01-25,2026-01-25 08:19:00,Downtown,North,64,Mobile Pay,11.3
500539,2026-01-25,2026-01-25 09:26:00,Uptown Mall,East,378,Mobile Pay,4.2
500540,2026-01-25,2026-01-25 08:46:00,Uptown Mall,East,239,Debit Card,3.46
500541,2026-01-25,2026-01-25 13:14:00,Uptown Mall,East,623,Credit Card,6.21
500542,2026-01-25,2026-01-25 09:17:00,Downtown,North,444,Debit Card,8.35
500543,2026-01-25,2026-01-25 09:15:00,Harbor Point,South,688,Mobile Pay,2.91
500544,2026-01-25,2026-01-25 15:14:00,Airport Kiosk,West,706,Debit Card,2.96
500545,2026-01-25,2026-01-25 07:24:00,Downtown,North,42,Cash,18.55
500546,2026-01-25,2026-01-25 10:38:00,Airport Kiosk,West,680,Debit Card,32.87
500547,2026-01-25,2026-01-25 07:04:00,Harbor Point,South,80,Mobile Pay,30.92
500548,2026-01-25,2026-01-25 14:44:00,Harbor Point,South,139,Credit Card,16.62
500549,2026-01-25,2026-01-25 11:39:00,Airport Kiosk,West,749,Credit Card,15.46
500550,2026-01-25,2026-01-25 12:42:00,Airport Kiosk,West,373,Credit Card,11.74
500551,2026-01-26,2026-01-26 09:34:00,Downtown,North,503,Mobile Pay,7.14
500552,2026-01-26,2026-01-26 17:59:00,Riverside,South,881,Mobile Pay,6.6
500553,2026-01-26,2026-01-26 10:41:00,Downtown,North,650,Credit Card,7.38
500554,2026-01-26,2026-01-26 17:22:00,Riverside,South,369,Debit Card,17.97
500555,2026-01-26,2026-01-26 08:09:00,Riverside,South,166,Cash,19.65
500556,2026-01-26,2026-01-26 17:44:00,Harbor Point,South,456,Cash,10.8
500557,2026-01-26,2026-01-26 17:48:00,Uptown Mall,East,115,Mobile Pay,5.84
500558,2026-01-26,2026-01-26 07:00:00,Downtown,North,30,Credit Card,5.82
500559,2026-01-26,2026-01-26 16:23:00,Harbor Point,South,26,Credit Card,14.65
500560,2026-01-26,2026-01-26 16:42:00,Harbor Point,South,189,Credit Card,16.14
500561,2026-01-26,2026-01-26 08:50:00,Downtown,North,455,Credit Card,14.96
500562,2026-01-26,2026-01-26 13:03:00,Airport Kiosk,West,356,Debit Card,4.17
500563,2026-01-26,2026-01-26 09:38:00,Riverside,South,509,Mobile Pay,7.56
500564,2026-01-26,2026-01-26 12:50:00,Riverside,South,605,Cash,3.69
500565,2026-01-26,2026-01-26 10:50:00,Airport Kiosk,West,485,Debit Card,13.11
500566,2026-01-26,2026-01-26 10:45:00,Uptown Mall,East,50,Cash,14.82
500567,2026-01-26,2026-01-26 08:48:00,Uptown Mall,East,867,Credit Card,10.41
500568,2026-01-26,2026-01-26 09:09:00,Harbor Point,South,658,Credit Card,17.82
500569,2026-01-26,2026-01-26 09:50:00,Riverside,South,848,Cash,3.46
500570,2026-01-26,2026-01-26 15:09:00,Harbor Point,South,391,Debit Card,8.12
500571,2026-01-26,2026-01-26 16:21:00,Airport Kiosk,West,678,Debit Card,3.72
500572,2026-01-26,2026-01-26 13:03:00,Harbor Point,South,433,Cash,21.41
500573,2026-01-26,2026-01-26 08:58:00,Downtown,North,819,Credit Card,3.48
500574,2026-01-26,2026-01-26 15:30:00,Airport Kiosk,West,736,Credit Card,6.14
500575,2026-01-26,2026-01-26 08:42:00,Downtown,North,186,Credit Card,4.17
500576,2026-01-27,2026-01-27 15:13:00,Harbor Point,South,514,Credit Card,13.67
500577,2026-01-27,2026-01-27 11:45:00,Harbor Point,South,175,Cash,9.31
500578,2026-01-27,2026-01-27 08:48:00,Uptown Mall,East,78,Debit Card,9.85
500579,2026-01-27,2026-01-27 17:21:00,Airport Kiosk,West,280,Credit Card,15.87
500580,2026-01-27,2026-01-27 13:08:00,Riverside,South,857,Credit Card,2.96
500581,2026-01-27,2026-01-27 12:55:00,Airport Kiosk,West,861,Debit Card,4.61
500582,2026-01-27,2026-01-27 10:22:00,Uptown Mall,East,416,Debit Card,18.98
500583,2026-01-27,2026-01-27 08:21:00,Airport Kiosk,West,717,Debit Card,4.39
500584,2026-01-27,2026-01-27 08:48:00,Harbor Point,South,811,Mobile Pay,8.2
500585,2026-01-27,2026-01-27 10:03:00,Downtown,North,609,Credit Card,11.28
500586,2026-01-27,2026-01-27 16:09:00,Uptown Mall,East,232,Mobile Pay,7.17
500587,2026-01-27,2026-01-27 09:33:00,Airport Kiosk,West,235,Debit Card,4.69
500588,2026-01-27,2026-01-27 08:42:00,Riverside,South,650,Credit Card,12.7
500589,2026-01-27,2026-01-27 18:52:00,Uptown Mall,East,280,Debit Card,7.37
500590,2026-01-27,2026-01-27 08:10:00,Uptown Mall,East,860,Debit Card,10.83
500591,2026-01-27,2026-01-27 15:27:00,Riverside,South,426,Credit Card,16.99
500592,2026-01-27,2026-01-27 07:29:00,Uptown Mall,East,416,Cash,16.78
500593,2026-01-27,2026-01-27 08:56:00,Uptown Mall,East,362,Debit Card,3.24
500594,2026-01-27,2026-01-27 08:50:00,Uptown Mall,East,657,Debit Card,7.33
500595,2026-01-27,2026-01-27 12:16:00,Downtown,North,728,Credit Card,6.18
500596,2026-01-27,2026-01-27 13:42:00,Harbor Point,South,363,Debit Card,7.34
500597,2026-01-27,2026-01-27 07:36:00,Riverside,South,19,Credit Card,11.56
500598,2026-01-27,2026-01-27 08:51:00,Airport Kiosk,West,374,Credit Card,2.47
500599,2026-01-27,2026-01-27 16:15:00,Harbor Point,South,81,Mobile Pay,13.81
500600,2026-01-27,2026-01-27 08:45:00,Riverside,South,105,Mobile Pay,14.15
500601,2026-01-27,2026-01-27 16:54:00,Downtown,North,333,Credit Card,13.51
500602,2026-01-28,2026-01-28 18:46:00,Airport Kiosk,West,786,Debit Card,5.4
500603,2026-01-28,2026-01-28 09:39:00,Downtown,North,889,Mobile Pay,24.75
500604,2026-01-28,2026-01-28 09:00:00,Downtown,North,723,Credit Card,12.08
500605,2026-01-28,2026-01-28 13:58:00,Downtown,North,402,Mobile Pay,16.6
500606,2026-01-28,2026-01-28 14:15:00,Harbor Point,South,807,Debit Card,15.17
500607,2026-01-28,2026-01-28 10:20:00,Riverside,South,437,Mobile Pay,8.93
500608,2026-01-28,2026-01-28 10:09:00,Downtown,North,849,Mobile Pay,6.48
500609,2026-01-28,2026-01-28 16:55:00,Downtown,North,527,Mobile Pay,9.16
500610,2026-01-28,2026-01-28 08:07:00,Uptown Mall,East,381,Cash,7.7
500611,2026-01-28,2026-01-28 17:53:00,Airport Kiosk,West,431,Credit Card,15.45
500612,2026-01-28,2026-01-28 07:37:00,Downtown,North,829,Mobile Pay,8.44
500613,2026-01-28,2026-01-28 16:32:00,Uptown Mall,East,147,Debit Card,10.56
500614,2026-01-28,2026-01-28 10:58:00,Downtown,North,786,Debit Card,3.16
500615,2026-01-28,2026-01-28 10:14:00,Uptown Mall,East,830,Debit Card,6.32
500616,2026-01-28,2026-01-28 12:14:00,Airport Kiosk,West,252,Debit Card,15.21
500617,2026-01-28,2026-01-28 13:23:00,Riverside,South,538,Mobile Pay,3.46
500618,2026-01-28,2026-01-28 11:35:00,Downtown,North,389,Debit Card,3.46
500619,2026-01-28,2026-01-28 18:12:00,Riverside,South,361,Cash,4.18
500620,2026-01-28,2026-01-28 18:20:00,Riverside,South,595,Credit Card,7.35
500621,2026-01-28,2026-01-28 14:57:00,Uptown Mall,East,409,Mobile Pay,12.23
500622,2026-01-28,2026-01-28 08:12:00,Airport Kiosk,West,679,Mobile Pay,3.41
500623,2026-01-29,2026-01-29 07:22:00,Airport Kiosk,West,604,Mobile Pay,12.85
500624,2026-01-29,2026-01-29 11:13:00,Airport Kiosk,West,774,Mobile Pay,3.2
500625,2026-01-29,2026-01-29 10:38:00,Riverside,South,344,Debit Card,11.51
500626,2026-01-29,2026-01-29 09:20:00,Riverside,South,468,Credit Card,7.67
500627,2026-01-29,2026-01-29 08:50:00,Downtown,North,387,Credit Card,2.49
500628,2026-01-29,2026-01-29 08:34:00,Harbor Point,South,625,Mobile Pay,5.19
500629,2026-01-29,2026-01-29 15:15:00,Riverside,South,530,Credit Card,8.27
500630,2026-01-29,2026-01-29 09:07:00,Riverside,South,533,Credit Card,10.09
500631,2026-01-29,2026-01-29 14:21:00,Uptown Mall,East,710,Credit Card,4.24
500632,2026-01-29,2026-01-29 18:29:00,Uptown Mall,East,791,Debit Card,3.24
500633,2026-01-29,2026-01-29 09:10:00,Airport Kiosk,West,115,Mobile Pay,19.97
500634,2026-01-29,2026-01-29 16:05:00,Riverside,South,7,Debit Card,6.11
500635,2026-01-29,2026-01-29 16:06:00,Downtown,North,466,Credit Card,11.63
500636,2026-01-29,2026-01-29 14:03:00,Uptown Mall,East,36,Mobile Pay,12.71
500637,2026-01-29,2026-01-29 18:43:00,Airport Kiosk,West,776,Credit Card,18.04
500638,2026-01-29,2026-01-29 15:25:00,Uptown Mall,East,89,Credit Card,11.47
500639,2026-01-29,2026-01-29 16:51:00,Airport Kiosk,West,258,Mobile Pay,11.0
500640,2026-01-29,2026-01-29 18:14:00,Riverside,South,404,Debit Card,10.85
500641,2026-01-29,2026-01-29 17:20:00,Harbor Point,South,303,Credit Card,10.46
500642,2026-01-30,2026-01-30 15:43:00,Downtown,North,233,Mobile Pay,15.51
500643,2026-01-30,2026-01-30 12:59:00,Riverside,South,589,Credit Card,8.13
500644,2026-01-30,2026-01-30 11:25:00,Riverside,South,13,Cash,16.66
500645,2026-01-30,2026-01-30 14:28:00,Downtown,North,177,Mobile Pay,3.48
500646,2026-01-30,2026-01-30 12:53:00,Harbor Point,South,541,Cash,19.92
500647,2026-01-30,2026-01-30 16:58:00,Riverside,South,729,Credit Card,8.26
500648,2026-01-30,2026-01-30 13:21:00,Riverside,South,224,Debit Card,4.66
500649,2026-01-30,2026-01-30 08:15:00,Downtown,North,158,Credit Card,19.18
500650,2026-01-30,2026-01-30 09:00:00,Airport Kiosk,West,808,Mobile Pay,6.37
500651,2026-01-30,2026-01-30 08:55:00,Harbor Point,South,749,Mobile Pay,15.01
500652,2026-01-30,2026-01-30 07:21:00,Airport Kiosk,West,382,Credit Card,11.94
500653,2026-01-30,2026-01-30 14:21:00,Airport Kiosk,West,899,Credit Card,15.36
500654,2026-01-30,2026-01-30 09:52:00,Riverside,South,340,Credit Card,2.72
500655,2026-01-31,2026-01-31 09:26:00,Uptown Mall,East,298,Credit Card,7.57
500656,2026-01-31,2026-01-31 13:51:00,Uptown Mall,East,303,Debit Card,5.72
500657,2026-01-31,2026-01-31 14:42:00,Uptown Mall,East,478,Debit Card,18.98
500658,2026-01-31,2026-01-31 15:08:00,Uptown Mall,East,435,Cash,2.68
500659,2026-01-31,2026-01-31 09:43:00,Uptown Mall,East,550,Cash,2.75
500660,2026-01-31,2026-01-31 09:30:00,Airport Kiosk,West,284,Debit Card,3.5
500661,2026-01-31,2026-01-31 07:09:00,Downtown,North,398,Credit Card,14.4
500662,2026-01-31,2026-01-31 11:17:00,Airport Kiosk,West,593,Debit Card,3.97
500663,2026-01-31,2026-01-31 08:08:00,Harbor Point,South,534,Credit Card,13.48
500664,2026-01-31,2026-01-31 15:37:00,Riverside,South,402,Cash,17.26
500665,2026-01-31,2026-01-31 12:27:00,Uptown Mall,East,411,Credit Card,5.42
500666,2026-01-31,2026-01-31 07:11:00,Downtown,North,207,Credit Card,11.17
500667,2026-01-31,2026-01-31 08:46:00,Riverside,South,530,Credit Card,12.85
500668,2026-01-31,2026-01-31 08:36:00,Harbor Point,South,737,Debit Card,12.36
500669,2026-01-31,2026-01-31 15:26:00,Airport Kiosk,West,28,Credit Card,7.12
500670,2026-01-31,2026-01-31 16:07:00,Riverside,South,400,Credit Card,9.6
500671,2026-01-31,2026-01-31 13:21:00,Harbor Point,South,822,Debit Card,3.5
500672,2026-01-31,2026-01-31 10:17:00,Downtown,North,272,Credit Card,12.02
500673,2026-01-31,2026-01-31 15:01:00,Harbor Point,South,772,Debit Card,11.6
500674,2026-01-31,2026-01-31 13:06:00,Harbor Point,South,603,Debit Card,7.9
500675,2026-01-31,2026-01-31 11:47:00,Downtown,North,46,Mobile Pay,3.66
500676,2026-01-31,2026-01-31 08:30:00,Airport Kiosk,West,397,Debit Card,7.44
500677,2026-01-31,2026-01-31 11:22:00,Harbor Point,South,164,Credit Card,2.98
500678,2026-01-31,2026-01-31 12:47:00,Uptown Mall,East,573,Credit Card,10.44
500679,2026-02-01,2026-02-01 11:34:00,Airport Kiosk,West,634,Mobile Pay,18.68
500680,2026-02-01,2026-02-01 07:25:00,Airport Kiosk,West,433,Mobile Pay,10.02
500681,2026-02-01,2026-02-01 11:24:00,Riverside,South,864,Mobile Pay,3.48
500682,2026-02-01,2026-02-01 08:35:00,Uptown Mall,East,867,Credit Card,12.02
500683,2026-02-01,2026-02-01 08:17:00,Downtown,North,747,Debit Card,8.16
500684,2026-02-01,2026-02-01 12:31:00,Downtown,North,683,Credit Card,16.91
500685,2026-02-01,2026-02-01 13:13:00,Downtown,North,803,Credit Card,7.42
500686,2026-02-01,2026-02-01 07:54:00,Airport Kiosk,West,231,Cash,16.68
500687,2026-02-01,2026-02-01 09:06:00,Downtown,North,533,Mobile Pay,3.41
500688,2026-02-01,2026-02-01 09:10:00,Downtown,North,682,Credit Card,8.29
500689,2026-02-01,2026-02-01 10:19:00,Harbor Point,South,254,Credit Card,8.38
500690,2026-02-01,2026-02-01 07:20:00,Harbor Point,South,60,Credit Card,22.4
500691,2026-02-01,2026-02-01 07:36:00,Downtown,North,666,Credit Card,14.4
500692,2026-02-01,2026-02-01 16:33:00,Riverside,South,474,Mobile Pay,3.48
500693,2026-02-01,2026-02-01 12:38:00,Downtown,North,133,Credit Card,12.46
500694,2026-02-01,2026-02-01 09:00:00,Downtown,North,685,Credit Card,18.3
500695,2026-02-01,2026-02-01 15:56:00,Downtown,North,31,Debit Card,14.84
500696,2026-02-01,2026-02-01 17:06:00,Downtown,North,685,Debit Card,3.45
500697,2026-02-01,2026-02-01 08:13:00,Uptown Mall,East,580,Mobile Pay,17.15
500698,2026-02-01,2026-02-01 11:47:00,Riverside,South,96,Cash,19.15
500699,2026-02-01,2026-02-01 08:55:00,Airport Kiosk,West,275,Cash,7.36
500700,2026-02-01,2026-02-01 10:08:00,Riverside,South,346,Cash,4.74
500701,2026-02-01,2026-02-01 12:57:00,Harbor Point,South,39,Cash,6.41
500702,2026-02-01,2026-02-01 11:56:00,Uptown Mall,East,251,Cash,8.6
500703,2026-02-01,2026-02-01 08:57:00,Downtown,North,397,Credit Card,12.79
500704,2026-02-02,2026-02-02 13:41:00,Harbor Point,South,567,Debit Card,7.36
500705,2026-02-02,2026-02-02 08:28:00,Airport Kiosk,West,35,Credit Card,3.15
500706,2026-02-02,2026-02-02 18:05:00,Riverside,South,779,Mobile Pay,4.75
500707,2026-02-02,2026-02-02 17:10:00,Uptown Mall,East,600,Debit Card,2.43
500708,2026-02-02,2026-02-02 09:25:00,Uptown Mall,East,624,Credit Card,8.1
500709,2026-02-02,2026-02-02 08:18:00,Downtown,North,473,Cash,4.14
500710,2026-02-02,2026-02-02 08:18:00,Harbor Point,South,856,Credit Card,8.35
500711,2026-02-02,2026-02-02 17:41:00,Downtown,North,418,Debit Card,2.74
500712,2026-02-02,2026-02-02 13:31:00,Airport Kiosk,West,465,Debit Card,8.09
500713,2026-02-02,2026-02-02 15:03:00,Downtown,North,274,Debit Card,20.33
500714,2026-02-02,2026-02-02 07:01:00,Airport Kiosk,West,588,Credit Card,3.17
500715,2026-02-02,2026-02-02 14:33:00,Riverside,South,187,Cash,14.66
500716,2026-02-03,2026-02-03 09:02:00,Harbor Point,South,884,Mobile Pay,8.93
500717,2026-02-03,2026-02-03 09:25:00,Harbor Point,South,843,Credit Card,10.29
500718,2026-02-03,2026-02-03 09:59:00,Airport Kiosk,West,690,Credit Card,15.88
500719,2026-02-03,2026-02-03 07:47:00,Riverside,South,53,Debit Card,15.03
500720,2026-02-03,2026-02-03 12:57:00,Harbor Point,South,16,Credit Card,3.74
500721,2026-02-03,2026-02-03 07:11:00,Harbor Point,South,294,Credit Card,18.86
500722,2026-02-03,2026-02-03 13:46:00,Uptown Mall,East,634,Mobile Pay,11.84
500723,2026-02-03,2026-02-03 09:36:00,Airport Kiosk,West,672,Mobile Pay,10.19
500724,2026-02-03,2026-02-03 07:57:00,Uptown Mall,East,740,Cash,10.38
500725,2026-02-03,2026-02-03 14:08:00,Harbor Point,South,587,Debit Card,3.67
500726,2026-02-03,2026-02-03 12:10:00,Uptown Mall,East,679,Credit Card,12.71
500727,2026-02-03,2026-02-03 12:27:00,Airport Kiosk,West,871,Debit Card,4.22
500728,2026-02-04,2026-02-04 16:48:00,Harbor Point,South,510,Credit Card,7.94
500729,2026-02-04,2026-02-04 07:42:00,Harbor Point,South,454,Debit Card,4.64
500730,2026-02-04,2026-02-04 08:06:00,Downtown,North,335,Mobile Pay,18.61
500731,2026-02-04,2026-02-04 11:19:00,Uptown Mall,East,485,Credit Card,6.68
500732,2026-02-04,2026-02-04 07:11:00,Downtown,North,764,Credit Card,12.29
500733,2026-02-04,2026-02-04 14:25:00,Uptown Mall,East,720,Mobile Pay,8.1
500734,2026-02-04,2026-02-04 07:48:00,Uptown Mall,East,99,Debit Card,13.04
500735,2026-02-04,2026-02-04 08:15:00,Airport Kiosk,West,692,Debit Card,16.7
500736,2026-02-04,2026-02-04 13:36:00,Uptown Mall,East,894,Debit Card,11.21
500737,2026-02-04,2026-02-04 10:24:00,Downtown,North,802,Debit Card,4.41
500738,2026-02-04,2026-02-04 07:46:00,Airport Kiosk,West,769,Debit Card,7.4
500739,2026-02-05,2026-02-05 17:44:00,Harbor Point,South,579,Mobile Pay,4.24
500740,2026-02-05,2026-02-05 09:39:00,Riverside,South,250,Mobile Pay,2.45
500741,2026-02-05,2026-02-05 10:33:00,Airport Kiosk,West,621,Debit Card,7.48
500742,2026-02-05,2026-02-05 07:45:00,Harbor Point,South,50,Credit Card,3.92
500743,2026-02-05,2026-02-05 13:16:00,Downtown,North,210,Credit Card,6.34
500744,2026-02-05,2026-02-05 09:26:00,Uptown Mall,East,430,Mobile Pay,6.16
500745,2026-02-05,2026-02-05 13:39:00,Harbor Point,South,279,Credit Card,8.46
500746,2026-02-05,2026-02-05 15:44:00,Uptown Mall,East,27,Cash,6.64
500747,2026-02-05,2026-02-05 07:58:00,Airport Kiosk,West,857,Cash,7.37
500748,2026-02-05,2026-02-05 08:15:00,Harbor Point,South,890,Credit Card,3.45
500749,2026-02-05,2026-02-05 09:46:00,Riverside,South,768,Debit Card,2.91
500750,2026-02-06,2026-02-06 13:33:00,Harbor Point,South,28,Cash,13.81
500751,2026-02-06,2026-02-06 17:03:00,Downtown,North,468,Cash,2.92
500752,2026-02-06,2026-02-06 07:53:00,Downtown,North,879,Credit Card,11.55
500753,2026-02-06,2026-02-06 08:29:00,Downtown,North,316,Mobile Pay,10.89
500754,2026-02-06,2026-02-06 15:43:00,Harbor Point,South,517,Credit Card,7.59
500755,2026-02-06,2026-02-06 13:55:00,Riverside,South,201,Debit Card,3.93
500756,2026-02-06,2026-02-06 08:57:00,Harbor Point,South,298,Credit Card,20.72
500757,2026-02-06,2026-02-06 08:27:00,Harbor Point,South,767,Mobile Pay,7.37
500758,2026-02-06,2026-02-06 09:22:00,Riverside,South,728,Debit Card,12.83
500759,2026-02-06,2026-02-06 15:22:00,Riverside,South,597,Debit Card,3.93
500760,2026-02-06,2026-02-06 12:49:00,Downtown,North,890,Credit Card,8.74
500761,2026-02-06,2026-02-06 10:57:00,Harbor Point,South,223,Debit Card,9.73
500762,2026-02-06,2026-02-06 09:49:00,Airport Kiosk,West,412,Mobile Pay,11.42
500763,2026-02-06,2026-02-06 14:58:00,Downtown,North,635,Cash,7.32
500764,2026-02-06,2026-02-06 07:55:00,Uptown Mall,East,619,Credit Card,12.56
500765,2026-02-06,2026-02-06 09:25:00,Uptown Mall,East,712,Credit Card,11.91
500766,2026-02-06,2026-02-06 10:58:00,Downtown,North,66,Mobile Pay,7.47
500767,2026-02-06,2026-02-06 14:31:00,Downtown,North,298,Credit Card,2.46
500768,2026-02-06,2026-02-06 08:16:00,Harbor Point,South,399,Debit Card,10.55
500769,2026-02-06,2026-02-06 17:24:00,Airport Kiosk,West,561,Debit Card,2.97
500770,2026-02-06,2026-02-06 09:33:00,Airport Kiosk,West,847,Credit Card,4.68
500771,2026-02-06,2026-02-06 15:08:00,Riverside,South,815,Credit Card,8.32
500772,2026-02-06,2026-02-06 08:02:00,Harbor Point,South,181,Mobile Pay,6.22
500773,2026-02-07,2026-02-07 08:23:00,Airport Kiosk,West,22,Credit Card,14.24
500774,2026-02-07,2026-02-07 10:38:00,Airport Kiosk,West,896,Mobile Pay,13.68
500775,2026-02-07,2026-02-07 08:38:00,Airport Kiosk,West,579,Cash,7.3
500776,2026-02-07,2026-02-07 13:59:00,Riverside,South,498,Debit Card,13.83
500777,2026-02-07,2026-02-07 15:12:00,Downtown,North,523,Cash,4.63
500778,2026-02-07,2026-02-07 14:21:00,Downtown,North,426,Credit Card,3.21
500779,2026-02-07,2026-02-07 17:11:00,Airport Kiosk,West,286,Credit Card,14.22
500780,2026-02-07,2026-02-07 08:21:00,Harbor Point,South,637,Debit Card,7.18
500781,2026-02-07,2026-02-07 12:52:00,Airport Kiosk,West,808,Credit Card,23.61
500782,2026-02-07,2026-02-07 09:22:00,Uptown Mall,East,871,Debit Card,3.7
500783,2026-02-07,2026-02-07 13:20:00,Riverside,South,43,Debit Card,3.18
500784,2026-02-07,2026-02-07 10:45:00,Riverside,South,178,Debit Card,3.46
500785,2026-02-07,2026-02-07 10:39:00,Downtown,North,419,Credit Card,4.2
500786,2026-02-07,2026-02-07 13:40:00,Riverside,South,565,Cash,16.58
500787,2026-02-07,2026-02-07 12:02:00,Riverside,South,866,Debit Card,5.21
500788,2026-02-07,2026-02-07 18:51:00,Riverside,South,41,Credit Card,26.98
500789,2026-02-07,2026-02-07 12:41:00,Airport Kiosk,West,742,Cash,12.08
500790,2026-02-07,2026-02-07 13:52:00,Uptown Mall,East,523,Mobile Pay,3.93
500791,2026-02-07,2026-02-07 17:31:00,Riverside,South,718,Credit Card,10.83
500792,2026-02-07,2026-02-07 15:01:00,Riverside,South,190,Mobile Pay,3.41
500793,2026-02-07,2026-02-07 08:50:00,Harbor Point,South,84,Mobile Pay,7.37
500794,2026-02-07,2026-02-07 18:36:00,Uptown Mall,East,247,Debit Card,18.53
500795,2026-02-07,2026-02-07 16:26:00,Riverside,South,513,Credit Card,8.19
500796,2026-02-07,2026-02-07 16:43:00,Downtown,North,765,Cash,4.39
500797,2026-02-07,2026-02-07 08:21:00,Harbor Point,South,160,Mobile Pay,22.17
500798,2026-02-07,2026-02-07 09:54:00,Downtown,North,204,Cash,11.56
500799,2026-02-07,2026-02-07 18:16:00,Uptown Mall,East,357,Credit Card,15.44
500800,2026-02-07,2026-02-07 08:22:00,Downtown,North,643,Cash,19.05
500801,2026-02-07,2026-02-07 15:34:00,Riverside,South,774,Credit Card,17.18
500802,2026-02-07,2026-02-07 14:08:00,Downtown,North,432,Debit Card,3.22
500803,2026-02-07,2026-02-07 16:58:00,Harbor Point,South,684,Cash,9.12
500804,2026-02-07,2026-02-07 09:35:00,Uptown Mall,East,826,Credit Card,7.62
500805,2026-02-07,2026-02-07 17:46:00,Airport Kiosk,West,152,Credit Card,3.74
500806,2026-02-08,2026-02-08 08:15:00,Airport Kiosk,West,731,Cash,3.48
500807,2026-02-08,2026-02-08 07:20:00,Riverside,South,381,Mobile Pay,4.16
500808,2026-02-08,2026-02-08 07:46:00,Downtown,North,794,Debit Card,8.1
500809,2026-02-08,2026-02-08 15:43:00,Uptown Mall,East,544,Mobile Pay,2.97
500810,2026-02-08,2026-02-08 08:36:00,Airport Kiosk,West,658,Credit Card,2.72
500811,2026-02-08,2026-02-08 11:58:00,Airport Kiosk,West,85,Debit Card,25.68
500812,2026-02-08,2026-02-08 15:14:00,Riverside,South,43,Credit Card,3.47
500813,2026-02-08,2026-02-08 09:45:00,Harbor Point,South,677,Cash,7.64
500814,2026-02-08,2026-02-08 08:02:00,Downtown,North,319,Debit Card,7.32
500815,2026-02-08,2026-02-08 10:07:00,Riverside,South,814,Debit Card,11.67
500816,2026-02-08,2026-02-08 16:34:00,Riverside,South,40,Debit Card,6.88
500817,2026-02-08,2026-02-08 13:00:00,Uptown Mall,East,405,Cash,4.19
500818,2026-02-08,2026-02-08 11:56:00,Harbor Point,South,367,Mobile Pay,21.55
500819,2026-02-08,2026-02-08 10:21:00,Uptown Mall,East,491,Mobile Pay,8.31
500820,2026-02-08,2026-02-08 13:13:00,Harbor Point,South,761,Credit Card,2.93
500821,2026-02-08,2026-02-08 08:36:00,Downtown,North,852,Mobile Pay,16.16
500822,2026-02-08,2026-02-08 07:29:00,Uptown Mall,East,632,Mobile Pay,3.42
500823,2026-02-08,2026-02-08 16:29:00,Harbor Point,South,510,Cash,15.96
500824,2026-02-08,2026-02-08 12:44:00,Downtown,North,573,Credit Card,16.07
500825,2026-02-08,2026-02-08 09:16:00,Uptown Mall,East,25,Cash,15.79
500826,2026-02-08,2026-02-08 13:53:00,Airport Kiosk,West,208,Mobile Pay,7.37
500827,2026-02-08,2026-02-08 18:57:00,Riverside,South,241,Credit Card,10.95
500828,2026-02-08,2026-02-08 09:20:00,Airport Kiosk,West,25,Debit Card,10.9
500829,2026-02-08,2026-02-08 15:43:00,Harbor Point,South,642,Cash,6.14
500830,2026-02-08,2026-02-08 08:04:00,Airport Kiosk,West,628,Debit Card,8.31
500831,2026-02-08,2026-02-08 14:12:00,Riverside,South,72,Debit Card,3.98
500832,2026-02-08,2026-02-08 17:51:00,Riverside,South,192,Debit Card,7.61
500833,2026-02-08,2026-02-08 16:18:00,Harbor Point,South,484,Credit Card,8.06
500834,2026-02-08,2026-02-08 17:00:00,Riverside,South,162,Debit Card,4.72
500835,2026-02-08,2026-02-08 09:22:00,Downtown,North,780,Credit Card,18.01
500836,2026-02-08,2026-02-08 13:24:00,Riverside,South,124,Cash,4.13
500837,2026-02-08,2026-02-08 07:55:00,Riverside,South,288,Cash,10.9
500838,2026-02-08,2026-02-08 07:50:00,Airport Kiosk,West,767,Credit Card,27.72
500839,2026-02-08,2026-02-08 16:10:00,Airport Kiosk,West,727,Credit Card,11.54
500840,2026-02-09,2026-02-09 18:32:00,Uptown Mall,East,218,Credit Card,7.67
500841,2026-02-09,2026-02-09 17:13:00,Riverside,South,99,Debit Card,16.22
500842,2026-02-09,2026-02-09 07:52:00,Downtown,North,196,Debit Card,12.35
500843,2026-02-09,2026-02-09 09:55:00,Riverside,South,512,Debit Card,5.12
500844,2026-02-09,2026-02-09 10:29:00,Airport Kiosk,West,894,Mobile Pay,4.42
500845,2026-02-09,2026-02-09 09:10:00,Uptown Mall,East,544,Credit Card,2.47
500846,2026-02-09,2026-02-09 13:33:00,Riverside,South,730,Credit Card,3.41
500847,2026-02-09,2026-02-09 14:06:00,Uptown Mall,East,478,Credit Card,4.42
500848,2026-02-09,2026-02-09 08:21:00,Uptown Mall,East,250,Debit Card,4.39
500849,2026-02-09,2026-02-09 17:43:00,Riverside,South,473,Credit Card,20.33
500850,2026-02-09,2026-02-09 09:11:00,Uptown Mall,East,189,Credit Card,4.37
500851,2026-02-09,2026-02-09 10:50:00,Downtown,North,110,Credit Card,8.07
500852,2026-02-09,2026-02-09 09:04:00,Airport Kiosk,West,617,Credit Card,7.54
500853,2026-02-09,2026-02-09 09:03:00,Uptown Mall,East,708,Mobile Pay,23.49
500854,2026-02-09,2026-02-09 08:00:00,Airport Kiosk,West,632,Mobile Pay,15.13
500855,2026-02-09,2026-02-09 12:44:00,Harbor Point,South,78,Credit Card,3.17
500856,2026-02-09,2026-02-09 13:33:00,Downtown,North,255,Cash,8.38
500857,2026-02-10,2026-02-10 08:13:00,Harbor Point,South,896,Mobile Pay,8.33
500858,2026-02-10,2026-02-10 08:50:00,Uptown Mall,East,523,Cash,23.81
500859,2026-02-10,2026-02-10 11:41:00,Downtown,North,791,Credit Card,6.41
500860,2026-02-10,2026-02-10 17:31:00,Riverside,South,136,Credit Card,4.19
500861,2026-02-10,2026-02-10 11:16:00,Harbor Point,South,502,Mobile Pay,16.17
500862,2026-02-10,2026-02-10 08:07:00,Downtown,North,898,Cash,2.68
500863,2026-02-10,2026-02-10 09:08:00,Uptown Mall,East,256,Cash,15.24
500864,2026-02-10,2026-02-10 12:59:00,Uptown Mall,East,888,Credit Card,18.67
500865,2026-02-10,2026-02-10 17:11:00,Uptown Mall,East,789,Mobile Pay,3.4
500866,2026-02-10,2026-02-10 09:05:00,Riverside,South,221,Credit Card,8.8
500867,2026-02-10,2026-02-10 11:29:00,Harbor Point,South,417,Mobile Pay,20.89
500868,2026-02-10,2026-02-10 08:28:00,Downtown,North,873,Mobile Pay,2.49
500869,2026-02-10,2026-02-10 08:32:00,Airport Kiosk,West,164,Debit Card,11.85
500870,2026-02-10,2026-02-10 07:02:00,Harbor Point,South,324,Debit Card,4.43
500871,2026-02-10,2026-02-10 15:08:00,Riverside,South,207,Cash,7.66
500872,2026-02-10,2026-02-10 14:27:00,Airport Kiosk,West,432,Cash,3.64
500873,2026-02-10,2026-02-10 07:07:00,Downtown,North,840,Mobile Pay,2.71
500874,2026-02-10,2026-02-10 09:55:00,Airport Kiosk,West,750,Debit Card,9.3
500875,2026-02-11,2026-02-11 08:54:00,Uptown Mall,East,600,Credit Card,12.88
500876,2026-02-11,2026-02-11 12:17:00,Harbor Point,South,535,Debit Card,7.87
500877,2026-02-11,2026-02-11 07:10:00,Downtown,North,205,Debit Card,6.9
500878,2026-02-11,2026-02-11 15:31:00,Downtown,North,827,Debit Card,13.66
500879,2026-02-11,2026-02-11 15:00:00,Riverside,South,683,Mobile Pay,18.32
500880,2026-02-11,2026-02-11 13:06:00,Downtown,North,284,Debit Card,7.42
500881,2026-02-11,2026-02-11 13:31:00,Uptown Mall,East,817,Debit Card,2.47
500882,2026-02-11,2026-02-11 08:57:00,Downtown,North,629,Debit Card,3.92
500883,2026-02-11,2026-02-11 10:38:00,Airport Kiosk,West,307,Debit Card,3.89
500884,2026-02-11,2026-02-11 09:52:00,Riverside,South,893,Mobile Pay,18.55
500885,2026-02-11,2026-02-11 12:05:00,Downtown,North,265,Cash,6.34
500886,2026-02-11,2026-02-11 14:48:00,Harbor Point,South,85,Cash,10.94
500887,2026-02-11,2026-02-11 11:10:00,Airport Kiosk,West,27,Mobile Pay,2.49
500888,2026-02-11,2026-02-11 10:33:00,Riverside,South,792,Credit Card,14.32
500889,2026-02-11,2026-02-11 08:26:00,Downtown,North,24,Mobile Pay,23.02
500890,2026-02-11,2026-02-11 16:54:00,Downtown,North,523,Credit Card,17.94
500891,2026-02-11,2026-02-11 09:01:00,Airport Kiosk,West,783,Debit Card,4.65
500892,2026-02-11,2026-02-11 08:29:00,Harbor Point,South,5,Debit Card,3.4
500893,2026-02-11,2026-02-11 13:55:00,Downtown,North,893,Credit Card,3.5
500894,2026-02-11,2026-02-11 16:59:00,Riverside,South,122,Debit Card,15.95
500895,2026-02-11,2026-02-11 13:04:00,Downtown,North,598,Credit Card,16.52
500896,2026-02-11,2026-02-11 09:06:00,Uptown Mall,East,86,Cash,4.73
500897,2026-02-11,2026-02-11 08:05:00,Harbor Point,South,105,Debit Card,3.94
500898,2026-02-12,2026-02-12 14:39:00,Harbor Point,South,826,Cash,19.46
500899,2026-02-12,2026-02-12 08:42:00,Harbor Point,South,331,Debit Card,5.44
500900,2026-02-12,2026-02-12 18:13:00,Airport Kiosk,West,833,Cash,14.66
500901,2026-02-12,2026-02-12 12:13:00,Harbor Point,South,589,Debit Card,18.13
500902,2026-02-12,2026-02-12 12:46:00,Downtown,North,686,Cash,11.54
500903,2026-02-12,2026-02-12 09:31:00,Downtown,North,662,Debit Card,20.62
500904,2026-02-12,2026-02-12 16:53:00,Harbor Point,South,490,Credit Card,4.69
500905,2026-02-12,2026-02-12 11:05:00,Harbor Point,South,148,Debit Card,11.87
500906,2026-02-12,2026-02-12 10:53:00,Harbor Point,South,43,Credit Card,13.96
500907,2026-02-12,2026-02-12 08:36:00,Downtown,North,747,Credit Card,12.13
500908,2026-02-12,2026-02-12 10:53:00,Airport Kiosk,West,111,Credit Card,7.62
500909,2026-02-12,2026-02-12 16:24:00,Riverside,South,90,Debit Card,19.88
500910,2026-02-12,2026-02-12 13:35:00,Harbor Point,South,805,Credit Card,7.58
500911,2026-02-12,2026-02-12 15:03:00,Uptown Mall,East,672,Credit Card,24.71
500912,2026-02-12,2026-02-12 15:34:00,Downtown,North,300,Mobile Pay,4.4
500913,2026-02-12,2026-02-12 11:47:00,Riverside,South,225,Debit Card,11.51
500914,2026-02-12,2026-02-12 10:08:00,Uptown Mall,East,180,Cash,5.7
500915,2026-02-12,2026-02-12 16:51:00,Harbor Point,South,680,Debit Card,17.93
500916,2026-02-12,2026-02-12 08:10:00,Downtown,North,552,Credit Card,16.66
500917,2026-02-13,2026-02-13 11:28:00,Uptown Mall,East,286,Debit Card,10.1
500918,2026-02-13,2026-02-13 13:34:00,Downtown,North,845,Mobile Pay,17.04
500919,2026-02-13,2026-02-13 16:58:00,Downtown,North,890,Cash,2.45
500920,2026-02-13,2026-02-13 14:42:00,Downtown,North,851,Credit Card,7.65
500921,2026-02-13,2026-02-13 09:27:00,Riverside,South,244,Debit Card,6.8
500922,2026-02-13,2026-02-13 14:54:00,Airport Kiosk,West,333,Mobile Pay,10.96
500923,2026-02-13,2026-02-13 07:26:00,Harbor Point,South,473,Mobile Pay,15.01
500924,2026-02-13,2026-02-13 11:23:00,Airport Kiosk,West,62,Credit Card,14.78
500925,2026-02-13,2026-02-13 17:17:00,Airport Kiosk,West,697,Debit Card,2.67
500926,2026-02-13,2026-02-13 08:20:00,Downtown,North,331,Mobile Pay,2.98
500927,2026-02-13,2026-02-13 08:19:00,Downtown,North,802,Credit Card,2.68
500928,2026-02-13,2026-02-13 07:15:00,Harbor Point,South,888,Debit Card,6.6
500929,2026-02-13,2026-02-13 09:05:00,Airport Kiosk,West,496,Debit Card,2.67
500930,2026-02-13,2026-02-13 10:48:00,Harbor Point,South,784,Debit Card,3.21
500931,2026-02-13,2026-02-13 18:38:00,Uptown Mall,East,896,Debit Card,7.66
500932,2026-02-13,2026-02-13 16:59:00,Harbor Point,South,332,Cash,13.09
500933,2026-02-13,2026-02-13 11:42:00,Uptown Mall,East,437,Cash,13.89
500934,2026-02-14,2026-02-14 08:19:00,Airport Kiosk,West,279,Debit Card,6.38
500935,2026-02-14,2026-02-14 07:01:00,Uptown Mall,East,363,Credit Card,14.7
500936,2026-02-14,2026-02-14 10:21:00,Airport Kiosk,West,330,Credit Card,2.92
500937,2026-02-14,2026-02-14 17:32:00,Riverside,South,382,Debit Card,10.29
500938,2026-02-14,2026-02-14 17:22:00,Riverside,South,450,Cash,4.17
500939,2026-02-14,2026-02-14 07:04:00,Uptown Mall,East,664,Debit Card,4.39
500940,2026-02-14,2026-02-14 15:28:00,Harbor Point,South,31,Mobile Pay,3.19
500941,2026-02-14,2026-02-14 09:56:00,Harbor Point,South,590,Debit Card,7.3
500942,2026-02-14,2026-02-14 12:17:00,Riverside,South,264,Mobile Pay,6.95
500943,2026-02-14,2026-02-14 15:40:00,Downtown,North,117,Mobile Pay,8.01
500944,2026-02-14,2026-02-14 11:21:00,Airport Kiosk,West,334,Cash,8.35
500945,2026-02-14,2026-02-14 15:10:00,Downtown,North,890,Debit Card,27.28
500946,2026-02-14,2026-02-14 07:05:00,Riverside,South,629,Cash,14.78
500947,2026-02-14,2026-02-14 09:39:00,Uptown Mall,East,710,Debit Card,16.78
500948,2026-02-14,2026-02-14 07:01:00,Riverside,South,668,Debit Card,3.88
500949,2026-02-14,2026-02-14 18:22:00,Airport Kiosk,West,588,Credit Card,7.72
500950,2026-02-14,2026-02-14 09:08:00,Uptown Mall,East,525,Cash,14.15
500951,2026-02-14,2026-02-14 08:10:00,Harbor Point,South,603,Debit Card,4.63
500952,2026-02-14,2026-02-14 09:13:00,Riverside,South,892,Mobile Pay,7.6
500953,2026-02-14,2026-02-14 08:21:00,Riverside,South,75,Credit Card,2.75
500954,2026-02-14,2026-02-14 08:06:00,Airport Kiosk,West,545,Debit Card,11.12
500955,2026-02-14,2026-02-14 13:58:00,Uptown Mall,East,324,Mobile Pay,15.99
500956,2026-02-14,2026-02-14 07:42:00,Uptown Mall,East,305,Cash,11.11
500957,2026-02-14,2026-02-14 14:51:00,Harbor Point,South,10,Debit Card,10.21
500958,2026-02-14,2026-02-14 09:22:00,Downtown,North,55,Mobile Pay,7.37
500959,2026-02-15,2026-02-15 09:32:00,Downtown,North,575,Debit Card,14.25
500960,2026-02-15,2026-02-15 18:51:00,Uptown Mall,East,387,Mobile Pay,11.45
500961,2026-02-15,2026-02-15 09:23:00,Airport Kiosk,West,342,Cash,10.27
500962,2026-02-15,2026-02-15 07:21:00,Uptown Mall,East,296,Mobile Pay,3.48
500963,2026-02-15,2026-02-15 07:55:00,Uptown Mall,East,720,Debit Card,28.58
500964,2026-02-15,2026-02-15 08:47:00,Uptown Mall,East,18,Credit Card,2.98
500965,2026-02-15,2026-02-15 16:00:00,Riverside,South,257,Credit Card,2.44
500966,2026-02-15,2026-02-15 14:03:00,Riverside,South,784,Mobile Pay,9.6
500967,2026-02-15,2026-02-15 09:07:00,Harbor Point,South,576,Cash,4.73
500968,2026-02-15,2026-02-15 07:41:00,Riverside,South,444,Cash,15.94
500969,2026-02-15,2026-02-15 11:58:00,Downtown,North,718,Credit Card,8.24
500970,2026-02-15,2026-02-15 08:45:00,Harbor Point,South,156,Credit Card,16.05
500971,2026-02-15,2026-02-15 09:17:00,Uptown Mall,East,828,Debit Card,6.34
500972,2026-02-15,2026-02-15 08:55:00,Uptown Mall,East,536,Mobile Pay,9.48
500973,2026-02-15,2026-02-15 09:15:00,Uptown Mall,East,600,Credit Card,7.71
500974,2026-02-15,2026-02-15 08:58:00,Downtown,North,513,Cash,11.11
500975,2026-02-15,2026-02-15 08:24:00,Uptown Mall,East,863,Credit Card,6.41
500976,2026-02-15,2026-02-15 10:59:00,Downtown,North,354,Credit Card,29.32
500977,2026-02-15,2026-02-15 15:03:00,Harbor Point,South,666,Debit Card,2.49
500978,2026-02-15,2026-02-15 12:37:00,Downtown,North,480,Credit Card,3.16
500979,2026-02-15,2026-02-15 09:37:00,Harbor Point,South,516,Cash,3.22
500980,2026-02-15,2026-02-15 08:28:00,Downtown,North,393,Debit Card,15.18
500981,2026-02-15,2026-02-15 18:22:00,Uptown Mall,East,559,Credit Card,5.98
500982,2026-02-15,2026-02-15 10:59:00,Riverside,South,9,Credit Card,12.04
500983,2026-02-15,2026-02-15 08:43:00,Downtown,North,805,Debit Card,21.3
500984,2026-02-15,2026-02-15 08:55:00,Harbor Point,South,401,Mobile Pay,12.62
500985,2026-02-16,2026-02-16 07:14:00,Harbor Point,South,96,Debit Card,27.39
500986,2026-02-16,2026-02-16 08:51:00,Uptown Mall,East,504,Mobile Pay,18.83
500987,2026-02-16,2026-02-16 13:39:00,Downtown,North,282,Cash,23.35
500988,2026-02-16,2026-02-16 13:38:00,Harbor Point,South,451,Mobile Pay,2.48
500989,2026-02-16,2026-02-16 09:08:00,Harbor Point,South,56,Credit Card,7.36
500990,2026-02-16,2026-02-16 18:15:00,Uptown Mall,East,303,Credit Card,6.87
500991,2026-02-16,2026-02-16 08:06:00,Airport Kiosk,West,808,Credit Card,8.04
500992,2026-02-16,2026-02-16 07:20:00,Uptown Mall,East,38,Credit Card,16.78
500993,2026-02-16,2026-02-16 12:56:00,Riverside,South,671,Debit Card,4.45
500994,2026-02-16,2026-02-16 12:35:00,Downtown,North,449,Cash,14.14
500995,2026-02-16,2026-02-16 11:50:00,Harbor Point,South,722,Credit Card,8.18
500996,2026-02-17,2026-02-17 11:30:00,Riverside,South,372,Credit Card,7.38
500997,2026-02-17,2026-02-17 09:24:00,Uptown Mall,East,2,Cash,15.1
500998,2026-02-17,2026-02-17 18:11:00,Riverside,South,797,Debit Card,6.32
500999,2026-02-17,2026-02-17 07:32:00,Riverside,South,848,Debit Card,2.74
501000,2026-02-17,2026-02-17 12:19:00,Airport Kiosk,West,427,Credit Card,26.78
501001,2026-02-17,2026-02-17 11:31:00,Airport Kiosk,West,436,Credit Card,11.12
501002,2026-02-17,2026-02-17 09:09:00,Downtown,North,784,Cash,5.84
501003,2026-02-17,2026-02-17 08:19:00,Downtown,North,588,Mobile Pay,7.16
501004,2026-02-17,2026-02-17 07:07:00,Uptown Mall,East,637,Credit Card,7.28
501005,2026-02-17,2026-02-17 08:58:00,Airport Kiosk,West,458,Debit Card,15.47
501006,2026-02-17,2026-02-17 16:50:00,Riverside,South,642,Credit Card,6.44
501007,2026-02-17,2026-02-17 08:45:00,Airport Kiosk,West,118,Credit Card,7.88
501008,2026-02-18,2026-02-18 09:28:00,Uptown Mall,East,840,Cash,16.74
501009,2026-02-18,2026-02-18 12:15:00,Uptown Mall,East,28,Credit Card,2.5
501010,2026-02-18,2026-02-18 14:38:00,Riverside,South,107,Mobile Pay,14.84
501011,2026-02-18,2026-02-18 08:43:00,Uptown Mall,East,678,Mobile Pay,21.91
501012,2026-02-18,2026-02-18 17:06:00,Downtown,North,204,Credit Card,9.78
501013,2026-02-18,2026-02-18 13:47:00,Riverside,South,706,Credit Card,10.73
501014,2026-02-18,2026-02-18 08:09:00,Airport Kiosk,West,319,Credit Card,2.97
501015,2026-02-18,2026-02-18 14:13:00,Riverside,South,413,Mobile Pay,10.74
501016,2026-02-18,2026-02-18 18:07:00,Downtown,North,552,Cash,2.68
501017,2026-02-18,2026-02-18 08:46:00,Airport Kiosk,West,4,Credit Card,6.88
501018,2026-02-18,2026-02-18 15:52:00,Uptown Mall,East,753,Cash,16.18
501019,2026-02-19,2026-02-19 08:44:00,Downtown,North,764,Credit Card,3.46
501020,2026-02-19,2026-02-19 16:23:00,Downtown,North,896,Credit Card,14.98
501021,2026-02-19,2026-02-19 07:37:00,Uptown Mall,East,105,Credit Card,18.72
501022,2026-02-19,2026-02-19 07:52:00,Downtown,North,546,Debit Card,19.46
501023,2026-02-19,2026-02-19 17:29:00,Airport Kiosk,West,570,Mobile Pay,21.29
501024,2026-02-19,2026-02-19 08:02:00,Riverside,South,453,Credit Card,18.85
501025,2026-02-19,2026-02-19 10:40:00,Downtown,North,429,Credit Card,11.94
501026,2026-02-19,2026-02-19 08:30:00,Harbor Point,South,824,Debit Card,4.49
501027,2026-02-19,2026-02-19 12:45:00,Downtown,North,412,Credit Card,14.47
501028,2026-02-19,2026-02-19 13:26:00,Downtown,North,868,Credit Card,2.43
501029,2026-02-19,2026-02-19 09:40:00,Riverside,South,466,Debit Card,7.15
501030,2026-02-19,2026-02-19 07:59:00,Riverside,South,762,Cash,4.17
501031,2026-02-19,2026-02-19 12:23:00,Harbor Point,South,278,Debit Card,8.43
501032,2026-02-19,2026-02-19 07:56:00,Uptown Mall,East,580,Mobile Pay,11.29
501033,2026-02-19,2026-02-19 10:15:00,Uptown Mall,East,770,Mobile Pay,2.72
501034,2026-02-19,2026-02-19 07:28:00,Riverside,South,170,Cash,3.48
501035,2026-02-19,2026-02-19 08:17:00,Riverside,South,835,Credit Card,11.4
501036,2026-02-19,2026-02-19 18:06:00,Downtown,North,409,Credit Card,22.54
501037,2026-02-20,2026-02-20 09:00:00,Uptown Mall,East,261,Credit Card,10.8
501038,2026-02-20,2026-02-20 17:31:00,Downtown,North,649,Cash,3.94
501039,2026-02-20,2026-02-20 16:05:00,Uptown Mall,East,632,Debit Card,15.0
501040,2026-02-20,2026-02-20 09:29:00,Uptown Mall,East,855,Debit Card,10.28
501041,2026-02-20,2026-02-20 07:32:00,Airport Kiosk,West,201,Debit Card,8.42
501042,2026-02-20,2026-02-20 08:31:00,Airport Kiosk,West,850,Cash,10.79
501043,2026-02-20,2026-02-20 12:56:00,Riverside,South,278,Mobile Pay,8.3
501044,2026-02-20,2026-02-20 16:16:00,Downtown,North,261,Credit Card,3.99
501045,2026-02-20,2026-02-20 09:54:00,Uptown Mall,East,383,Cash,18.75
501046,2026-02-20,2026-02-20 08:49:00,Riverside,South,313,Mobile Pay,8.33
501047,2026-02-20,2026-02-20 08:34:00,Downtown,North,666,Credit Card,7.28
501048,2026-02-20,2026-02-20 12:39:00,Downtown,North,522,Mobile Pay,6.64
501049,2026-02-20,2026-02-20 07:43:00,Harbor Point,South,711,Credit Card,10.71
501050,2026-02-20,2026-02-20 07:52:00,Harbor Point,South,497,Cash,2.44
501051,2026-02-20,2026-02-20 13:22:00,Harbor Point,South,623,Credit Card,30.35
501052,2026-02-20,2026-02-20 15:34:00,Uptown Mall,East,259,Debit Card,8.45
501053,2026-02-20,2026-02-20 10:44:00,Airport Kiosk,West,628,Debit Card,12.51
501054,2026-02-20,2026-02-20 08:47:00,Harbor Point,South,495,Credit Card,11.86
501055,2026-02-20,2026-02-20 15:11:00,Uptown Mall,East,105,Credit Card,20.46
501056,2026-02-20,2026-02-20 10:05:00,Riverside,South,215,Mobile Pay,11.54
501057,2026-02-20,2026-02-20 11:12:00,Uptown Mall,East,627,Mobile Pay,12.74
501058,2026-02-20,2026-02-20 18:13:00,Uptown Mall,East,268,Debit Card,30.84
501059,2026-02-21,2026-02-21 16:19:00,Downtown,North,783,Mobile Pay,7.92
501060,2026-02-21,2026-02-21 12:51:00,Uptown Mall,East,416,Debit Card,4.0
501061,2026-02-21,2026-02-21 08:03:00,Riverside,South,20,Mobile Pay,4.68
501062,2026-02-21,2026-02-21 12:22:00,Riverside,South,849,Credit Card,13.38
501063,2026-02-21,2026-02-21 13:21:00,Riverside,South,662,Cash,2.69
501064,2026-02-21,2026-02-21 11:58:00,Downtown,North,577,Credit Card,5.93
501065,2026-02-21,2026-02-21 13:13:00,Airport Kiosk,West,276,Credit Card,11.82
501066,2026-02-21,2026-02-21 12:25:00,Uptown Mall,East,106,Debit Card,18.33
501067,2026-02-21,2026-02-21 12:06:00,Harbor Point,South,822,Debit Card,10.79
501068,2026-02-21,2026-02-21 16:10:00,Downtown,North,764,Credit Card,5.91
501069,2026-02-21,2026-02-21 12:23:00,Downtown,North,810,Debit Card,2.48
501070,2026-02-21,2026-02-21 12:07:00,Riverside,South,288,Cash,7.12
501071,2026-02-21,2026-02-21 11:51:00,Riverside,South,391,Debit Card,16.89
501072,2026-02-21,2026-02-21 09:58:00,Harbor Point,South,806,Debit Card,14.54
501073,2026-02-21,2026-02-21 12:22:00,Airport Kiosk,West,613,Credit Card,15.46
501074,2026-02-21,2026-02-21 13:13:00,Harbor Point,South,78,Credit Card,15.06
501075,2026-02-21,2026-02-21 07:52:00,Harbor Point,South,582,Credit Card,3.23
501076,2026-02-21,2026-02-21 15:27:00,Uptown Mall,East,343,Credit Card,2.69
501077,2026-02-21,2026-02-21 12:09:00,Airport Kiosk,West,191,Credit Card,8.39
501078,2026-02-21,2026-02-21 09:50:00,Airport Kiosk,West,480,Mobile Pay,8.85
501079,2026-02-21,2026-02-21 13:34:00,Airport Kiosk,West,235,Mobile Pay,26.12
501080,2026-02-22,2026-02-22 18:49:00,Uptown Mall,East,243,Mobile Pay,13.73
501081,2026-02-22,2026-02-22 09:24:00,Uptown Mall,East,719,Credit Card,11.67
501082,2026-02-22,2026-02-22 10:02:00,Airport Kiosk,West,650,Debit Card,7.49
501083,2026-02-22,2026-02-22 09:06:00,Uptown Mall,East,391,Debit Card,6.41
501084,2026-02-22,2026-02-22 13:36:00,Harbor Point,South,713,Credit Card,23.16
501085,2026-02-22,2026-02-22 09:18:00,Uptown Mall,East,511,Credit Card,15.63
501086,2026-02-22,2026-02-22 12:36:00,Downtown,North,326,Cash,3.71
501087,2026-02-22,2026-02-22 10:47:00,Airport Kiosk,West,590,Debit Card,2.46
501088,2026-02-22,2026-02-22 16:03:00,Downtown,North,859,Credit Card,9.96
501089,2026-02-22,2026-02-22 08:27:00,Airport Kiosk,West,5,Cash,7.16
501090,2026-02-22,2026-02-22 07:53:00,Airport Kiosk,West,587,Credit Card,6.85
501091,2026-02-22,2026-02-22 13:18:00,Airport Kiosk,West,899,Debit Card,20.25
501092,2026-02-22,2026-02-22 10:02:00,Downtown,North,882,Cash,12.29
501093,2026-02-22,2026-02-22 10:53:00,Airport Kiosk,West,483,Debit Card,3.42
501094,2026-02-22,2026-02-22 08:29:00,Uptown Mall,East,887,Debit Card,8.15
501095,2026-02-22,2026-02-22 08:45:00,Airport Kiosk,West,265,Cash,12.42
501096,2026-02-22,2026-02-22 13:24:00,Downtown,North,555,Debit Card,2.98
501097,2026-02-22,2026-02-22 13:59:00,Downtown,North,267,Debit Card,2.69
501098,2026-02-23,2026-02-23 08:10:00,Riverside,South,74,Debit Card,27.25
501099,2026-02-23,2026-02-23 18:15:00,Uptown Mall,East,369,Debit Card,6.9
501100,2026-02-23,2026-02-23 09:38:00,Airport Kiosk,West,630,Mobile Pay,7.91
501101,2026-02-23,2026-02-23 17:17:00,Downtown,North,712,Mobile Pay,4.23
501102,2026-02-23,2026-02-23 09:33:00,Uptown Mall,East,48,Credit Card,11.12
501103,2026-02-23,2026-02-23 16:43:00,Harbor Point,South,334,Credit Card,3.48
501104,2026-02-23,2026-02-23 18:47:00,Downtown,North,5,Credit Card,3.48
501105,2026-02-23,2026-02-23 09:11:00,Uptown Mall,East,400,Debit Card,3.88
501106,2026-02-23,2026-02-23 07:09:00,Airport Kiosk,West,3,Cash,3.41
501107,2026-02-23,2026-02-23 08:46:00,Uptown Mall,East,724,Credit Card,23.68
501108,2026-02-23,2026-02-23 11:17:00,Airport Kiosk,West,633,Mobile Pay,3.42
501109,2026-02-23,2026-02-23 16:25:00,Uptown Mall,East,284,Credit Card,7.61
501110,2026-02-23,2026-02-23 11:42:00,Harbor Point,South,255,Cash,5.92
501111,2026-02-23,2026-02-23 08:40:00,Airport Kiosk,West,188,Cash,4.19
501112,2026-02-23,2026-02-23 09:25:00,Uptown Mall,East,105,Mobile Pay,3.19
501113,2026-02-23,2026-02-23 16:24:00,Riverside,South,532,Debit Card,19.2
501114,2026-02-24,2026-02-24 14:18:00,Downtown,North,489,Cash,6.84
501115,2026-02-24,2026-02-24 13:12:00,Downtown,North,252,Debit Card,7.28
501116,2026-02-24,2026-02-24 13:41:00,Uptown Mall,East,392,Credit Card,17.7
501117,2026-02-24,2026-02-24 11:52:00,Uptown Mall,East,598,Credit Card,4.67
501118,2026-02-24,2026-02-24 07:12:00,Harbor Point,South,592,Cash,11.23
501119,2026-02-24,2026-02-24 12:50:00,Airport Kiosk,West,285,Credit Card,4.71
501120,2026-02-24,2026-02-24 08:07:00,Downtown,North,348,Credit Card,18.66
501121,2026-02-24,2026-02-24 10:10:00,Riverside,South,211,Mobile Pay,11.68
501122,2026-02-24,2026-02-24 16:04:00,Harbor Point,South,707,Debit Card,10.61
501123,2026-02-24,2026-02-24 09:40:00,Harbor Point,South,201,Cash,19.66
501124,2026-02-24,2026-02-24 14:11:00,Uptown Mall,East,328,Mobile Pay,9.41
501125,2026-02-24,2026-02-24 18:12:00,Riverside,South,700,Credit Card,20.49
501126,2026-02-24,2026-02-24 08:28:00,Harbor Point,South,559,Credit Card,17.27
501127,2026-02-24,2026-02-24 17:00:00,Downtown,North,421,Mobile Pay,8.42
501128,2026-02-24,2026-02-24 13:21:00,Uptown Mall,East,566,Cash,10.83
501129,2026-02-24,2026-02-24 09:52:00,Airport Kiosk,West,890,Credit Card,2.96
501130,2026-02-24,2026-02-24 09:24:00,Riverside,South,623,Credit Card,2.7
501131,2026-02-24,2026-02-24 09:10:00,Airport Kiosk,West,230,Credit Card,7.39
501132,2026-02-24,2026-02-24 07:16:00,Harbor Point,South,75,Cash,7.61
501133,2026-02-24,2026-02-24 15:31:00,Harbor Point,South,757,Cash,10.29
501134,2026-02-24,2026-02-24 08:15:00,Uptown Mall,East,573,Debit Card,33.87
501135,2026-02-24,2026-02-24 07:53:00,Riverside,South,336,Debit Card,6.2
501136,2026-02-24,2026-02-24 08:00:00,Airport Kiosk,West,804,Credit Card,3.49
501137,2026-02-25,2026-02-25 11:13:00,Riverside,South,222,Cash,16.71
501138,2026-02-25,2026-02-25 16:27:00,Airport Kiosk,West,738,Credit Card,4.18
501139,2026-02-25,2026-02-25 08:11:00,Airport Kiosk,West,843,Credit Card,14.83
501140,2026-02-25,2026-02-25 08:13:00,Uptown Mall,East,564,Credit Card,11.57
501141,2026-02-25,2026-02-25 13:59:00,Harbor Point,South,57,Debit Card,3.41
501142,2026-02-25,2026-02-25 16:05:00,Airport Kiosk,West,374,Credit Card,8.08
501143,2026-02-25,2026-02-25 18:22:00,Airport Kiosk,West,414,Mobile Pay,16.97
501144,2026-02-25,2026-02-25 11:16:00,Airport Kiosk,West,792,Credit Card,10.9
501145,2026-02-25,2026-02-25 16:46:00,Harbor Point,South,320,Debit Card,9.19
501146,2026-02-25,2026-02-25 07:40:00,Riverside,South,517,Debit Card,8.11
501147,2026-02-25,2026-02-25 11:38:00,Riverside,South,798,Debit Card,6.36
501148,2026-02-25,2026-02-25 17:40:00,Harbor Point,South,818,Debit Card,2.93
501149,2026-02-26,2026-02-26 18:33:00,Uptown Mall,East,35,Credit Card,16.03
501150,2026-02-26,2026-02-26 14:55:00,Downtown,North,525,Credit Card,3.19
501151,2026-02-26,2026-02-26 07:12:00,Airport Kiosk,West,592,Debit Card,18.46
501152,2026-02-26,2026-02-26 11:45:00,Downtown,North,363,Cash,3.47
501153,2026-02-26,2026-02-26 08:03:00,Downtown,North,838,Cash,2.48
501154,2026-02-26,2026-02-26 10:02:00,Downtown,North,701,Cash,16.83
501155,2026-02-26,2026-02-26 08:45:00,Harbor Point,South,437,Debit Card,5.92
501156,2026-02-26,2026-02-26 07:19:00,Downtown,North,567,Credit Card,16.11
501157,2026-02-26,2026-02-26 16:25:00,Airport Kiosk,West,594,Cash,4.25
501158,2026-02-26,2026-02-26 09:09:00,Airport Kiosk,West,876,Debit Card,7.66
501159,2026-02-26,2026-02-26 13:31:00,Uptown Mall,East,126,Cash,11.82
501160,2026-02-26,2026-02-26 09:00:00,Uptown Mall,East,538,Credit Card,7.66
501161,2026-02-26,2026-02-26 09:53:00,Downtown,North,478,Mobile Pay,6.17
501162,2026-02-27,2026-02-27 07:16:00,Airport Kiosk,West,258,Credit Card,3.5
501163,2026-02-27,2026-02-27 11:15:00,Downtown,North,346,Credit Card,8.98
501164,2026-02-27,2026-02-27 08:39:00,Riverside,South,716,Debit Card,3.88
501165,2026-02-27,2026-02-27 08:30:00,Harbor Point,South,855,Credit Card,2.46
501166,2026-02-27,2026-02-27 12:18:00,Riverside,South,215,Credit Card,3.94
501167,2026-02-27,2026-02-27 09:41:00,Downtown,North,564,Debit Card,15.04
501168,2026-02-27,2026-02-27 11:18:00,Harbor Point,South,205,Credit Card,8.78
501169,2026-02-27,2026-02-27 15:32:00,Harbor Point,South,452,Debit Card,6.82
501170,2026-02-27,2026-02-27 12:24:00,Downtown,North,597,Credit Card,7.81
501171,2026-02-27,2026-02-27 17:34:00,Harbor Point,South,572,Credit Card,16.75
501172,2026-02-27,2026-02-27 15:44:00,Riverside,South,734,Credit Card,12.78
501173,2026-02-27,2026-02-27 17:02:00,Airport Kiosk,West,96,Debit Card,3.91
501174,2026-02-27,2026-02-27 12:57:00,Downtown,North,535,Credit Card,7.91
501175,2026-02-27,2026-02-27 15:06:00,Downtown,North,622,Cash,25.49
501176,2026-02-27,2026-02-27 13:49:00,Harbor Point,South,479,Cash,2.98
501177,2026-02-28,2026-02-28 16:09:00,Riverside,South,482,Credit Card,3.16
501178,2026-02-28,2026-02-28 08:00:00,Downtown,North,828,Credit Card,7.29
501179,2026-02-28,2026-02-28 10:57:00,Riverside,South,721,Mobile Pay,7.64
501180,2026-02-28,2026-02-28 09:20:00,Airport Kiosk,West,246,Debit Card,4.24
501181,2026-02-28,2026-02-28 12:39:00,Downtown,North,121,Credit Card,3.44
501182,2026-02-28,2026-02-28 18:41:00,Airport Kiosk,West,266,Cash,2.97
501183,2026-02-28,2026-02-28 12:38:00,Downtown,North,174,Cash,11.72
501184,2026-02-28,2026-02-28 08:53:00,Harbor Point,South,667,Cash,26.77
501185,2026-02-28,2026-02-28 13:09:00,Riverside,South,23,Credit Card,8.12
501186,2026-02-28,2026-02-28 18:21:00,Uptown Mall,East,564,Cash,7.43
501187,2026-02-28,2026-02-28 10:30:00,Airport Kiosk,West,633,Credit Card,3.94
501188,2026-02-28,2026-02-28 09:58:00,Uptown Mall,East,647,Mobile Pay,16.48
501189,2026-02-28,2026-02-28 09:54:00,Harbor Point,South,783,Cash,9.26
501190,2026-02-28,2026-02-28 14:45:00,Downtown,North,363,Mobile Pay,8.02
501191,2026-02-28,2026-02-28 09:05:00,Airport Kiosk,West,60,Credit Card,10.68
501192,2026-02-28,2026-02-28 12:55:00,Harbor Point,South,566,Credit Card,2.49
501193,2026-02-28,2026-02-28 09:01:00,Airport Kiosk,West,613,Credit Card,5.42
501194,2026-02-28,2026-02-28 12:39:00,Uptown Mall,East,626,Mobile Pay,9.98
501195,2026-02-28,2026-02-28 12:15:00,Harbor Point,South,715,Credit Card,3.72
501196,2026-03-01,2026-03-01 18:50:00,Harbor Point,South,491,Credit Card,38.94
501197,2026-03-01,2026-03-01 17:24:00,Downtown,North,26,Credit Card,21.24
501198,2026-03-01,2026-03-01 08:45:00,Riverside,South,608,Credit Card,9.89
501199,2026-03-01,2026-03-01 07:33:00,Harbor Point,South,237,Credit Card,4.96
501200,2026-03-01,2026-03-01 18:20:00,Harbor Point,South,530,Mobile Pay,8.36
501201,2026-03-01,2026-03-01 07:37:00,Downtown,North,131,Debit Card,23.45
501202,2026-03-01,2026-03-01 10:21:00,Uptown Mall,East,784,Mobile Pay,3.68
501203,2026-03-01,2026-03-01 16:24:00,Downtown,North,479,Credit Card,11.1
501204,2026-03-01,2026-03-01 11:10:00,Uptown Mall,East,55,Cash,6.18
501205,2026-03-01,2026-03-01 13:14:00,Airport Kiosk,West,854,Cash,8.86
501206,2026-03-01,2026-03-01 18:22:00,Harbor Point,South,832,Credit Card,12.47
501207,2026-03-01,2026-03-01 09:39:00,Airport Kiosk,West,218,Debit Card,13.34
501208,2026-03-01,2026-03-01 11:17:00,Riverside,South,487,Credit Card,12.34
501209,2026-03-01,2026-03-01 07:32:00,Airport Kiosk,West,153,Mobile Pay,13.34
501210,2026-03-01,2026-03-01 16:35:00,Uptown Mall,East,765,Credit Card,11.08
501211,2026-03-01,2026-03-01 08:13:00,Airport Kiosk,West,441,Debit Card,3.99
501212,2026-03-01,2026-03-01 07:28:00,Riverside,South,152,Credit Card,25.98
501213,2026-03-01,2026-03-01 13:16:00,Airport Kiosk,West,198,Mobile Pay,17.83
501214,2026-03-01,2026-03-01 08:54:00,Riverside,South,242,Debit Card,7.83
501215,2026-03-01,2026-03-01 13:44:00,Harbor Point,South,594,Mobile Pay,7.15
501216,2026-03-01,2026-03-01 08:45:00,Airport Kiosk,West,338,Credit Card,19.03
501217,2026-03-01,2026-03-01 18:19:00,Harbor Point,South,798,Credit Card,6.85
501218,2026-03-01,2026-03-01 12:52:00,Airport Kiosk,West,882,Debit Card,2.95
501219,2026-03-02,2026-03-02 18:38:00,Riverside,South,260,Credit Card,14.53
501220,2026-03-02,2026-03-02 08:36:00,Uptown Mall,East,213,Cash,24.45
501221,2026-03-02,2026-03-02 14:08:00,Harbor Point,South,469,Cash,20.57
501222,2026-03-02,2026-03-02 12:50:00,Uptown Mall,East,865,Cash,23.11
501223,2026-03-02,2026-03-02 10:51:00,Uptown Mall,East,775,Debit Card,10.02
501224,2026-03-02,2026-03-02 18:58:00,Airport Kiosk,West,374,Mobile Pay,16.59
501225,2026-03-02,2026-03-02 08:25:00,Downtown,North,268,Mobile Pay,19.89
501226,2026-03-02,2026-03-02 15:00:00,Downtown,North,480,Credit Card,27.9
501227,2026-03-02,2026-03-02 09:28:00,Airport Kiosk,West,590,Debit Card,15.99
501228,2026-03-02,2026-03-02 10:18:00,Riverside,South,584,Cash,12.98
501229,2026-03-02,2026-03-02 16:45:00,Uptown Mall,East,519,Debit Card,9.41
501230,2026-03-02,2026-03-02 18:19:00,Riverside,South,253,Credit Card,10.79
501231,2026-03-02,2026-03-02 13:05:00,Harbor Point,South,550,Credit Card,15.56
501232,2026-03-02,2026-03-02 07:01:00,Harbor Point,South,412,Cash,11.84
501233,2026-03-02,2026-03-02 09:20:00,Riverside,South,824,Credit Card,10.64
501234,2026-03-02,2026-03-02 16:13:00,Harbor Point,South,579,Mobile Pay,20.85
501235,2026-03-02,2026-03-02 09:37:00,Airport Kiosk,West,146,Debit Card,20.91
501236,2026-03-02,2026-03-02 08:38:00,Uptown Mall,East,556,Credit Card,7.33
501237,2026-03-02,2026-03-02 16:58:00,Airport Kiosk,West,683,Mobile Pay,8.2
501238,2026-03-02,2026-03-02 09:29:00,Harbor Point,South,559,Credit Card,8.4
501239,2026-03-02,2026-03-02 09:57:00,Riverside,South,68,Debit Card,10.55
501240,2026-03-03,2026-03-03 13:08:00,Uptown Mall,East,28,Cash,19.22
501241,2026-03-03,2026-03-03 18:48:00,Downtown,North,426,Debit Card,11.67
501242,2026-03-03,2026-03-03 12:48:00,Uptown Mall,East,391,Mobile Pay,7.69
501243,2026-03-03,2026-03-03 08:58:00,Uptown Mall,East,10,Mobile Pay,17.82
501244,2026-03-03,2026-03-03 09:57:00,Airport Kiosk,West,578,Debit Card,15.03
501245,2026-03-03,2026-03-03 17:11:00,Airport Kiosk,West,303,Credit Card,18.42
501246,2026-03-03,2026-03-03 11:39:00,Riverside,South,45,Mobile Pay,12.44
501247,2026-03-03,2026-03-03 11:48:00,Harbor Point,South,37,Mobile Pay,16.66
501248,2026-03-03,2026-03-03 10:26:00,Riverside,South,301,Cash,3.22
501249,2026-03-03,2026-03-03 14:11:00,Downtown,North,706,Credit Card,11.97
501250,2026-03-03,2026-03-03 08:01:00,Airport Kiosk,West,828,Cash,14.69
501251,2026-03-03,2026-03-03 14:59:00,Downtown,North,618,Credit Card,14.41
501252,2026-03-03,2026-03-03 13:07:00,Harbor Point,South,27,Mobile Pay,23.46
501253,2026-03-03,2026-03-03 10:59:00,Airport Kiosk,West,404,Cash,24.99
501254,2026-03-04,2026-03-04 12:51:00,Uptown Mall,East,701,Debit Card,11.41
501255,2026-03-04,2026-03-04 14:06:00,Downtown,North,307,Mobile Pay,44.44
501256,2026-03-04,2026-03-04 10:06:00,Airport Kiosk,West,455,Mobile Pay,7.72
501257,2026-03-04,2026-03-04 14:32:00,Downtown,North,597,Mobile Pay,16.66
501258,2026-03-04,2026-03-04 07:06:00,Riverside,South,612,Mobile Pay,8.34
501259,2026-03-04,2026-03-04 14:32:00,Downtown,North,741,Cash,10.12
501260,2026-03-04,2026-03-04 12:24:00,Uptown Mall,East,56,Debit Card,4.92
501261,2026-03-04,2026-03-04 07:17:00,Uptown Mall,East,257,Credit Card,11.92
501262,2026-03-04,2026-03-04 15:50:00,Riverside,South,396,Debit Card,7.66
501263,2026-03-04,2026-03-04 11:59:00,Uptown Mall,East,647,Credit Card,15.98
501264,2026-03-04,2026-03-04 08:57:00,Airport Kiosk,West,591,Credit Card,8.53
501265,2026-03-04,2026-03-04 14:10:00,Harbor Point,South,579,Cash,7.36
501266,2026-03-04,2026-03-04 17:44:00,Airport Kiosk,West,95,Debit Card,7.32
501267,2026-03-04,2026-03-04 13:19:00,Uptown Mall,East,89,Cash,23.49
501268,2026-03-05,2026-03-05 08:22:00,Riverside,South,581,Cash,16.77
501269,2026-03-05,2026-03-05 07:29:00,Downtown,North,471,Mobile Pay,6.84
501270,2026-03-05,2026-03-05 08:05:00,Downtown,North,93,Cash,14.76
501271,2026-03-05,2026-03-05 09:38:00,Uptown Mall,East,301,Credit Card,7.61
501272,2026-03-05,2026-03-05 14:39:00,Airport Kiosk,West,106,Cash,6.8
501273,2026-03-05,2026-03-05 16:10:00,Downtown,North,883,Cash,20.65
501274,2026-03-05,2026-03-05 10:24:00,Uptown Mall,East,474,Cash,3.4
501275,2026-03-05,2026-03-05 16:53:00,Riverside,South,165,Credit Card,3.24
501276,2026-03-05,2026-03-05 07:51:00,Harbor Point,South,247,Mobile Pay,12.5
501277,2026-03-05,2026-03-05 07:38:00,Uptown Mall,East,261,Credit Card,15.07
501278,2026-03-05,2026-03-05 09:28:00,Uptown Mall,East,693,Credit Card,2.45
501279,2026-03-05,2026-03-05 18:04:00,Riverside,South,207,Debit Card,3.96
501280,2026-03-06,2026-03-06 08:14:00,Downtown,North,184,Mobile Pay,7.5
501281,2026-03-06,2026-03-06 08:16:00,Harbor Point,South,773,Debit Card,2.99
501282,2026-03-06,2026-03-06 12:22:00,Downtown,North,459,Debit Card,4.98
501283,2026-03-06,2026-03-06 10:04:00,Downtown,North,836,Debit Card,11.7
501284,2026-03-06,2026-03-06 08:39:00,Uptown Mall,East,54,Mobile Pay,3.95
501285,2026-03-06,2026-03-06 07:19:00,Harbor Point,South,6,Credit Card,12.21
501286,2026-03-06,2026-03-06 07:11:00,Riverside,South,861,Credit Card,8.06
501287,2026-03-06,2026-03-06 07:29:00,Harbor Point,South,520,Debit Card,2.93
501288,2026-03-06,2026-03-06 09:08:00,Riverside,South,537,Cash,10.96
501289,2026-03-06,2026-03-06 08:43:00,Harbor Point,South,330,Credit Card,19.34
501290,2026-03-06,2026-03-06 09:22:00,Downtown,North,769,Debit Card,7.2
501291,2026-03-06,2026-03-06 08:06:00,Harbor Point,South,241,Mobile Pay,3.7
501292,2026-03-06,2026-03-06 09:41:00,Riverside,South,547,Cash,6.41
501293,2026-03-06,2026-03-06 07:07:00,Uptown Mall,East,212,Mobile Pay,3.24
501294,2026-03-06,2026-03-06 10:33:00,Uptown Mall,East,606,Credit Card,2.49
501295,2026-03-06,2026-03-06 13:23:00,Harbor Point,South,267,Credit Card,10.87
501296,2026-03-06,2026-03-06 09:16:00,Harbor Point,South,803,Debit Card,15.27
501297,2026-03-06,2026-03-06 10:11:00,Downtown,North,639,Debit Card,19.71
501298,2026-03-06,2026-03-06 08:17:00,Downtown,North,760,Cash,3.92
501299,2026-03-06,2026-03-06 08:23:00,Downtown,North,608,Debit Card,4.65
501300,2026-03-06,2026-03-06 13:51:00,Riverside,South,80,Cash,8.59
501301,2026-03-06,2026-03-06 08:41:00,Uptown Mall,East,639,Cash,13.29
501302,2026-03-06,2026-03-06 12:41:00,Harbor Point,South,62,Cash,4.38
501303,2026-03-06,2026-03-06 15:09:00,Uptown Mall,East,642,Credit Card,5.92
501304,2026-03-06,2026-03-06 18:18:00,Harbor Point,South,558,Credit Card,11.53
501305,2026-03-06,2026-03-06 08:19:00,Riverside,South,397,Debit Card,3.21
501306,2026-03-06,2026-03-06 08:20:00,Uptown Mall,East,655,Credit Card,2.93
501307,2026-03-07,2026-03-07 12:15:00,Riverside,South,860,Cash,3.69
501308,2026-03-07,2026-03-07 10:15:00,Downtown,North,278,Mobile Pay,14.89
501309,2026-03-07,2026-03-07 12:21:00,Uptown Mall,East,861,Credit Card,18.85
501310,2026-03-07,2026-03-07 17:00:00,Airport Kiosk,West,831,Debit Card,4.43
501311,2026-03-07,2026-03-07 16:11:00,Uptown Mall,East,8,Cash,2.48
501312,2026-03-07,2026-03-07 13:35:00,Riverside,South,305,Mobile Pay,11.28
501313,2026-03-07,2026-03-07 11:05:00,Uptown Mall,East,103,Debit Card,7.84
501314,2026-03-07,2026-03-07 08:27:00,Uptown Mall,East,49,Cash,8.08
501315,2026-03-07,2026-03-07 14:54:00,Uptown Mall,East,286,Mobile Pay,31.43
501316,2026-03-07,2026-03-07 08:55:00,Airport Kiosk,West,331,Credit Card,17.78
501317,2026-03-07,2026-03-07 13:57:00,Riverside,South,524,Credit Card,9.26
501318,2026-03-07,2026-03-07 12:16:00,Harbor Point,South,555,Debit Card,18.82
501319,2026-03-07,2026-03-07 08:45:00,Airport Kiosk,West,824,Cash,20.84
501320,2026-03-07,2026-03-07 09:59:00,Downtown,North,685,Mobile Pay,10.49
501321,2026-03-07,2026-03-07 16:24:00,Harbor Point,South,736,Mobile Pay,23.75
501322,2026-03-07,2026-03-07 17:45:00,Downtown,North,81,Credit Card,3.43
501323,2026-03-07,2026-03-07 09:24:00,Uptown Mall,East,338,Debit Card,19.49
501324,2026-03-07,2026-03-07 17:58:00,Riverside,South,659,Debit Card,7.33
501325,2026-03-07,2026-03-07 09:01:00,Harbor Point,South,236,Mobile Pay,16.72
501326,2026-03-07,2026-03-07 11:11:00,Airport Kiosk,West,187,Cash,7.29
501327,2026-03-07,2026-03-07 13:44:00,Downtown,North,546,Mobile Pay,11.47
501328,2026-03-07,2026-03-07 07:21:00,Riverside,South,824,Cash,28.83
501329,2026-03-07,2026-03-07 09:19:00,Riverside,South,630,Credit Card,2.48
501330,2026-03-07,2026-03-07 08:12:00,Harbor Point,South,892,Debit Card,27.73
501331,2026-03-07,2026-03-07 08:57:00,Downtown,North,348,Debit Card,15.58
501332,2026-03-07,2026-03-07 11:01:00,Riverside,South,636,Cash,23.71
501333,2026-03-07,2026-03-07 16:53:00,Downtown,North,795,Credit Card,3.47
501334,2026-03-07,2026-03-07 17:42:00,Riverside,South,367,Mobile Pay,5.46
501335,2026-03-07,2026-03-07 09:32:00,Downtown,North,607,Debit Card,8.18
501336,2026-03-07,2026-03-07 09:09:00,Downtown,North,616,Mobile Pay,15.76
501337,2026-03-07,2026-03-07 18:56:00,Airport Kiosk,West,408,Credit Card,4.24
501338,2026-03-07,2026-03-07 10:58:00,Airport Kiosk,West,165,Credit Card,12.43
501339,2026-03-07,2026-03-07 16:51:00,Downtown,North,671,Credit Card,8.16
501340,2026-03-07,2026-03-07 17:07:00,Harbor Point,South,895,Credit Card,22.1
501341,2026-03-07,2026-03-07 15:45:00,Airport Kiosk,West,71,Mobile Pay,2.94
501342,2026-03-07,2026-03-07 13:23:00,Downtown,North,808,Mobile Pay,12.41
501343,2026-03-07,2026-03-07 08:05:00,Downtown,North,142,Debit Card,10.8
501344,2026-03-08,2026-03-08 09:40:00,Harbor Point,South,116,Cash,3.89
501345,2026-03-08,2026-03-08 09:09:00,Downtown,North,830,Cash,12.27
501346,2026-03-08,2026-03-08 16:52:00,Harbor Point,South,333,Credit Card,14.89
501347,2026-03-08,2026-03-08 12:27:00,Harbor Point,South,383,Cash,2.91
501348,2026-03-08,2026-03-08 17:53:00,Riverside,South,328,Mobile Pay,17.99
501349,2026-03-08,2026-03-08 15:20:00,Downtown,North,490,Cash,36.65
501350,2026-03-08,2026-03-08 15:01:00,Airport Kiosk,West,151,Mobile Pay,14.78
501351,2026-03-08,2026-03-08 09:39:00,Downtown,North,859,Debit Card,3.21
501352,2026-03-08,2026-03-08 07:33:00,Downtown,North,585,Credit Card,4.71
501353,2026-03-08,2026-03-08 07:54:00,Downtown,North,89,Credit Card,6.92
501354,2026-03-08,2026-03-08 12:57:00,Uptown Mall,East,803,Cash,4.16
501355,2026-03-08,2026-03-08 17:41:00,Airport Kiosk,West,340,Cash,3.2
501356,2026-03-08,2026-03-08 13:06:00,Riverside,South,591,Credit Card,11.69
501357,2026-03-08,2026-03-08 09:35:00,Downtown,North,341,Cash,15.66
501358,2026-03-08,2026-03-08 08:41:00,Riverside,South,816,Debit Card,2.48
501359,2026-03-08,2026-03-08 08:24:00,Airport Kiosk,West,89,Mobile Pay,20.51
501360,2026-03-08,2026-03-08 14:48:00,Downtown,North,100,Mobile Pay,5.67
501361,2026-03-08,2026-03-08 09:30:00,Downtown,North,719,Cash,4.22
501362,2026-03-08,2026-03-08 16:50:00,Airport Kiosk,West,111,Mobile Pay,7.06
501363,2026-03-08,2026-03-08 09:06:00,Harbor Point,South,496,Mobile Pay,5.97
501364,2026-03-08,2026-03-08 10:03:00,Riverside,South,652,Credit Card,8.99
501365,2026-03-08,2026-03-08 15:29:00,Uptown Mall,East,106,Credit Card,3.72
501366,2026-03-09,2026-03-09 11:37:00,Downtown,North,455,Credit Card,4.18
501367,2026-03-09,2026-03-09 17:16:00,Airport Kiosk,West,762,Cash,14.28
501368,2026-03-09,2026-03-09 17:33:00,Uptown Mall,East,233,Credit Card,4.67
501369,2026-03-09,2026-03-09 09:59:00,Downtown,North,244,Debit Card,9.31
501370,2026-03-09,2026-03-09 07:26:00,Riverside,South,295,Debit Card,5.96
501371,2026-03-09,2026-03-09 12:32:00,Uptown Mall,East,184,Credit Card,8.18
501372,2026-03-09,2026-03-09 14:21:00,Riverside,South,711,Mobile Pay,8.03
501373,2026-03-09,2026-03-09 09:44:00,Downtown,North,655,Debit Card,8.74
501374,2026-03-09,2026-03-09 14:36:00,Downtown,North,300,Mobile Pay,3.22
501375,2026-03-09,2026-03-09 08:54:00,Airport Kiosk,West,62,Cash,11.59
501376,2026-03-09,2026-03-09 12:53:00,Downtown,North,536,Mobile Pay,4.22
501377,2026-03-09,2026-03-09 15:53:00,Riverside,South,701,Debit Card,11.87
501378,2026-03-09,2026-03-09 13:34:00,Harbor Point,South,749,Credit Card,11.14
501379,2026-03-09,2026-03-09 09:50:00,Downtown,North,467,Cash,4.66
501380,2026-03-09,2026-03-09 09:00:00,Uptown Mall,East,787,Cash,3.46
501381,2026-03-09,2026-03-09 08:38:00,Downtown,North,404,Cash,15.8
501382,2026-03-09,2026-03-09 10:22:00,Riverside,South,384,Cash,15.75
501383,2026-03-09,2026-03-09 09:56:00,Riverside,South,171,Cash,11.2
501384,2026-03-09,2026-03-09 07:35:00,Airport Kiosk,West,492,Credit Card,6.98
501385,2026-03-09,2026-03-09 08:00:00,Downtown,North,679,Credit Card,2.69
501386,2026-03-09,2026-03-09 18:13:00,Riverside,South,127,Cash,26.14
501387,2026-03-09,2026-03-09 17:59:00,Harbor Point,South,87,Credit Card,4.39
501388,2026-03-10,2026-03-10 10:23:00,Harbor Point,South,504,Credit Card,7.13
501389,2026-03-10,2026-03-10 11:07:00,Downtown,North,358,Credit Card,4.47
501390,2026-03-10,2026-03-10 12:29:00,Harbor Point,South,796,Credit Card,3.2
501391,2026-03-10,2026-03-10 10:49:00,Downtown,North,681,Credit Card,4.38
501392,2026-03-10,2026-03-10 12:45:00,Airport Kiosk,West,564,Cash,11.54
501393,2026-03-10,2026-03-10 17:38:00,Uptown Mall,East,462,Mobile Pay,15.48
501394,2026-03-10,2026-03-10 11:01:00,Uptown Mall,East,616,Credit Card,3.67
501395,2026-03-10,2026-03-10 13:59:00,Riverside,South,873,Debit Card,7.58
501396,2026-03-10,2026-03-10 09:25:00,Downtown,North,491,Mobile Pay,8.82
501397,2026-03-10,2026-03-10 13:25:00,Uptown Mall,East,121,Mobile Pay,6.7
501398,2026-03-10,2026-03-10 11:35:00,Riverside,South,454,Credit Card,12.81
501399,2026-03-10,2026-03-10 08:41:00,Uptown Mall,East,59,Cash,17.42
501400,2026-03-10,2026-03-10 13:49:00,Riverside,South,380,Credit Card,4.41
501401,2026-03-10,2026-03-10 18:07:00,Riverside,South,868,Cash,15.84
501402,2026-03-10,2026-03-10 07:19:00,Uptown Mall,East,187,Cash,4.2
501403,2026-03-10,2026-03-10 10:41:00,Downtown,North,231,Credit Card,4.44
501404,2026-03-10,2026-03-10 14:20:00,Downtown,North,463,Debit Card,8.42
501405,2026-03-10,2026-03-10 09:16:00,Downtown,North,35,Debit Card,9.22
501406,2026-03-10,2026-03-10 10:12:00,Downtown,North,598,Credit Card,5.88
501407,2026-03-10,2026-03-10 09:28:00,Uptown Mall,East,260,Mobile Pay,10.1
501408,2026-03-10,2026-03-10 16:40:00,Harbor Point,South,593,Cash,7.37
501409,2026-03-10,2026-03-10 09:01:00,Uptown Mall,East,302,Debit Card,4.21
501410,2026-03-10,2026-03-10 10:00:00,Harbor Point,South,223,Cash,7.37
501411,2026-03-11,2026-03-11 08:02:00,Riverside,South,291,Credit Card,7.44
501412,2026-03-11,2026-03-11 12:19:00,Downtown,North,866,Credit Card,23.45
501413,2026-03-11,2026-03-11 10:12:00,Uptown Mall,East,664,Credit Card,3.43
501414,2026-03-11,2026-03-11 14:25:00,Airport Kiosk,West,93,Credit Card,2.93
501415,2026-03-11,2026-03-11 17:53:00,Downtown,North,699,Credit Card,3.64
501416,2026-03-11,2026-03-11 09:41:00,Uptown Mall,East,153,Credit Card,2.94
501417,2026-03-11,2026-03-11 09:20:00,Airport Kiosk,West,675,Debit Card,4.44
501418,2026-03-11,2026-03-11 11:02:00,Downtown,North,356,Debit Card,7.73
501419,2026-03-11,2026-03-11 10:40:00,Airport Kiosk,West,261,Credit Card,4.45
501420,2026-03-11,2026-03-11 13:52:00,Airport Kiosk,West,106,Debit Card,4.24
501421,2026-03-11,2026-03-11 09:50:00,Riverside,South,523,Debit Card,2.93
501422,2026-03-11,2026-03-11 08:04:00,Downtown,North,374,Credit Card,9.11
501423,2026-03-11,2026-03-11 10:41:00,Airport Kiosk,West,429,Credit Card,14.63
501424,2026-03-11,2026-03-11 15:13:00,Harbor Point,South,519,Credit Card,7.67
501425,2026-03-11,2026-03-11 08:55:00,Riverside,South,788,Debit Card,2.74
501426,2026-03-11,2026-03-11 10:30:00,Airport Kiosk,West,603,Credit Card,7.36
501427,2026-03-11,2026-03-11 08:55:00,Harbor Point,South,402,Credit Card,3.94
501428,2026-03-11,2026-03-11 10:39:00,Riverside,South,689,Debit Card,3.2
501429,2026-03-11,2026-03-11 09:44:00,Riverside,South,126,Credit Card,5.9
501430,2026-03-11,2026-03-11 11:06:00,Airport Kiosk,West,534,Mobile Pay,2.44
501431,2026-03-11,2026-03-11 08:09:00,Riverside,South,554,Credit Card,17.17
501432,2026-03-11,2026-03-11 14:14:00,Downtown,North,108,Credit Card,8.36
501433,2026-03-11,2026-03-11 07:41:00,Uptown Mall,East,687,Credit Card,7.74
501434,2026-03-11,2026-03-11 14:43:00,Airport Kiosk,West,638,Debit Card,4.24
501435,2026-03-12,2026-03-12 08:28:00,Harbor Point,South,51,Credit Card,16.59
501436,2026-03-12,2026-03-12 14:00:00,Harbor Point,South,712,Mobile Pay,8.27
501437,2026-03-12,2026-03-12 14:58:00,Airport Kiosk,West,891,Cash,2.92
501438,2026-03-12,2026-03-12 08:37:00,Harbor Point,South,476,Cash,21.26
501439,2026-03-12,2026-03-12 09:39:00,Harbor Point,South,847,Credit Card,6.34
501440,2026-03-12,2026-03-12 16:07:00,Riverside,South,173,Debit Card,3.4
501441,2026-03-12,2026-03-12 09:47:00,Uptown Mall,East,137,Cash,2.69
501442,2026-03-12,2026-03-12 08:32:00,Uptown Mall,East,856,Cash,16.92
501443,2026-03-12,2026-03-12 12:49:00,Riverside,South,813,Cash,17.59
501444,2026-03-12,2026-03-12 09:32:00,Airport Kiosk,West,677,Mobile Pay,18.67
501445,2026-03-12,2026-03-12 15:53:00,Downtown,North,423,Credit Card,16.21
501446,2026-03-12,2026-03-12 11:57:00,Uptown Mall,East,789,Cash,32.37
501447,2026-03-12,2026-03-12 10:18:00,Downtown,North,79,Cash,2.95
501448,2026-03-12,2026-03-12 07:48:00,Uptown Mall,East,362,Mobile Pay,9.0
501449,2026-03-12,2026-03-12 09:58:00,Airport Kiosk,West,18,Debit Card,10.38
501450,2026-03-12,2026-03-12 07:33:00,Airport Kiosk,West,297,Cash,19.33
501451,2026-03-12,2026-03-12 14:08:00,Riverside,South,147,Credit Card,7.18
501452,2026-03-12,2026-03-12 12:49:00,Uptown Mall,East,550,Mobile Pay,2.47
501453,2026-03-12,2026-03-12 14:38:00,Uptown Mall,East,525,Credit Card,16.1
501454,2026-03-12,2026-03-12 16:26:00,Uptown Mall,East,418,Credit Card,4.24
501455,2026-03-12,2026-03-12 11:50:00,Uptown Mall,East,270,Debit Card,7.57
501456,2026-03-12,2026-03-12 13:24:00,Downtown,North,287,Debit Card,8.21
501457,2026-03-12,2026-03-12 12:58:00,Riverside,South,886,Credit Card,17.27
501458,2026-03-12,2026-03-12 17:37:00,Uptown Mall,East,67,Cash,2.47
501459,2026-03-12,2026-03-12 09:30:00,Harbor Point,South,494,Debit Card,7.44
501460,2026-03-12,2026-03-12 07:45:00,Riverside,South,382,Credit Card,3.9
501461,2026-03-12,2026-03-12 18:23:00,Downtown,North,763,Credit Card,7.82
501462,2026-03-12,2026-03-12 11:18:00,Riverside,South,45,Mobile Pay,4.16
501463,2026-03-13,2026-03-13 12:11:00,Harbor Point,South,677,Credit Card,8.05
501464,2026-03-13,2026-03-13 13:41:00,Downtown,North,192,Credit Card,7.96
501465,2026-03-13,2026-03-13 11:38:00,Downtown,North,895,Debit Card,2.49
501466,2026-03-13,2026-03-13 07:45:00,Airport Kiosk,West,451,Credit Card,15.72
501467,2026-03-13,2026-03-13 07:48:00,Riverside,South,583,Mobile Pay,21.74
501468,2026-03-13,2026-03-13 11:35:00,Downtown,North,35,Credit Card,3.44
501469,2026-03-13,2026-03-13 11:35:00,Downtown,North,648,Mobile Pay,6.9
501470,2026-03-13,2026-03-13 16:47:00,Downtown,North,355,Credit Card,10.22
501471,2026-03-13,2026-03-13 13:05:00,Airport Kiosk,West,508,Credit Card,3.75
501472,2026-03-13,2026-03-13 08:19:00,Uptown Mall,East,295,Mobile Pay,8.28
501473,2026-03-13,2026-03-13 09:22:00,Harbor Point,South,345,Debit Card,10.63
501474,2026-03-13,2026-03-13 12:57:00,Harbor Point,South,50,Debit Card,14.67
501475,2026-03-13,2026-03-13 08:54:00,Harbor Point,South,550,Mobile Pay,8.37
501476,2026-03-13,2026-03-13 12:06:00,Downtown,North,23,Debit Card,6.8
501477,2026-03-13,2026-03-13 08:26:00,Harbor Point,South,574,Debit Card,2.73
501478,2026-03-13,2026-03-13 10:25:00,Uptown Mall,East,746,Cash,6.89
501479,2026-03-14,2026-03-14 14:12:00,Harbor Point,South,116,Credit Card,34.74
501480,2026-03-14,2026-03-14 10:27:00,Downtown,North,346,Cash,27.32
501481,2026-03-14,2026-03-14 10:19:00,Downtown,North,69,Debit Card,3.15
501482,2026-03-14,2026-03-14 14:00:00,Riverside,South,368,Debit Card,3.21
501483,2026-03-14,2026-03-14 13:30:00,Riverside,South,625,Mobile Pay,4.42
501484,2026-03-14,2026-03-14 07:41:00,Riverside,South,810,Debit Card,15.5
501485,2026-03-14,2026-03-14 07:41:00,Riverside,South,62,Debit Card,10.72
501486,2026-03-14,2026-03-14 13:16:00,Airport Kiosk,West,99,Cash,11.37
501487,2026-03-14,2026-03-14 09:09:00,Riverside,South,36,Mobile Pay,16.76
501488,2026-03-14,2026-03-14 09:20:00,Riverside,South,559,Mobile Pay,10.31
501489,2026-03-14,2026-03-14 17:45:00,Harbor Point,South,166,Credit Card,11.21
501490,2026-03-14,2026-03-14 09:45:00,Airport Kiosk,West,674,Cash,9.87
501491,2026-03-14,2026-03-14 17:03:00,Airport Kiosk,West,539,Mobile Pay,7.4
501492,2026-03-14,2026-03-14 09:28:00,Harbor Point,South,9,Debit Card,15.7
501493,2026-03-14,2026-03-14 08:58:00,Airport Kiosk,West,710,Credit Card,20.75
501494,2026-03-14,2026-03-14 07:33:00,Downtown,North,801,Cash,16.04
501495,2026-03-14,2026-03-14 13:14:00,Riverside,South,1,Debit Card,4.43
501496,2026-03-14,2026-03-14 14:29:00,Uptown Mall,East,46,Mobile Pay,16.48
501497,2026-03-14,2026-03-14 18:34:00,Riverside,South,625,Cash,27.48
501498,2026-03-14,2026-03-14 15:05:00,Uptown Mall,East,712,Cash,6.87
501499,2026-03-14,2026-03-14 18:46:00,Downtown,North,609,Cash,2.73
501500,2026-03-14,2026-03-14 09:09:00,Harbor Point,South,204,Credit Card,3.49
501501,2026-03-14,2026-03-14 18:16:00,Downtown,North,28,Debit Card,3.69
501502,2026-03-14,2026-03-14 08:45:00,Harbor Point,South,708,Credit Card,4.43
501503,2026-03-14,2026-03-14 10:19:00,Downtown,North,812,Mobile Pay,4.48
501504,2026-03-14,2026-03-14 10:33:00,Riverside,South,268,Credit Card,12.41
501505,2026-03-14,2026-03-14 17:04:00,Riverside,South,673,Credit Card,4.4
501506,2026-03-14,2026-03-14 12:52:00,Downtown,North,164,Mobile Pay,14.53
501507,2026-03-14,2026-03-14 17:12:00,Downtown,North,496,Debit Card,3.21
501508,2026-03-14,2026-03-14 17:22:00,Uptown Mall,East,704,Debit Card,2.45
501509,2026-03-14,2026-03-14 11:27:00,Uptown Mall,East,329,Credit Card,7.83
501510,2026-03-14,2026-03-14 08:53:00,Uptown Mall,East,313,Credit Card,7.91
501511,2026-03-14,2026-03-14 07:12:00,Harbor Point,South,248,Credit Card,7.68
501512,2026-03-14,2026-03-14 11:45:00,Uptown Mall,East,489,Credit Card,2.45
501513,2026-03-14,2026-03-14 11:48:00,Riverside,South,737,Credit Card,3.5
501514,2026-03-14,2026-03-14 16:02:00,Harbor Point,South,358,Mobile Pay,8.2
501515,2026-03-14,2026-03-14 08:01:00,Riverside,South,633,Mobile Pay,14.06
501516,2026-03-14,2026-03-14 09:57:00,Downtown,North,356,Credit Card,17.01
501517,2026-03-14,2026-03-14 10:03:00,Airport Kiosk,West,397,Credit Card,28.53
501518,2026-03-15,2026-03-15 13:04:00,Airport Kiosk,West,603,Mobile Pay,8.08
501519,2026-03-15,2026-03-15 15:41:00,Riverside,South,379,Cash,21.69
501520,2026-03-15,2026-03-15 07:32:00,Harbor Point,South,770,Debit Card,5.9
501521,2026-03-15,2026-03-15 09:24:00,Riverside,South,58,Mobile Pay,4.74
501522,2026-03-15,2026-03-15 14:25:00,Downtown,North,843,Mobile Pay,2.45
501523,2026-03-15,2026-03-15 09:56:00,Riverside,South,399,Cash,3.92
501524,2026-03-15,2026-03-15 08:37:00,Airport Kiosk,West,158,Debit Card,13.69
501525,2026-03-15,2026-03-15 15:29:00,Downtown,North,418,Credit Card,2.97
501526,2026-03-15,2026-03-15 08:18:00,Riverside,South,287,Debit Card,28.46
501527,2026-03-15,2026-03-15 15:42:00,Airport Kiosk,West,585,Cash,3.46
501528,2026-03-15,2026-03-15 09:31:00,Riverside,South,264,Credit Card,19.68
501529,2026-03-15,2026-03-15 12:18:00,Riverside,South,418,Credit Card,2.46
501530,2026-03-15,2026-03-15 14:31:00,Uptown Mall,East,144,Mobile Pay,7.58
501531,2026-03-15,2026-03-15 08:55:00,Uptown Mall,East,709,Debit Card,19.26
501532,2026-03-15,2026-03-15 17:07:00,Uptown Mall,East,71,Credit Card,7.31
501533,2026-03-15,2026-03-15 12:05:00,Uptown Mall,East,844,Credit Card,9.45
501534,2026-03-15,2026-03-15 17:04:00,Harbor Point,South,106,Credit Card,17.11
501535,2026-03-15,2026-03-15 07:45:00,Airport Kiosk,West,513,Credit Card,3.23
501536,2026-03-15,2026-03-15 11:05:00,Downtown,North,7,Cash,15.42
501537,2026-03-15,2026-03-15 08:07:00,Harbor Point,South,201,Mobile Pay,34.49
501538,2026-03-15,2026-03-15 10:55:00,Harbor Point,South,833,Credit Card,4.39
501539,2026-03-15,2026-03-15 14:17:00,Downtown,North,110,Cash,7.29
501540,2026-03-16,2026-03-16 08:26:00,Airport Kiosk,West,526,Debit Card,28.77
501541,2026-03-16,2026-03-16 13:40:00,Harbor Point,South,180,Credit Card,3.23
501542,2026-03-16,2026-03-16 07:05:00,Airport Kiosk,West,827,Mobile Pay,7.38
501543,2026-03-16,2026-03-16 10:25:00,Uptown Mall,East,674,Debit Card,15.59
501544,2026-03-16,2026-03-16 18:30:00,Uptown Mall,East,407,Cash,22.94
501545,2026-03-16,2026-03-16 18:05:00,Downtown,North,438,Cash,7.56
501546,2026-03-16,2026-03-16 14:32:00,Downtown,North,612,Mobile Pay,10.72
501547,2026-03-16,2026-03-16 10:08:00,Riverside,South,246,Credit Card,8.41
501548,2026-03-16,2026-03-16 11:42:00,Harbor Point,South,342,Credit Card,12.89
501549,2026-03-16,2026-03-16 15:26:00,Uptown Mall,East,771,Debit Card,4.39
501550,2026-03-16,2026-03-16 15:28:00,Riverside,South,362,Debit Card,16.48
501551,2026-03-16,2026-03-16 10:21:00,Downtown,North,604,Credit Card,3.5
501552,2026-03-16,2026-03-16 15:11:00,Riverside,South,10,Debit Card,19.5
501553,2026-03-16,2026-03-16 09:46:00,Harbor Point,South,103,Cash,3.64
501554,2026-03-16,2026-03-16 09:30:00,Riverside,South,217,Credit Card,11.93
501555,2026-03-16,2026-03-16 10:50:00,Airport Kiosk,West,527,Cash,3.16
501556,2026-03-16,2026-03-16 07:24:00,Downtown,North,636,Mobile Pay,2.49
501557,2026-03-16,2026-03-16 12:26:00,Harbor Point,South,552,Credit Card,11.19
501558,2026-03-16,2026-03-16 12:49:00,Airport Kiosk,West,385,Debit Card,11.65
501559,2026-03-16,2026-03-16 07:35:00,Uptown Mall,East,436,Cash,16.11
501560,2026-03-16,2026-03-16 12:39:00,Riverside,South,432,Cash,5.88
501561,2026-03-16,2026-03-16 14:37:00,Downtown,North,408,Mobile Pay,7.08
501562,2026-03-16,2026-03-16 09:52:00,Riverside,South,691,Credit Card,3.98
501563,2026-03-16,2026-03-16 07:01:00,Airport Kiosk,West,59,Mobile Pay,19.24
501564,2026-03-17,2026-03-17 13:06:00,Harbor Point,South,210,Credit Card,14.56
501565,2026-03-17,2026-03-17 18:43:00,Uptown Mall,East,278,Cash,8.27
501566,2026-03-17,2026-03-17 07:55:00,Airport Kiosk,West,643,Credit Card,10.28
501567,2026-03-17,2026-03-17 08:03:00,Harbor Point,South,298,Credit Card,11.58
501568,2026-03-17,2026-03-17 07:54:00,Uptown Mall,East,258,Cash,3.43
501569,2026-03-17,2026-03-17 08:52:00,Downtown,North,290,Mobile Pay,14.74
501570,2026-03-17,2026-03-17 08:25:00,Uptown Mall,East,30,Credit Card,13.83
501571,2026-03-17,2026-03-17 13:07:00,Airport Kiosk,West,624,Debit Card,9.03
501572,2026-03-17,2026-03-17 09:48:00,Downtown,North,481,Mobile Pay,34.88
501573,2026-03-17,2026-03-17 17:48:00,Riverside,South,782,Mobile Pay,8.49
501574,2026-03-17,2026-03-17 08:39:00,Downtown,North,126,Mobile Pay,7.73
501575,2026-03-17,2026-03-17 11:24:00,Riverside,South,101,Cash,9.55
501576,2026-03-17,2026-03-17 07:30:00,Harbor Point,South,117,Cash,3.67
501577,2026-03-17,2026-03-17 08:22:00,Airport Kiosk,West,781,Mobile Pay,4.14
501578,2026-03-17,2026-03-17 08:36:00,Riverside,South,505,Debit Card,11.7
501579,2026-03-17,2026-03-17 18:15:00,Downtown,North,462,Credit Card,10.16
501580,2026-03-17,2026-03-17 08:15:00,Riverside,South,776,Mobile Pay,18.53
501581,2026-03-17,2026-03-17 07:51:00,Harbor Point,South,134,Cash,2.97
501582,2026-03-17,2026-03-17 07:57:00,Harbor Point,South,499,Mobile Pay,3.23
501583,2026-03-17,2026-03-17 12:58:00,Airport Kiosk,West,213,Cash,8.13
501584,2026-03-17,2026-03-17 08:15:00,Riverside,South,134,Cash,6.44
501585,2026-03-17,2026-03-17 13:30:00,Riverside,South,229,Credit Card,4.41
501586,2026-03-17,2026-03-17 12:08:00,Uptown Mall,East,885,Mobile Pay,22.72
501587,2026-03-18,2026-03-18 09:39:00,Riverside,South,75,Debit Card,7.31
501588,2026-03-18,2026-03-18 18:46:00,Downtown,North,871,Debit Card,7.69
501589,2026-03-18,2026-03-18 08:39:00,Airport Kiosk,West,387,Cash,15.01
501590,2026-03-18,2026-03-18 15:04:00,Airport Kiosk,West,502,Mobile Pay,11.72
501591,2026-03-18,2026-03-18 09:07:00,Harbor Point,South,25,Debit Card,17.75
501592,2026-03-18,2026-03-18 12:26:00,Uptown Mall,East,895,Cash,17.82
501593,2026-03-18,2026-03-18 11:37:00,Harbor Point,South,532,Mobile Pay,3.49
501594,2026-03-18,2026-03-18 13:30:00,Harbor Point,South,891,Credit Card,2.46
501595,2026-03-18,2026-03-18 12:18:00,Airport Kiosk,West,621,Credit Card,18.47
501596,2026-03-18,2026-03-18 08:14:00,Riverside,South,639,Debit Card,11.56
501597,2026-03-18,2026-03-18 18:48:00,Downtown,North,23,Cash,10.42
501598,2026-03-18,2026-03-18 13:24:00,Airport Kiosk,West,288,Debit Card,3.7
501599,2026-03-18,2026-03-18 09:48:00,Downtown,North,81,Cash,12.32
501600,2026-03-18,2026-03-18 07:26:00,Harbor Point,South,474,Credit Card,3.91
501601,2026-03-18,2026-03-18 13:35:00,Uptown Mall,East,845,Credit Card,16.3
501602,2026-03-18,2026-03-18 10:12:00,Harbor Point,South,105,Mobile Pay,7.82
501603,2026-03-18,2026-03-18 16:31:00,Airport Kiosk,West,734,Credit Card,8.35
501604,2026-03-18,2026-03-18 18:50:00,Downtown,North,812,Mobile Pay,9.4
501605,2026-03-18,2026-03-18 17:58:00,Uptown Mall,East,407,Credit Card,18.54
501606,2026-03-18,2026-03-18 08:24:00,Riverside,South,428,Debit Card,12.13
501607,2026-03-18,2026-03-18 08:49:00,Downtown,North,795,Cash,4.21
501608,2026-03-18,2026-03-18 16:40:00,Harbor Point,South,731,Mobile Pay,9.4
501609,2026-03-18,2026-03-18 11:10:00,Riverside,South,828,Credit Card,20.01
501610,2026-03-18,2026-03-18 17:59:00,Harbor Point,South,176,Debit Card,11.06
501611,2026-03-18,2026-03-18 13:57:00,Harbor Point,South,783,Credit Card,6.72
501612,2026-03-19,2026-03-19 13:43:00,Riverside,South,138,Debit Card,3.47
501613,2026-03-19,2026-03-19 12:41:00,Riverside,South,215,Debit Card,4.15
501614,2026-03-19,2026-03-19 10:40:00,Riverside,South,692,Cash,16.36
501615,2026-03-19,2026-03-19 12:35:00,Downtown,North,411,Debit Card,7.33
501616,2026-03-19,2026-03-19 15:30:00,Uptown Mall,East,890,Cash,8.34
501617,2026-03-19,2026-03-19 11:27:00,Riverside,South,335,Debit Card,2.5
501618,2026-03-19,2026-03-19 17:32:00,Downtown,North,670,Credit Card,14.34
501619,2026-03-19,2026-03-19 12:50:00,Riverside,South,289,Cash,13.36
501620,2026-03-19,2026-03-19 09:20:00,Uptown Mall,East,404,Credit Card,5.34
501621,2026-03-19,2026-03-19 17:44:00,Riverside,South,235,Credit Card,6.84
501622,2026-03-19,2026-03-19 07:09:00,Riverside,South,399,Mobile Pay,25.87
501623,2026-03-19,2026-03-19 14:55:00,Airport Kiosk,West,743,Cash,12.36
501624,2026-03-19,2026-03-19 08:25:00,Uptown Mall,East,598,Mobile Pay,3.73
501625,2026-03-19,2026-03-19 14:01:00,Harbor Point,South,635,Credit Card,7.78
501626,2026-03-19,2026-03-19 08:27:00,Downtown,North,582,Mobile Pay,11.52
501627,2026-03-20,2026-03-20 09:00:00,Harbor Point,South,258,Cash,7.48
501628,2026-03-20,2026-03-20 14:26:00,Airport Kiosk,West,565,Credit Card,4.69
501629,2026-03-20,2026-03-20 10:00:00,Harbor Point,South,782,Credit Card,20.62
501630,2026-03-20,2026-03-20 16:28:00,Riverside,South,566,Credit Card,2.7
501631,2026-03-20,2026-03-20 18:06:00,Airport Kiosk,West,209,Debit Card,3.66
501632,2026-03-20,2026-03-20 09:20:00,Uptown Mall,East,332,Credit Card,13.17
501633,2026-03-20,2026-03-20 18:12:00,Airport Kiosk,West,361,Credit Card,9.36
501634,2026-03-20,2026-03-20 14:39:00,Harbor Point,South,487,Credit Card,7.44
501635,2026-03-20,2026-03-20 16:15:00,Riverside,South,767,Debit Card,5.23
501636,2026-03-20,2026-03-20 10:09:00,Harbor Point,South,691,Debit Card,6.94
501637,2026-03-20,2026-03-20 16:20:00,Airport Kiosk,West,297,Debit Card,13.81
501638,2026-03-20,2026-03-20 10:35:00,Riverside,South,54,Debit Card,4.68
501639,2026-03-20,2026-03-20 07:48:00,Downtown,North,584,Debit Card,12.54
501640,2026-03-20,2026-03-20 09:22:00,Airport Kiosk,West,566,Credit Card,7.61
501641,2026-03-20,2026-03-20 08:52:00,Airport Kiosk,West,377,Credit Card,15.18
501642,2026-03-20,2026-03-20 09:25:00,Airport Kiosk,West,876,Cash,2.49
501643,2026-03-20,2026-03-20 07:48:00,Harbor Point,South,376,Debit Card,24.31
501644,2026-03-20,2026-03-20 10:09:00,Airport Kiosk,West,708,Debit Card,8.26
501645,2026-03-20,2026-03-20 17:32:00,Airport Kiosk,West,626,Mobile Pay,7.31
501646,2026-03-20,2026-03-20 10:43:00,Uptown Mall,East,217,Credit Card,15.27
501647,2026-03-20,2026-03-20 12:20:00,Downtown,North,312,Mobile Pay,4.21
501648,2026-03-20,2026-03-20 18:27:00,Uptown Mall,East,290,Cash,15.05
501649,2026-03-20,2026-03-20 16:15:00,Harbor Point,South,193,Debit Card,4.62
501650,2026-03-21,2026-03-21 09:46:00,Uptown Mall,East,442,Mobile Pay,4.13
501651,2026-03-21,2026-03-21 09:55:00,Harbor Point,South,633,Debit Card,12.59
501652,2026-03-21,2026-03-21 13:41:00,Uptown Mall,East,200,Credit Card,11.64
501653,2026-03-21,2026-03-21 07:32:00,Downtown,North,178,Cash,13.37
501654,2026-03-21,2026-03-21 16:56:00,Airport Kiosk,West,442,Credit Card,7.8
501655,2026-03-21,2026-03-21 10:04:00,Downtown,North,429,Credit Card,3.92
501656,2026-03-21,2026-03-21 08:54:00,Uptown Mall,East,857,Cash,12.63
501657,2026-03-21,2026-03-21 07:56:00,Uptown Mall,East,692,Debit Card,7.37
501658,2026-03-21,2026-03-21 09:01:00,Harbor Point,South,740,Cash,6.44
501659,2026-03-21,2026-03-21 07:48:00,Uptown Mall,East,443,Mobile Pay,4.42
501660,2026-03-21,2026-03-21 17:50:00,Uptown Mall,East,879,Mobile Pay,8.5
501661,2026-03-21,2026-03-21 09:44:00,Harbor Point,South,786,Credit Card,3.4
501662,2026-03-21,2026-03-21 09:03:00,Uptown Mall,East,48,Credit Card,22.0
501663,2026-03-21,2026-03-21 11:45:00,Airport Kiosk,West,164,Credit Card,22.02
501664,2026-03-21,2026-03-21 08:48:00,Riverside,South,67,Credit Card,8.11
501665,2026-03-21,2026-03-21 11:47:00,Downtown,North,742,Debit Card,12.02
501666,2026-03-21,2026-03-21 16:59:00,Downtown,North,458,Mobile Pay,3.95
501667,2026-03-21,2026-03-21 16:53:00,Harbor Point,South,140,Mobile Pay,12.56
501668,2026-03-21,2026-03-21 11:26:00,Riverside,South,727,Debit Card,20.06
501669,2026-03-21,2026-03-21 07:16:00,Airport Kiosk,West,264,Mobile Pay,7.11
501670,2026-03-21,2026-03-21 08:53:00,Downtown,North,412,Cash,7.6
501671,2026-03-21,2026-03-21 09:48:00,Riverside,South,506,Debit Card,10.88
501672,2026-03-21,2026-03-21 17:32:00,Downtown,North,521,Credit Card,2.95
501673,2026-03-21,2026-03-21 08:36:00,Downtown,North,202,Credit Card,7.52
501674,2026-03-21,2026-03-21 13:27:00,Riverside,South,357,Credit Card,12.84
501675,2026-03-22,2026-03-22 12:07:00,Riverside,South,397,Credit Card,11.46
501676,2026-03-22,2026-03-22 13:38:00,Riverside,South,498,Debit Card,5.46
501677,2026-03-22,2026-03-22 08:54:00,Airport Kiosk,West,868,Credit Card,13.04
501678,2026-03-22,2026-03-22 09:39:00,Riverside,South,758,Debit Card,18.97
501679,2026-03-22,2026-03-22 14:39:00,Riverside,South,724,Credit Card,19.05
501680,2026-03-22,2026-03-22 14:08:00,Uptown Mall,East,652,Cash,16.94
501681,2026-03-22,2026-03-22 07:50:00,Downtown,North,189,Debit Card,15.79
501682,2026-03-22,2026-03-22 10:42:00,Downtown,North,499,Cash,12.01
501683,2026-03-22,2026-03-22 08:02:00,Harbor Point,South,638,Credit Card,2.45
501684,2026-03-22,2026-03-22 12:21:00,Downtown,North,697,Cash,3.18
501685,2026-03-22,2026-03-22 12:55:00,Airport Kiosk,West,440,Debit Card,9.69
501686,2026-03-22,2026-03-22 16:16:00,Downtown,North,459,Mobile Pay,11.58
501687,2026-03-22,2026-03-22 10:47:00,Airport Kiosk,West,640,Credit Card,15.48
501688,2026-03-22,2026-03-22 08:20:00,Downtown,North,579,Debit Card,19.12
501689,2026-03-22,2026-03-22 11:44:00,Harbor Point,South,386,Mobile Pay,29.52
501690,2026-03-22,2026-03-22 13:27:00,Riverside,South,607,Debit Card,15.22
501691,2026-03-22,2026-03-22 18:47:00,Airport Kiosk,West,719,Credit Card,12.57
501692,2026-03-22,2026-03-22 07:07:00,Riverside,South,588,Credit Card,7.32
501693,2026-03-22,2026-03-22 08:37:00,Riverside,South,530,Credit Card,11.63
501694,2026-03-22,2026-03-22 10:46:00,Harbor Point,South,213,Mobile Pay,15.0
501695,2026-03-22,2026-03-22 07:10:00,Uptown Mall,East,899,Credit Card,8.09
501696,2026-03-22,2026-03-22 13:00:00,Harbor Point,South,454,Credit Card,7.29
501697,2026-03-22,2026-03-22 08:50:00,Uptown Mall,East,249,Credit Card,2.72
501698,2026-03-22,2026-03-22 07:28:00,Harbor Point,South,756,Debit Card,3.46
501699,2026-03-22,2026-03-22 11:38:00,Downtown,North,673,Debit Card,5.46
501700,2026-03-23,2026-03-23 11:39:00,Downtown,North,150,Credit Card,16.4
501701,2026-03-23,2026-03-23 16:28:00,Downtown,North,517,Debit Card,3.43
501702,2026-03-23,2026-03-23 12:10:00,Uptown Mall,East,676,Debit Card,14.22
501703,2026-03-23,2026-03-23 08:25:00,Downtown,North,37,Debit Card,4.19
501704,2026-03-23,2026-03-23 12:45:00,Downtown,North,193,Debit Card,3.46
501705,2026-03-23,2026-03-23 11:44:00,Downtown,North,176,Cash,6.18
501706,2026-03-23,2026-03-23 17:31:00,Uptown Mall,East,843,Credit Card,10.74
501707,2026-03-23,2026-03-23 08:06:00,Uptown Mall,East,781,Credit Card,2.48
501708,2026-03-23,2026-03-23 10:22:00,Uptown Mall,East,733,Credit Card,11.73
501709,2026-03-23,2026-03-23 10:14:00,Uptown Mall,East,548,Cash,4.74
501710,2026-03-23,2026-03-23 12:58:00,Harbor Point,South,214,Mobile Pay,3.9
501711,2026-03-23,2026-03-23 08:05:00,Airport Kiosk,West,294,Cash,7.66
501712,2026-03-23,2026-03-23 07:14:00,Uptown Mall,East,692,Debit Card,13.37
501713,2026-03-23,2026-03-23 07:44:00,Airport Kiosk,West,77,Mobile Pay,18.29
501714,2026-03-23,2026-03-23 12:01:00,Riverside,South,230,Mobile Pay,13.82
501715,2026-03-23,2026-03-23 14:46:00,Harbor Point,South,454,Cash,4.17
501716,2026-03-23,2026-03-23 07:50:00,Uptown Mall,East,596,Cash,18.31
501717,2026-03-23,2026-03-23 17:15:00,Uptown Mall,East,94,Mobile Pay,2.92
501718,2026-03-23,2026-03-23 15:50:00,Airport Kiosk,West,39,Debit Card,15.96
501719,2026-03-23,2026-03-23 17:59:00,Downtown,North,777,Credit Card,7.45
501720,2026-03-23,2026-03-23 07:28:00,Airport Kiosk,West,301,Mobile Pay,4.39
501721,2026-03-23,2026-03-23 09:58:00,Uptown Mall,East,3,Credit Card,3.43
501722,2026-03-23,2026-03-23 15:27:00,Harbor Point,South,185,Credit Card,16.74
501723,2026-03-23,2026-03-23 14:07:00,Downtown,North,757,Cash,2.67
501724,2026-03-24,2026-03-24 12:18:00,Harbor Point,South,494,Credit Card,7.54
501725,2026-03-24,2026-03-24 15:18:00,Riverside,South,79,Debit Card,12.95
501726,2026-03-24,2026-03-24 15:16:00,Uptown Mall,East,327,Credit Card,11.88
501727,2026-03-24,2026-03-24 11:54:00,Harbor Point,South,448,Credit Card,20.81
501728,2026-03-24,2026-03-24 16:43:00,Airport Kiosk,West,545,Debit Card,10.36
501729,2026-03-24,2026-03-24 17:21:00,Riverside,South,145,Credit Card,3.47
501730,2026-03-24,2026-03-24 17:54:00,Airport Kiosk,West,296,Mobile Pay,25.64
501731,2026-03-24,2026-03-24 09:28:00,Riverside,South,298,Cash,2.5
501732,2026-03-24,2026-03-24 10:41:00,Harbor Point,South,508,Mobile Pay,18.84
501733,2026-03-24,2026-03-24 07:39:00,Downtown,North,230,Debit Card,3.66
501734,2026-03-24,2026-03-24 08:55:00,Riverside,South,679,Mobile Pay,16.82
501735,2026-03-24,2026-03-24 09:24:00,Uptown Mall,East,281,Debit Card,10.9
501736,2026-03-24,2026-03-24 17:40:00,Harbor Point,South,744,Credit Card,7.63
501737,2026-03-24,2026-03-24 14:48:00,Uptown Mall,East,554,Debit Card,8.54
501738,2026-03-24,2026-03-24 08:55:00,Airport Kiosk,West,344,Debit Card,6.92
501739,2026-03-24,2026-03-24 10:57:00,Harbor Point,South,738,Debit Card,3.18
501740,2026-03-24,2026-03-24 09:06:00,Downtown,North,689,Credit Card,12.8
501741,2026-03-24,2026-03-24 13:49:00,Airport Kiosk,West,588,Cash,15.46
501742,2026-03-24,2026-03-24 08:57:00,Uptown Mall,East,266,Debit Card,6.96
501743,2026-03-24,2026-03-24 08:43:00,Riverside,South,198,Debit Card,2.75
501744,2026-03-24,2026-03-24 08:12:00,Riverside,South,298,Debit Card,19.39
501745,2026-03-25,2026-03-25 07:27:00,Uptown Mall,East,19,Credit Card,12.42
501746,2026-03-25,2026-03-25 07:19:00,Harbor Point,South,534,Credit Card,11.65
501747,2026-03-25,2026-03-25 13:56:00,Downtown,North,825,Credit Card,20.63
501748,2026-03-25,2026-03-25 10:41:00,Riverside,South,628,Cash,15.4
501749,2026-03-25,2026-03-25 07:56:00,Downtown,North,71,Mobile Pay,30.21
501750,2026-03-25,2026-03-25 17:47:00,Downtown,North,588,Credit Card,8.08
501751,2026-03-25,2026-03-25 12:40:00,Uptown Mall,East,400,Credit Card,14.99
501752,2026-03-25,2026-03-25 09:41:00,Downtown,North,104,Debit Card,10.78
501753,2026-03-25,2026-03-25 16:39:00,Harbor Point,South,835,Debit Card,7.13
501754,2026-03-25,2026-03-25 12:27:00,Harbor Point,South,577,Credit Card,16.06
501755,2026-03-25,2026-03-25 08:36:00,Riverside,South,436,Mobile Pay,3.46
501756,2026-03-25,2026-03-25 07:56:00,Harbor Point,South,565,Mobile Pay,3.95
501757,2026-03-25,2026-03-25 12:22:00,Uptown Mall,East,681,Cash,20.64
501758,2026-03-25,2026-03-25 14:07:00,Downtown,North,202,Debit Card,15.63
501759,2026-03-25,2026-03-25 10:48:00,Uptown Mall,East,663,Debit Card,6.93
501760,2026-03-25,2026-03-25 11:06:00,Downtown,North,775,Mobile Pay,6.69
501761,2026-03-25,2026-03-25 16:24:00,Harbor Point,South,399,Debit Card,15.21
501762,2026-03-25,2026-03-25 07:01:00,Uptown Mall,East,126,Debit Card,6.65
501763,2026-03-25,2026-03-25 09:09:00,Uptown Mall,East,133,Debit Card,14.55
501764,2026-03-25,2026-03-25 08:59:00,Riverside,South,646,Credit Card,8.14
501765,2026-03-25,2026-03-25 12:22:00,Downtown,North,269,Credit Card,11.27
501766,2026-03-25,2026-03-25 09:57:00,Harbor Point,South,354,Credit Card,13.52
501767,2026-03-26,2026-03-26 14:12:00,Downtown,North,400,Cash,16.1
501768,2026-03-26,2026-03-26 11:36:00,Downtown,North,191,Credit Card,5.92
501769,2026-03-26,2026-03-26 10:26:00,Riverside,South,661,Cash,5.16
501770,2026-03-26,2026-03-26 17:13:00,Harbor Point,South,404,Debit Card,13.85
501771,2026-03-26,2026-03-26 13:54:00,Downtown,North,860,Credit Card,16.62
501772,2026-03-26,2026-03-26 09:50:00,Downtown,North,272,Debit Card,8.61
501773,2026-03-26,2026-03-26 07:02:00,Downtown,North,545,Cash,8.83
501774,2026-03-26,2026-03-26 09:22:00,Downtown,North,134,Credit Card,8.18
501775,2026-03-26,2026-03-26 09:05:00,Uptown Mall,East,890,Cash,6.34
501776,2026-03-26,2026-03-26 09:49:00,Downtown,North,141,Debit Card,15.8
501777,2026-03-26,2026-03-26 07:16:00,Airport Kiosk,West,782,Credit Card,7.6
501778,2026-03-26,2026-03-26 18:32:00,Uptown Mall,East,404,Debit Card,19.56
501779,2026-03-26,2026-03-26 18:42:00,Airport Kiosk,West,393,Mobile Pay,10.3
501780,2026-03-26,2026-03-26 14:16:00,Airport Kiosk,West,739,Credit Card,2.72
501781,2026-03-26,2026-03-26 12:23:00,Riverside,South,294,Mobile Pay,11.06
501782,2026-03-26,2026-03-26 09:06:00,Uptown Mall,East,650,Debit Card,3.19
501783,2026-03-26,2026-03-26 07:41:00,Downtown,North,257,Credit Card,10.99
501784,2026-03-26,2026-03-26 08:34:00,Riverside,South,6,Debit Card,8.88
501785,2026-03-26,2026-03-26 10:25:00,Riverside,South,124,Debit Card,10.75
501786,2026-03-26,2026-03-26 15:17:00,Downtown,North,557,Credit Card,2.49
501787,2026-03-26,2026-03-26 12:20:00,Downtown,North,129,Cash,15.83
501788,2026-03-26,2026-03-26 12:34:00,Downtown,North,665,Credit Card,29.75
501789,2026-03-26,2026-03-26 07:11:00,Uptown Mall,East,127,Mobile Pay,28.18
501790,2026-03-26,2026-03-26 11:51:00,Uptown Mall,East,813,Credit Card,7.07
501791,2026-03-27,2026-03-27 14:50:00,Airport Kiosk,West,363,Credit Card,4.49
501792,2026-03-27,2026-03-27 08:48:00,Downtown,North,489,Credit Card,4.73
501793,2026-03-27,2026-03-27 07:55:00,Uptown Mall,East,526,Mobile Pay,12.18
501794,2026-03-27,2026-03-27 10:09:00,Airport Kiosk,West,358,Credit Card,27.75
501795,2026-03-27,2026-03-27 07:10:00,Harbor Point,South,29,Mobile Pay,11.23
501796,2026-03-27,2026-03-27 10:51:00,Harbor Point,South,194,Mobile Pay,6.68
501797,2026-03-27,2026-03-27 09:30:00,Riverside,South,220,Credit Card,7.3
501798,2026-03-27,2026-03-27 09:21:00,Riverside,South,717,Cash,21.7
501799,2026-03-27,2026-03-27 07:05:00,Harbor Point,South,300,Mobile Pay,22.07
501800,2026-03-27,2026-03-27 17:01:00,Downtown,North,754,Credit Card,10.76
501801,2026-03-27,2026-03-27 15:42:00,Riverside,South,18,Debit Card,7.58
501802,2026-03-27,2026-03-27 07:19:00,Uptown Mall,East,325,Credit Card,7.7
501803,2026-03-27,2026-03-27 13:39:00,Uptown Mall,East,415,Debit Card,2.7
501804,2026-03-27,2026-03-27 12:25:00,Uptown Mall,East,750,Credit Card,5.89
501805,2026-03-27,2026-03-27 09:31:00,Riverside,South,774,Credit Card,20.59
501806,2026-03-27,2026-03-27 07:50:00,Airport Kiosk,West,169,Mobile Pay,21.05
501807,2026-03-27,2026-03-27 10:46:00,Uptown Mall,East,840,Cash,12.55
501808,2026-03-28,2026-03-28 09:12:00,Airport Kiosk,West,797,Credit Card,7.63
501809,2026-03-28,2026-03-28 16:39:00,Riverside,South,511,Credit Card,14.62
501810,2026-03-28,2026-03-28 08:56:00,Harbor Point,South,233,Credit Card,3.41
501811,2026-03-28,2026-03-28 18:50:00,Harbor Point,South,67,Mobile Pay,7.4
501812,2026-03-28,2026-03-28 18:43:00,Airport Kiosk,West,395,Mobile Pay,16.42
501813,2026-03-28,2026-03-28 12:23:00,Harbor Point,South,34,Debit Card,3.44
501814,2026-03-28,2026-03-28 09:02:00,Harbor Point,South,740,Credit Card,7.59
501815,2026-03-28,2026-03-28 15:51:00,Uptown Mall,East,259,Credit Card,3.23
501816,2026-03-28,2026-03-28 12:38:00,Harbor Point,South,375,Debit Card,4.69
501817,2026-03-28,2026-03-28 12:08:00,Harbor Point,South,895,Credit Card,11.96
501818,2026-03-28,2026-03-28 09:28:00,Harbor Point,South,176,Credit Card,28.05
501819,2026-03-28,2026-03-28 12:20:00,Riverside,South,431,Credit Card,23.03
501820,2026-03-28,2026-03-28 07:38:00,Airport Kiosk,West,787,Cash,6.41
501821,2026-03-28,2026-03-28 08:56:00,Riverside,South,891,Cash,12.84
501822,2026-03-28,2026-03-28 11:55:00,Airport Kiosk,West,285,Debit Card,14.76
501823,2026-03-28,2026-03-28 08:11:00,Downtown,North,577,Mobile Pay,21.83
501824,2026-03-28,2026-03-28 07:44:00,Riverside,South,263,Cash,2.67
501825,2026-03-28,2026-03-28 13:40:00,Uptown Mall,East,278,Cash,8.91
501826,2026-03-28,2026-03-28 16:23:00,Downtown,North,528,Cash,7.58
501827,2026-03-28,2026-03-28 17:31:00,Riverside,South,755,Mobile Pay,31.21
501828,2026-03-28,2026-03-28 09:48:00,Uptown Mall,East,495,Cash,15.32
501829,2026-03-28,2026-03-28 10:36:00,Downtown,North,9,Credit Card,2.98
501830,2026-03-28,2026-03-28 17:35:00,Uptown Mall,East,894,Debit Card,2.97
501831,2026-03-28,2026-03-28 07:12:00,Airport Kiosk,West,158,Mobile Pay,3.97
501832,2026-03-28,2026-03-28 09:45:00,Uptown Mall,East,443,Mobile Pay,7.83
501833,2026-03-28,2026-03-28 09:09:00,Uptown Mall,East,569,Debit Card,19.15
501834,2026-03-28,2026-03-28 18:22:00,Riverside,South,265,Debit Card,7.9
501835,2026-03-29,2026-03-29 11:33:00,Uptown Mall,East,269,Mobile Pay,2.91
501836,2026-03-29,2026-03-29 12:35:00,Riverside,South,811,Mobile Pay,2.74
501837,2026-03-29,2026-03-29 18:34:00,Airport Kiosk,West,2,Mobile Pay,9.34
501838,2026-03-29,2026-03-29 11:35:00,Airport Kiosk,West,670,Credit Card,4.23
501839,2026-03-29,2026-03-29 08:28:00,Riverside,South,255,Cash,23.9
501840,2026-03-29,2026-03-29 09:07:00,Riverside,South,542,Credit Card,6.87
501841,2026-03-29,2026-03-29 13:28:00,Downtown,North,362,Debit Card,16.95
501842,2026-03-29,2026-03-29 08:10:00,Uptown Mall,East,277,Debit Card,4.37
501843,2026-03-29,2026-03-29 07:11:00,Uptown Mall,East,337,Debit Card,18.27
501844,2026-03-29,2026-03-29 16:45:00,Uptown Mall,East,510,Mobile Pay,3.74
501845,2026-03-29,2026-03-29 07:26:00,Airport Kiosk,West,8,Credit Card,11.1
501846,2026-03-29,2026-03-29 07:59:00,Uptown Mall,East,636,Credit Card,3.23
501847,2026-03-29,2026-03-29 17:50:00,Uptown Mall,East,517,Credit Card,2.97
501848,2026-03-29,2026-03-29 09:19:00,Harbor Point,South,543,Cash,4.67
501849,2026-03-29,2026-03-29 09:16:00,Downtown,North,171,Debit Card,7.44
501850,2026-03-29,2026-03-29 10:54:00,Harbor Point,South,257,Credit Card,8.96
501851,2026-03-29,2026-03-29 07:44:00,Riverside,South,729,Cash,21.46
501852,2026-03-29,2026-03-29 08:38:00,Harbor Point,South,776,Cash,3.44
501853,2026-03-29,2026-03-29 07:17:00,Uptown Mall,East,46,Credit Card,7.47
501854,2026-03-29,2026-03-29 08:53:00,Uptown Mall,East,586,Debit Card,10.12
501855,2026-03-29,2026-03-29 17:59:00,Downtown,North,617,Debit Card,9.11
501856,2026-03-29,2026-03-29 15:51:00,Riverside,South,557,Debit Card,14.63
501857,2026-03-29,2026-03-29 09:45:00,Downtown,North,501,Credit Card,3.67
501858,2026-03-29,2026-03-29 16:18:00,Riverside,South,558,Cash,8.48
501859,2026-03-29,2026-03-29 13:32:00,Uptown Mall,East,732,Debit Card,12.21
501860,2026-03-29,2026-03-29 14:05:00,Downtown,North,1,Debit Card,7.9
501861,2026-03-29,2026-03-29 08:36:00,Uptown Mall,East,324,Credit Card,8.17
501862,2026-03-29,2026-03-29 12:11:00,Airport Kiosk,West,308,Debit Card,2.96
501863,2026-03-29,2026-03-29 12:45:00,Downtown,North,737,Cash,7.17
501864,2026-03-29,2026-03-29 13:20:00,Harbor Point,South,454,Cash,15.61
501865,2026-03-29,2026-03-29 09:24:00,Airport Kiosk,West,431,Debit Card,3.68
501866,2026-03-29,2026-03-29 08:01:00,Riverside,South,689,Cash,4.38
501867,2026-03-29,2026-03-29 11:00:00,Uptown Mall,East,256,Cash,14.59
501868,2026-03-29,2026-03-29 09:16:00,Uptown Mall,East,745,Debit Card,4.69
501869,2026-03-29,2026-03-29 11:26:00,Downtown,North,713,Credit Card,3.48
501870,2026-03-29,2026-03-29 09:09:00,Downtown,North,472,Credit Card,15.61
501871,2026-03-29,2026-03-29 18:29:00,Harbor Point,South,242,Debit Card,14.35
501872,2026-03-29,2026-03-29 09:31:00,Harbor Point,South,382,Debit Card,11.78
501873,2026-03-29,2026-03-29 10:43:00,Downtown,North,714,Debit Card,2.49
501874,2026-03-30,2026-03-30 15:10:00,Downtown,North,385,Debit Card,5.46
501875,2026-03-30,2026-03-30 09:14:00,Harbor Point,South,66,Credit Card,22.12
501876,2026-03-30,2026-03-30 08:13:00,Harbor Point,South,176,Cash,10.92
501877,2026-03-30,2026-03-30 09:27:00,Uptown Mall,East,445,Cash,18.3
501878,2026-03-30,2026-03-30 18:51:00,Downtown,North,697,Debit Card,3.98
501879,2026-03-30,2026-03-30 11:27:00,Uptown Mall,East,325,Credit Card,8.42
501880,2026-03-30,2026-03-30 11:37:00,Downtown,North,318,Credit Card,6.68
501881,2026-03-30,2026-03-30 10:08:00,Uptown Mall,East,311,Credit Card,7.15
501882,2026-03-30,2026-03-30 16:13:00,Riverside,South,127,Cash,12.96
501883,2026-03-30,2026-03-30 17:57:00,Uptown Mall,East,435,Credit Card,18.26
501884,2026-03-30,2026-03-30 11:36:00,Riverside,South,260,Mobile Pay,3.15
501885,2026-03-30,2026-03-30 09:59:00,Downtown,North,744,Credit Card,7.94
501886,2026-03-31,2026-03-31 08:32:00,Airport Kiosk,West,574,Cash,6.38
501887,2026-03-31,2026-03-31 09:31:00,Airport Kiosk,West,18,Mobile Pay,3.99
501888,2026-03-31,2026-03-31 15:18:00,Riverside,South,313,Credit Card,11.82
501889,2026-03-31,2026-03-31 11:26:00,Riverside,South,126,Credit Card,16.61
501890,2026-03-31,2026-03-31 09:24:00,Harbor Point,South,806,Cash,8.32
501891,2026-03-31,2026-03-31 07:09:00,Harbor Point,South,298,Mobile Pay,7.34
501892,2026-03-31,2026-03-31 07:28:00,Harbor Point,South,271,Credit Card,17.91
501893,2026-03-31,2026-03-31 12:32:00,Harbor Point,South,197,Credit Card,3.41
501894,2026-03-31,2026-03-31 12:28:00,Uptown Mall,East,816,Credit Card,8.63
501895,2026-03-31,2026-03-31 14:38:00,Harbor Point,South,380,Cash,7.35
501896,2026-03-31,2026-03-31 17:27:00,Riverside,South,887,Cash,18.16
501897,2026-03-31,2026-03-31 09:59:00,Uptown Mall,East,179,Debit Card,8.03
501898,2026-03-31,2026-03-31 17:14:00,Uptown Mall,East,496,Debit Card,7.84
501899,2026-03-31,2026-03-31 15:58:00,Riverside,South,326,Mobile Pay,8.49
501900,2026-03-31,2026-03-31 14:01:00,Downtown,North,63,Credit Card,13.83
501901,2026-04-01,2026-04-01 10:50:00,Harbor Point,South,849,Cash,19.8
501902,2026-04-01,2026-04-01 07:25:00,Downtown,North,701,Credit Card,12.57
501903,2026-04-01,2026-04-01 15:08:00,Downtown,North,757,Cash,4.7
501904,2026-04-01,2026-04-01 10:10:00,Airport Kiosk,West,4,Credit Card,12.72
501905,2026-04-01,2026-04-01 08:27:00,Harbor Point,South,64,Credit Card,17.92
501906,2026-04-01,2026-04-01 10:02:00,Uptown Mall,East,500,Mobile Pay,17.75
501907,2026-04-01,2026-04-01 10:07:00,Uptown Mall,East,215,Debit Card,3.43
501908,2026-04-01,2026-04-01 09:30:00,Downtown,North,132,Credit Card,12.13
501909,2026-04-01,2026-04-01 13:02:00,Downtown,North,304,Credit Card,3.41
501910,2026-04-01,2026-04-01 07:04:00,Uptown Mall,East,522,Credit Card,12.03
501911,2026-04-01,2026-04-01 08:42:00,Riverside,South,770,Mobile Pay,2.45
501912,2026-04-01,2026-04-01 11:42:00,Harbor Point,South,876,Cash,3.42
501913,2026-04-01,2026-04-01 08:23:00,Harbor Point,South,42,Mobile Pay,8.19
501914,2026-04-01,2026-04-01 18:23:00,Downtown,North,815,Cash,4.73
501915,2026-04-01,2026-04-01 17:25:00,Uptown Mall,East,417,Credit Card,3.4
501916,2026-04-01,2026-04-01 07:45:00,Harbor Point,South,297,Debit Card,10.18
501917,2026-04-01,2026-04-01 07:05:00,Riverside,South,22,Debit Card,10.07
501918,2026-04-01,2026-04-01 13:46:00,Airport Kiosk,West,643,Mobile Pay,4.67
501919,2026-04-01,2026-04-01 12:21:00,Uptown Mall,East,83,Credit Card,2.68
501920,2026-04-01,2026-04-01 18:06:00,Harbor Point,South,352,Credit Card,18.26
501921,2026-04-01,2026-04-01 08:57:00,Downtown,North,569,Credit Card,7.09
501922,2026-04-01,2026-04-01 15:11:00,Uptown Mall,East,765,Debit Card,9.68
501923,2026-04-01,2026-04-01 09:57:00,Downtown,North,295,Cash,15.87
501924,2026-04-01,2026-04-01 08:45:00,Uptown Mall,East,686,Debit Card,7.4
501925,2026-04-01,2026-04-01 08:49:00,Airport Kiosk,West,649,Cash,8.38
501926,2026-04-01,2026-04-01 15:45:00,Airport Kiosk,West,32,Credit Card,8.21
501927,2026-04-02,2026-04-02 09:08:00,Riverside,South,406,Debit Card,4.16
501928,2026-04-02,2026-04-02 15:35:00,Airport Kiosk,West,699,Mobile Pay,12.84
501929,2026-04-02,2026-04-02 09:12:00,Riverside,South,337,Cash,20.01
501930,2026-04-02,2026-04-02 12:44:00,Downtown,North,220,Credit Card,3.25
501931,2026-04-02,2026-04-02 08:22:00,Downtown,North,29,Debit Card,3.68
501932,2026-04-02,2026-04-02 12:27:00,Harbor Point,South,701,Debit Card,4.72
501933,2026-04-02,2026-04-02 09:45:00,Uptown Mall,East,529,Debit Card,8.3
501934,2026-04-02,2026-04-02 15:16:00,Uptown Mall,East,326,Credit Card,6.84
501935,2026-04-02,2026-04-02 15:34:00,Harbor Point,South,30,Debit Card,15.79
501936,2026-04-02,2026-04-02 16:33:00,Riverside,South,382,Cash,20.32
501937,2026-04-02,2026-04-02 10:50:00,Airport Kiosk,West,898,Mobile Pay,6.35
501938,2026-04-02,2026-04-02 12:48:00,Airport Kiosk,West,23,Credit Card,12.28
501939,2026-04-02,2026-04-02 07:26:00,Riverside,South,778,Debit Card,12.11
501940,2026-04-02,2026-04-02 10:58:00,Airport Kiosk,West,706,Debit Card,8.6
501941,2026-04-02,2026-04-02 08:17:00,Riverside,South,543,Cash,2.74
501942,2026-04-02,2026-04-02 08:47:00,Riverside,South,532,Credit Card,11.32
501943,2026-04-02,2026-04-02 07:39:00,Riverside,South,596,Debit Card,19.34
501944,2026-04-02,2026-04-02 12:35:00,Downtown,North,710,Mobile Pay,2.71
501945,2026-04-02,2026-04-02 08:18:00,Riverside,South,773,Debit Card,15.06
501946,2026-04-02,2026-04-02 07:33:00,Harbor Point,South,499,Credit Card,7.46
501947,2026-04-02,2026-04-02 13:57:00,Riverside,South,383,Mobile Pay,19.45
501948,2026-04-02,2026-04-02 12:46:00,Harbor Point,South,818,Credit Card,22.96
501949,2026-04-02,2026-04-02 13:46:00,Uptown Mall,East,354,Credit Card,8.2
501950,2026-04-02,2026-04-02 09:11:00,Downtown,North,35,Mobile Pay,4.18
501951,2026-04-02,2026-04-02 14:41:00,Uptown Mall,East,206,Credit Card,3.96
501952,2026-04-02,2026-04-02 12:04:00,Downtown,North,694,Credit Card,7.44
501953,2026-04-02,2026-04-02 17:23:00,Downtown,North,203,Credit Card,4.73
501954,2026-04-02,2026-04-02 09:49:00,Downtown,North,213,Credit Card,10.47
501955,2026-04-02,2026-04-02 17:44:00,Airport Kiosk,West,348,Credit Card,5.84
501956,2026-04-03,2026-04-03 07:53:00,Uptown Mall,East,281,Mobile Pay,9.5
501957,2026-04-03,2026-04-03 17:50:00,Uptown Mall,East,380,Credit Card,14.47
501958,2026-04-03,2026-04-03 07:21:00,Airport Kiosk,West,456,Credit Card,4.69
501959,2026-04-03,2026-04-03 11:17:00,Downtown,North,152,Credit Card,7.61
501960,2026-04-03,2026-04-03 07:31:00,Downtown,North,349,Debit Card,10.69
501961,2026-04-03,2026-04-03 08:10:00,Downtown,North,412,Mobile Pay,4.7
501962,2026-04-03,2026-04-03 10:21:00,Uptown Mall,East,503,Credit Card,20.09
501963,2026-04-03,2026-04-03 07:14:00,Airport Kiosk,West,103,Cash,16.39
501964,2026-04-03,2026-04-03 13:19:00,Uptown Mall,East,452,Debit Card,15.33
501965,2026-04-03,2026-04-03 09:52:00,Harbor Point,South,659,Cash,11.92
501966,2026-04-03,2026-04-03 08:19:00,Harbor Point,South,711,Cash,2.73
501967,2026-04-03,2026-04-03 12:18:00,Airport Kiosk,West,238,Credit Card,19.16
501968,2026-04-03,2026-04-03 09:48:00,Downtown,North,724,Debit Card,18.57
501969,2026-04-03,2026-04-03 15:07:00,Harbor Point,South,167,Mobile Pay,4.4
501970,2026-04-03,2026-04-03 12:43:00,Uptown Mall,East,574,Mobile Pay,3.65
501971,2026-04-03,2026-04-03 15:33:00,Downtown,North,467,Credit Card,8.39
501972,2026-04-03,2026-04-03 09:21:00,Airport Kiosk,West,25,Cash,9.91
501973,2026-04-03,2026-04-03 11:17:00,Riverside,South,710,Mobile Pay,19.74
501974,2026-04-03,2026-04-03 09:28:00,Riverside,South,451,Credit Card,3.71
501975,2026-04-04,2026-04-04 07:55:00,Downtown,North,747,Cash,9.7
501976,2026-04-04,2026-04-04 07:29:00,Airport Kiosk,West,71,Cash,3.9
501977,2026-04-04,2026-04-04 17:24:00,Harbor Point,South,609,Credit Card,8.88
501978,2026-04-04,2026-04-04 16:26:00,Riverside,South,229,Credit Card,12.38
501979,2026-04-04,2026-04-04 18:23:00,Downtown,North,146,Cash,3.43
501980,2026-04-04,2026-04-04 11:24:00,Harbor Point,South,796,Cash,4.25
501981,2026-04-04,2026-04-04 18:53:00,Downtown,North,658,Credit Card,16.24
501982,2026-04-04,2026-04-04 16:57:00,Downtown,North,898,Cash,6.6
501983,2026-04-04,2026-04-04 08:56:00,Riverside,South,205,Cash,8.31
501984,2026-04-04,2026-04-04 11:17:00,Harbor Point,South,365,Cash,17.99
501985,2026-04-04,2026-04-04 09:44:00,Airport Kiosk,West,675,Credit Card,8.6
501986,2026-04-04,2026-04-04 11:28:00,Downtown,North,625,Debit Card,4.71
501987,2026-04-04,2026-04-04 09:53:00,Airport Kiosk,West,111,Mobile Pay,8.13
501988,2026-04-04,2026-04-04 09:26:00,Airport Kiosk,West,176,Debit Card,12.13
501989,2026-04-04,2026-04-04 15:53:00,Uptown Mall,East,637,Mobile Pay,14.94
501990,2026-04-04,2026-04-04 12:31:00,Downtown,North,49,Cash,3.42
501991,2026-04-04,2026-04-04 07:16:00,Riverside,South,694,Credit Card,19.02
501992,2026-04-04,2026-04-04 10:44:00,Uptown Mall,East,892,Debit Card,15.55
501993,2026-04-04,2026-04-04 08:49:00,Airport Kiosk,West,790,Credit Card,3.49
501994,2026-04-04,2026-04-04 09:26:00,Riverside,South,81,Credit Card,17.48
501995,2026-04-04,2026-04-04 07:57:00,Harbor Point,South,331,Debit Card,3.43
501996,2026-04-04,2026-04-04 11:39:00,Uptown Mall,East,828,Mobile Pay,12.56
501997,2026-04-04,2026-04-04 16:25:00,Downtown,North,867,Credit Card,19.52
501998,2026-04-04,2026-04-04 13:09:00,Harbor Point,South,794,Cash,2.91
501999,2026-04-04,2026-04-04 11:35:00,Airport Kiosk,West,611,Debit Card,16.42
502000,2026-04-04,2026-04-04 16:00:00,Airport Kiosk,West,592,Credit Card,5.92
502001,2026-04-04,2026-04-04 09:38:00,Riverside,South,105,Debit Card,8.36
502002,2026-04-05,2026-04-05 14:40:00,Downtown,North,555,Mobile Pay,27.87
502003,2026-04-05,2026-04-05 11:38:00,Harbor Point,South,615,Credit Card,6.11
502004,2026-04-05,2026-04-05 10:30:00,Airport Kiosk,West,314,Debit Card,14.7
502005,2026-04-05,2026-04-05 12:27:00,Riverside,South,631,Credit Card,2.94
502006,2026-04-05,2026-04-05 10:33:00,Harbor Point,South,257,Cash,16.76
502007,2026-04-05,2026-04-05 11:42:00,Airport Kiosk,West,133,Credit Card,5.71
502008,2026-04-05,2026-04-05 10:56:00,Downtown,North,191,Credit Card,19.49
502009,2026-04-05,2026-04-05 08:23:00,Riverside,South,830,Debit Card,7.57
502010,2026-04-05,2026-04-05 14:29:00,Uptown Mall,East,301,Cash,3.4
502011,2026-04-05,2026-04-05 12:16:00,Riverside,South,260,Debit Card,2.98
502012,2026-04-05,2026-04-05 15:53:00,Uptown Mall,East,321,Debit Card,3.22
502013,2026-04-05,2026-04-05 18:23:00,Uptown Mall,East,729,Debit Card,8.46
502014,2026-04-05,2026-04-05 13:03:00,Harbor Point,South,94,Credit Card,14.6
502015,2026-04-05,2026-04-05 09:01:00,Uptown Mall,East,376,Credit Card,23.56
502016,2026-04-05,2026-04-05 11:20:00,Uptown Mall,East,316,Cash,7.89
502017,2026-04-05,2026-04-05 16:51:00,Airport Kiosk,West,631,Mobile Pay,22.0
502018,2026-04-05,2026-04-05 18:25:00,Harbor Point,South,896,Mobile Pay,8.63
502019,2026-04-05,2026-04-05 10:38:00,Uptown Mall,East,320,Mobile Pay,2.75
502020,2026-04-05,2026-04-05 11:52:00,Harbor Point,South,400,Mobile Pay,8.07
502021,2026-04-05,2026-04-05 07:18:00,Riverside,South,672,Mobile Pay,3.98
502022,2026-04-05,2026-04-05 09:19:00,Downtown,North,168,Credit Card,17.8
502023,2026-04-05,2026-04-05 18:27:00,Riverside,South,199,Debit Card,7.54
502024,2026-04-05,2026-04-05 08:03:00,Harbor Point,South,462,Mobile Pay,18.12
502025,2026-04-05,2026-04-05 07:13:00,Downtown,North,681,Credit Card,8.03
502026,2026-04-05,2026-04-05 08:05:00,Downtown,North,640,Credit Card,24.28
502027,2026-04-05,2026-04-05 14:37:00,Airport Kiosk,West,786,Credit Card,18.44
502028,2026-04-05,2026-04-05 13:48:00,Airport Kiosk,West,701,Credit Card,16.11
502029,2026-04-05,2026-04-05 18:25:00,Harbor Point,South,555,Cash,15.58
502030,2026-04-06,2026-04-06 07:03:00,Harbor Point,South,131,Debit Card,7.36
502031,2026-04-06,2026-04-06 09:50:00,Riverside,South,833,Debit Card,16.17
502032,2026-04-06,2026-04-06 14:13:00,Uptown Mall,East,199,Mobile Pay,9.91
502033,2026-04-06,2026-04-06 08:04:00,Riverside,South,431,Cash,11.92
502034,2026-04-06,2026-04-06 15:16:00,Harbor Point,South,347,Mobile Pay,2.71
502035,2026-04-06,2026-04-06 18:25:00,Uptown Mall,East,93,Mobile Pay,15.2
502036,2026-04-06,2026-04-06 14:54:00,Airport Kiosk,West,527,Debit Card,13.9
502037,2026-04-06,2026-04-06 10:33:00,Riverside,South,591,Mobile Pay,12.48
502038,2026-04-06,2026-04-06 09:36:00,Riverside,South,669,Credit Card,14.13
502039,2026-04-06,2026-04-06 11:33:00,Harbor Point,South,271,Credit Card,5.93
502040,2026-04-06,2026-04-06 13:43:00,Downtown,North,191,Debit Card,4.17
502041,2026-04-06,2026-04-06 08:19:00,Harbor Point,South,673,Credit Card,2.71
502042,2026-04-06,2026-04-06 17:57:00,Uptown Mall,East,462,Mobile Pay,11.31
502043,2026-04-06,2026-04-06 15:36:00,Uptown Mall,East,388,Credit Card,13.03
502044,2026-04-06,2026-04-06 17:58:00,Riverside,South,388,Debit Card,22.02
502045,2026-04-06,2026-04-06 08:00:00,Airport Kiosk,West,219,Cash,12.78
502046,2026-04-06,2026-04-06 14:50:00,Uptown Mall,East,610,Credit Card,7.38
502047,2026-04-06,2026-04-06 08:51:00,Downtown,North,196,Debit Card,19.55
502048,2026-04-06,2026-04-06 12:37:00,Harbor Point,South,667,Credit Card,5.97
502049,2026-04-07,2026-04-07 09:10:00,Riverside,South,702,Mobile Pay,13.54
502050,2026-04-07,2026-04-07 13:42:00,Downtown,North,764,Cash,7.37
502051,2026-04-07,2026-04-07 09:54:00,Downtown,North,536,Cash,7.41
502052,2026-04-07,2026-04-07 13:10:00,Airport Kiosk,West,538,Debit Card,2.69
502053,2026-04-07,2026-04-07 09:12:00,Airport Kiosk,West,536,Credit Card,3.99
502054,2026-04-07,2026-04-07 11:11:00,Airport Kiosk,West,23,Credit Card,3.69
502055,2026-04-07,2026-04-07 14:47:00,Riverside,South,693,Credit Card,23.27
502056,2026-04-07,2026-04-07 08:17:00,Uptown Mall,East,779,Debit Card,24.41
502057,2026-04-07,2026-04-07 15:31:00,Uptown Mall,East,658,Debit Card,10.05
502058,2026-04-07,2026-04-07 17:26:00,Uptown Mall,East,182,Debit Card,2.94
502059,2026-04-07,2026-04-07 10:28:00,Uptown Mall,East,397,Credit Card,24.25
502060,2026-04-07,2026-04-07 10:14:00,Uptown Mall,East,568,Cash,3.45
502061,2026-04-07,2026-04-07 08:17:00,Airport Kiosk,West,854,Cash,2.48
502062,2026-04-08,2026-04-08 15:10:00,Airport Kiosk,West,378,Debit Card,8.05
502063,2026-04-08,2026-04-08 17:18:00,Harbor Point,South,677,Credit Card,12.04
502064,2026-04-08,2026-04-08 14:11:00,Harbor Point,South,752,Credit Card,4.48
502065,2026-04-08,2026-04-08 12:59:00,Riverside,South,16,Cash,8.35
502066,2026-04-08,2026-04-08 09:35:00,Riverside,South,195,Credit Card,7.21
502067,2026-04-08,2026-04-08 13:22:00,Uptown Mall,East,288,Credit Card,13.38
502068,2026-04-08,2026-04-08 08:04:00,Airport Kiosk,West,421,Cash,8.38
502069,2026-04-08,2026-04-08 13:22:00,Riverside,South,472,Mobile Pay,2.96
502070,2026-04-08,2026-04-08 17:42:00,Riverside,South,15,Debit Card,4.42
502071,2026-04-08,2026-04-08 14:49:00,Airport Kiosk,West,428,Credit Card,3.45
502072,2026-04-08,2026-04-08 12:39:00,Airport Kiosk,West,234,Cash,8.38
502073,2026-04-08,2026-04-08 13:04:00,Airport Kiosk,West,525,Credit Card,4.15
502074,2026-04-08,2026-04-08 14:16:00,Downtown,North,385,Debit Card,11.43
502075,2026-04-08,2026-04-08 13:13:00,Airport Kiosk,West,7,Debit Card,2.94
502076,2026-04-08,2026-04-08 12:46:00,Harbor Point,South,741,Credit Card,5.98
502077,2026-04-08,2026-04-08 13:34:00,Harbor Point,South,817,Cash,14.79
502078,2026-04-08,2026-04-08 13:34:00,Uptown Mall,East,733,Mobile Pay,10.84
502079,2026-04-08,2026-04-08 16:59:00,Airport Kiosk,West,430,Mobile Pay,17.72
502080,2026-04-08,2026-04-08 14:25:00,Airport Kiosk,West,327,Mobile Pay,7.1
502081,2026-04-08,2026-04-08 14:50:00,Harbor Point,South,186,Debit Card,18.23
502082,2026-04-08,2026-04-08 18:32:00,Uptown Mall,East,58,Debit Card,4.44
502083,2026-04-08,2026-04-08 13:50:00,Airport Kiosk,West,113,Debit Card,13.26
502084,2026-04-08,2026-04-08 07:06:00,Airport Kiosk,West,880,Cash,2.44
502085,2026-04-08,2026-04-08 14:16:00,Airport Kiosk,West,266,Mobile Pay,10.4
502086,2026-04-08,2026-04-08 13:00:00,Downtown,North,333,Cash,5.19
502087,2026-04-08,2026-04-08 11:00:00,Uptown Mall,East,591,Credit Card,3.41
502088,2026-04-08,2026-04-08 15:14:00,Airport Kiosk,West,48,Cash,3.45
502089,2026-04-08,2026-04-08 13:05:00,Downtown,North,437,Mobile Pay,22.19
502090,2026-04-09,2026-04-09 08:30:00,Airport Kiosk,West,693,Debit Card,3.43
502091,2026-04-09,2026-04-09 14:35:00,Harbor Point,South,207,Cash,10.54
502092,2026-04-09,2026-04-09 10:35:00,Riverside,South,179,Mobile Pay,7.42
502093,2026-04-09,2026-04-09 17:52:00,Airport Kiosk,West,29,Mobile Pay,7.39
502094,2026-04-09,2026-04-09 12:51:00,Downtown,North,350,Debit Card,3.48
502095,2026-04-09,2026-04-09 09:00:00,Harbor Point,South,160,Cash,26.09
502096,2026-04-09,2026-04-09 07:07:00,Airport Kiosk,West,275,Credit Card,3.47
502097,2026-04-09,2026-04-09 08:18:00,Harbor Point,South,740,Credit Card,14.88
502098,2026-04-09,2026-04-09 11:17:00,Riverside,South,691,Credit Card,20.56
502099,2026-04-09,2026-04-09 07:20:00,Riverside,South,194,Credit Card,8.38
502100,2026-04-09,2026-04-09 09:33:00,Riverside,South,205,Mobile Pay,12.3
502101,2026-04-09,2026-04-09 12:51:00,Airport Kiosk,West,510,Mobile Pay,21.24
502102,2026-04-09,2026-04-09 08:49:00,Harbor Point,South,182,Mobile Pay,11.41
502103,2026-04-09,2026-04-09 08:24:00,Harbor Point,South,832,Debit Card,8.02
502104,2026-04-09,2026-04-09 11:13:00,Downtown,North,254,Credit Card,7.69
502105,2026-04-09,2026-04-09 08:30:00,Uptown Mall,East,849,Credit Card,6.62
502106,2026-04-09,2026-04-09 17:13:00,Harbor Point,South,449,Mobile Pay,6.67
502107,2026-04-09,2026-04-09 14:49:00,Downtown,North,569,Debit Card,8.1
502108,2026-04-09,2026-04-09 10:02:00,Airport Kiosk,West,553,Credit Card,11.6
502109,2026-04-09,2026-04-09 09:37:00,Airport Kiosk,West,231,Mobile Pay,8.5
502110,2026-04-09,2026-04-09 16:50:00,Downtown,North,133,Credit Card,13.17
502111,2026-04-09,2026-04-09 11:47:00,Airport Kiosk,West,138,Credit Card,15.03
502112,2026-04-09,2026-04-09 09:59:00,Downtown,North,556,Debit Card,11.68
502113,2026-04-09,2026-04-09 14:07:00,Airport Kiosk,West,777,Debit Card,4.24
502114,2026-04-09,2026-04-09 15:57:00,Airport Kiosk,West,331,Mobile Pay,14.48
502115,2026-04-09,2026-04-09 18:28:00,Riverside,South,873,Mobile Pay,7.62
502116,2026-04-09,2026-04-09 09:57:00,Downtown,North,553,Mobile Pay,2.71
502117,2026-04-09,2026-04-09 07:34:00,Uptown Mall,East,593,Credit Card,19.86
502118,2026-04-10,2026-04-10 13:32:00,Airport Kiosk,West,293,Cash,2.73
502119,2026-04-10,2026-04-10 17:07:00,Uptown Mall,East,401,Mobile Pay,21.53
502120,2026-04-10,2026-04-10 09:54:00,Airport Kiosk,West,467,Cash,19.45
502121,2026-04-10,2026-04-10 18:01:00,Harbor Point,South,180,Debit Card,19.07
502122,2026-04-10,2026-04-10 13:12:00,Harbor Point,South,21,Credit Card,10.01
502123,2026-04-10,2026-04-10 07:24:00,Uptown Mall,East,186,Mobile Pay,20.18
502124,2026-04-10,2026-04-10 07:04:00,Downtown,North,705,Cash,13.48
502125,2026-04-10,2026-04-10 16:36:00,Uptown Mall,East,270,Cash,6.58
502126,2026-04-10,2026-04-10 09:38:00,Downtown,North,885,Cash,3.4
502127,2026-04-10,2026-04-10 15:57:00,Airport Kiosk,West,635,Mobile Pay,15.06
502128,2026-04-10,2026-04-10 17:42:00,Downtown,North,221,Credit Card,10.31
502129,2026-04-10,2026-04-10 07:58:00,Riverside,South,676,Credit Card,8.24
502130,2026-04-10,2026-04-10 10:35:00,Downtown,North,230,Credit Card,8.41
502131,2026-04-10,2026-04-10 09:14:00,Airport Kiosk,West,18,Credit Card,4.69
502132,2026-04-10,2026-04-10 11:16:00,Airport Kiosk,West,396,Cash,2.67
502133,2026-04-10,2026-04-10 10:56:00,Airport Kiosk,West,73,Cash,7.37
502134,2026-04-10,2026-04-10 13:54:00,Airport Kiosk,West,758,Credit Card,9.42
502135,2026-04-10,2026-04-10 12:23:00,Harbor Point,South,134,Cash,10.78
502136,2026-04-10,2026-04-10 11:16:00,Airport Kiosk,West,209,Debit Card,7.74
502137,2026-04-10,2026-04-10 14:04:00,Riverside,South,802,Mobile Pay,11.63
502138,2026-04-10,2026-04-10 18:59:00,Uptown Mall,East,279,Credit Card,9.13
502139,2026-04-10,2026-04-10 14:43:00,Airport Kiosk,West,415,Credit Card,6.94
502140,2026-04-10,2026-04-10 14:13:00,Riverside,South,420,Mobile Pay,8.26
502141,2026-04-10,2026-04-10 12:54:00,Airport Kiosk,West,725,Credit Card,7.34
502142,2026-04-10,2026-04-10 09:01:00,Downtown,North,736,Mobile Pay,6.88
502143,2026-04-10,2026-04-10 13:36:00,Harbor Point,South,624,Debit Card,7.14
502144,2026-04-10,2026-04-10 15:23:00,Airport Kiosk,West,647,Credit Card,4.37
502145,2026-04-10,2026-04-10 13:04:00,Riverside,South,855,Debit Card,16.56
502146,2026-04-10,2026-04-10 09:29:00,Riverside,South,673,Debit Card,15.56
502147,2026-04-11,2026-04-11 09:22:00,Airport Kiosk,West,340,Mobile Pay,3.47
502148,2026-04-11,2026-04-11 09:17:00,Uptown Mall,East,619,Debit Card,8.92
502149,2026-04-11,2026-04-11 11:57:00,Harbor Point,South,456,Cash,27.9
502150,2026-04-11,2026-04-11 13:17:00,Riverside,South,538,Credit Card,3.97
502151,2026-04-11,2026-04-11 18:36:00,Riverside,South,550,Credit Card,5.14
502152,2026-04-11,2026-04-11 16:53:00,Airport Kiosk,West,732,Credit Card,2.71
502153,2026-04-11,2026-04-11 16:05:00,Harbor Point,South,206,Debit Card,14.32
502154,2026-04-11,2026-04-11 14:01:00,Uptown Mall,East,97,Cash,16.94
502155,2026-04-11,2026-04-11 09:58:00,Downtown,North,27,Credit Card,3.95
502156,2026-04-11,2026-04-11 17:33:00,Airport Kiosk,West,589,Debit Card,6.14
502157,2026-04-11,2026-04-11 16:46:00,Riverside,South,397,Debit Card,5.42
502158,2026-04-11,2026-04-11 09:08:00,Airport Kiosk,West,290,Cash,15.82
502159,2026-04-11,2026-04-11 07:42:00,Downtown,North,255,Credit Card,4.73
502160,2026-04-11,2026-04-11 08:59:00,Uptown Mall,East,736,Debit Card,3.73
502161,2026-04-11,2026-04-11 15:07:00,Uptown Mall,East,852,Debit Card,11.91
502162,2026-04-11,2026-04-11 10:55:00,Airport Kiosk,West,149,Cash,11.37
502163,2026-04-11,2026-04-11 13:27:00,Riverside,South,218,Credit Card,15.81
502164,2026-04-11,2026-04-11 09:27:00,Airport Kiosk,West,178,Cash,15.38
502165,2026-04-11,2026-04-11 07:34:00,Uptown Mall,East,531,Debit Card,8.29
502166,2026-04-11,2026-04-11 13:11:00,Riverside,South,679,Credit Card,8.28
502167,2026-04-11,2026-04-11 09:01:00,Harbor Point,South,260,Debit Card,21.05
502168,2026-04-11,2026-04-11 14:07:00,Uptown Mall,East,378,Mobile Pay,7.61
502169,2026-04-11,2026-04-11 10:30:00,Airport Kiosk,West,689,Credit Card,2.47
502170,2026-04-11,2026-04-11 12:17:00,Harbor Point,South,426,Debit Card,18.29
502171,2026-04-11,2026-04-11 13:43:00,Uptown Mall,East,839,Credit Card,4.43
502172,2026-04-11,2026-04-11 07:26:00,Riverside,South,866,Credit Card,15.06
502173,2026-04-11,2026-04-11 12:49:00,Airport Kiosk,West,758,Mobile Pay,3.69
502174,2026-04-11,2026-04-11 13:09:00,Harbor Point,South,540,Credit Card,28.54
502175,2026-04-11,2026-04-11 13:36:00,Riverside,South,523,Cash,19.48
502176,2026-04-11,2026-04-11 08:15:00,Uptown Mall,East,677,Debit Card,8.08
502177,2026-04-11,2026-04-11 17:34:00,Uptown Mall,East,87,Cash,13.49
502178,2026-04-11,2026-04-11 11:34:00,Downtown,North,581,Credit Card,3.23
502179,2026-04-11,2026-04-11 07:13:00,Downtown,North,266,Mobile Pay,12.19
502180,2026-04-11,2026-04-11 09:07:00,Uptown Mall,East,105,Debit Card,4.74
502181,2026-04-11,2026-04-11 09:02:00,Uptown Mall,East,776,Credit Card,4.23
502182,2026-04-11,2026-04-11 08:12:00,Riverside,South,706,Mobile Pay,2.49
502183,2026-04-12,2026-04-12 08:23:00,Uptown Mall,East,367,Cash,4.24
502184,2026-04-12,2026-04-12 08:22:00,Harbor Point,South,218,Cash,19.91
502185,2026-04-12,2026-04-12 08:50:00,Harbor Point,South,557,Credit Card,3.43
502186,2026-04-12,2026-04-12 13:11:00,Uptown Mall,East,282,Cash,20.8
502187,2026-04-12,2026-04-12 08:54:00,Downtown,North,156,Debit Card,12.07
502188,2026-04-12,2026-04-12 09:54:00,Harbor Point,South,827,Mobile Pay,2.92
502189,2026-04-12,2026-04-12 10:36:00,Downtown,North,198,Debit Card,2.74
502190,2026-04-12,2026-04-12 12:14:00,Airport Kiosk,West,28,Cash,7.62
502191,2026-04-12,2026-04-12 08:52:00,Uptown Mall,East,19,Credit Card,4.62
502192,2026-04-12,2026-04-12 07:02:00,Harbor Point,South,683,Cash,3.44
502193,2026-04-12,2026-04-12 14:02:00,Riverside,South,629,Cash,3.22
502194,2026-04-12,2026-04-12 09:42:00,Harbor Point,South,728,Cash,25.71
502195,2026-04-12,2026-04-12 14:06:00,Airport Kiosk,West,425,Credit Card,5.44
502196,2026-04-12,2026-04-12 08:59:00,Downtown,North,700,Debit Card,8.15
502197,2026-04-12,2026-04-12 07:48:00,Downtown,North,177,Debit Card,19.14
502198,2026-04-12,2026-04-12 07:46:00,Uptown Mall,East,698,Debit Card,20.17
502199,2026-04-12,2026-04-12 09:57:00,Harbor Point,South,2,Debit Card,7.06
502200,2026-04-12,2026-04-12 13:23:00,Downtown,North,637,Debit Card,3.42
502201,2026-04-12,2026-04-12 09:26:00,Riverside,South,214,Credit Card,16.4
502202,2026-04-12,2026-04-12 08:07:00,Downtown,North,851,Cash,19.96
502203,2026-04-12,2026-04-12 14:34:00,Riverside,South,537,Cash,2.47
502204,2026-04-12,2026-04-12 14:30:00,Harbor Point,South,144,Cash,8.16
502205,2026-04-12,2026-04-12 07:39:00,Harbor Point,South,103,Debit Card,11.68
502206,2026-04-12,2026-04-12 14:02:00,Riverside,South,474,Mobile Pay,9.84
502207,2026-04-12,2026-04-12 08:32:00,Downtown,North,818,Credit Card,3.43
502208,2026-04-12,2026-04-12 12:22:00,Riverside,South,564,Debit Card,22.52
502209,2026-04-12,2026-04-12 09:38:00,Downtown,North,548,Debit Card,7.4
502210,2026-04-12,2026-04-12 08:00:00,Riverside,South,37,Mobile Pay,6.91
502211,2026-04-12,2026-04-12 13:55:00,Harbor Point,South,754,Debit Card,8.46
502212,2026-04-12,2026-04-12 12:15:00,Airport Kiosk,West,537,Mobile Pay,6.92
502213,2026-04-12,2026-04-12 13:01:00,Harbor Point,South,871,Credit Card,31.68
502214,2026-04-12,2026-04-12 17:35:00,Downtown,North,846,Credit Card,4.66
502215,2026-04-12,2026-04-12 12:34:00,Uptown Mall,East,189,Cash,8.19
502216,2026-04-12,2026-04-12 10:37:00,Airport Kiosk,West,763,Credit Card,6.44
502217,2026-04-12,2026-04-12 12:12:00,Downtown,North,651,Cash,14.59
502218,2026-04-12,2026-04-12 09:02:00,Downtown,North,62,Debit Card,7.69
502219,2026-04-12,2026-04-12 12:48:00,Riverside,South,894,Debit Card,8.34
502220,2026-04-12,2026-04-12 13:22:00,Uptown Mall,East,684,Credit Card,3.92
502221,2026-04-12,2026-04-12 17:16:00,Riverside,South,622,Debit Card,22.4
502222,2026-04-13,2026-04-13 08:02:00,Uptown Mall,East,444,Debit Card,3.95
502223,2026-04-13,2026-04-13 09:28:00,Downtown,North,171,Credit Card,14.42
502224,2026-04-13,2026-04-13 07:51:00,Uptown Mall,East,498,Debit Card,9.09
502225,2026-04-13,2026-04-13 09:44:00,Riverside,South,257,Credit Card,3.44
502226,2026-04-13,2026-04-13 13:53:00,Harbor Point,South,582,Cash,16.78
502227,2026-04-13,2026-04-13 10:39:00,Riverside,South,226,Cash,4.67
502228,2026-04-13,2026-04-13 09:54:00,Riverside,South,696,Debit Card,5.2
502229,2026-04-13,2026-04-13 13:11:00,Uptown Mall,East,178,Mobile Pay,6.46
502230,2026-04-13,2026-04-13 08:02:00,Downtown,North,182,Credit Card,16.78
502231,2026-04-13,2026-04-13 17:33:00,Riverside,South,267,Debit Card,2.47
502232,2026-04-13,2026-04-13 13:39:00,Riverside,South,827,Credit Card,3.21
502233,2026-04-13,2026-04-13 09:27:00,Downtown,North,561,Credit Card,3.17
502234,2026-04-13,2026-04-13 13:24:00,Downtown,North,695,Debit Card,7.44
502235,2026-04-13,2026-04-13 09:41:00,Riverside,South,329,Mobile Pay,32.43
502236,2026-04-13,2026-04-13 11:17:00,Riverside,South,466,Mobile Pay,7.54
502237,2026-04-13,2026-04-13 17:04:00,Riverside,South,775,Debit Card,3.17
502238,2026-04-13,2026-04-13 07:50:00,Airport Kiosk,West,589,Credit Card,2.49
502239,2026-04-13,2026-04-13 08:32:00,Uptown Mall,East,373,Cash,4.64
502240,2026-04-13,2026-04-13 12:27:00,Uptown Mall,East,341,Credit Card,2.46
502241,2026-04-13,2026-04-13 13:45:00,Airport Kiosk,West,210,Credit Card,11.37
502242,2026-04-13,2026-04-13 10:44:00,Downtown,North,114,Cash,10.63
502243,2026-04-13,2026-04-13 17:12:00,Riverside,South,501,Cash,7.63
502244,2026-04-13,2026-04-13 16:19:00,Riverside,South,855,Credit Card,27.76
502245,2026-04-13,2026-04-13 09:01:00,Uptown Mall,East,231,Debit Card,8.84
502246,2026-04-13,2026-04-13 12:47:00,Airport Kiosk,West,425,Credit Card,6.83
502247,2026-04-13,2026-04-13 17:56:00,Uptown Mall,East,230,Mobile Pay,14.52
502248,2026-04-13,2026-04-13 11:28:00,Airport Kiosk,West,815,Debit Card,11.38
502249,2026-04-13,2026-04-13 08:17:00,Uptown Mall,East,66,Mobile Pay,5.66
502250,2026-04-14,2026-04-14 16:32:00,Riverside,South,115,Debit Card,20.56
502251,2026-04-14,2026-04-14 07:04:00,Harbor Point,South,426,Debit Card,19.9
502252,2026-04-14,2026-04-14 09:39:00,Downtown,North,91,Debit Card,18.05
502253,2026-04-14,2026-04-14 07:18:00,Downtown,North,463,Cash,2.93
502254,2026-04-14,2026-04-14 08:56:00,Harbor Point,South,796,Mobile Pay,2.46
502255,2026-04-14,2026-04-14 10:03:00,Harbor Point,South,642,Cash,13.28
502256,2026-04-14,2026-04-14 09:48:00,Airport Kiosk,West,335,Mobile Pay,6.8
502257,2026-04-14,2026-04-14 10:56:00,Harbor Point,South,135,Credit Card,11.39
502258,2026-04-14,2026-04-14 07:39:00,Riverside,South,659,Credit Card,11.25
502259,2026-04-14,2026-04-14 08:29:00,Harbor Point,South,413,Credit Card,9.95
502260,2026-04-14,2026-04-14 12:49:00,Uptown Mall,East,838,Mobile Pay,15.72
502261,2026-04-14,2026-04-14 16:40:00,Downtown,North,847,Debit Card,24.4
502262,2026-04-14,2026-04-14 13:09:00,Downtown,North,415,Debit Card,9.05
502263,2026-04-15,2026-04-15 08:05:00,Airport Kiosk,West,446,Credit Card,19.56
502264,2026-04-15,2026-04-15 08:06:00,Riverside,South,787,Debit Card,7.16
502265,2026-04-15,2026-04-15 09:41:00,Uptown Mall,East,620,Credit Card,4.74
502266,2026-04-15,2026-04-15 07:56:00,Downtown,North,836,Debit Card,14.91
502267,2026-04-15,2026-04-15 09:32:00,Harbor Point,South,297,Credit Card,10.01
502268,2026-04-15,2026-04-15 17:19:00,Harbor Point,South,252,Credit Card,3.91
502269,2026-04-15,2026-04-15 09:31:00,Riverside,South,735,Credit Card,12.3
502270,2026-04-15,2026-04-15 10:25:00,Uptown Mall,East,741,Credit Card,2.99
502271,2026-04-15,2026-04-15 11:16:00,Airport Kiosk,West,709,Credit Card,4.43
502272,2026-04-15,2026-04-15 07:05:00,Airport Kiosk,West,297,Debit Card,11.84
502273,2026-04-15,2026-04-15 16:48:00,Riverside,South,766,Cash,3.47
502274,2026-04-15,2026-04-15 18:50:00,Riverside,South,803,Credit Card,18.2
502275,2026-04-15,2026-04-15 16:07:00,Airport Kiosk,West,57,Credit Card,3.17
502276,2026-04-15,2026-04-15 11:45:00,Harbor Point,South,506,Mobile Pay,11.35
502277,2026-04-15,2026-04-15 12:26:00,Downtown,North,775,Cash,2.48
502278,2026-04-15,2026-04-15 08:18:00,Downtown,North,659,Credit Card,10.96
502279,2026-04-15,2026-04-15 08:27:00,Uptown Mall,East,408,Cash,12.1
502280,2026-04-15,2026-04-15 15:31:00,Harbor Point,South,217,Debit Card,6.9
502281,2026-04-15,2026-04-15 14:14:00,Downtown,North,413,Cash,15.38
502282,2026-04-15,2026-04-15 09:33:00,Harbor Point,South,301,Cash,7.44
502283,2026-04-15,2026-04-15 09:53:00,Downtown,North,173,Credit Card,3.73
502284,2026-04-15,2026-04-15 16:07:00,Airport Kiosk,West,788,Credit Card,8.6
502285,2026-04-15,2026-04-15 18:54:00,Harbor Point,South,660,Debit Card,7.94
502286,2026-04-15,2026-04-15 08:52:00,Airport Kiosk,West,643,Credit Card,10.77
502287,2026-04-15,2026-04-15 07:49:00,Downtown,North,422,Debit Card,18.9
502288,2026-04-16,2026-04-16 10:36:00,Airport Kiosk,West,569,Debit Card,14.96
502289,2026-04-16,2026-04-16 18:22:00,Downtown,North,228,Credit Card,7.18
502290,2026-04-16,2026-04-16 14:58:00,Downtown,North,661,Mobile Pay,3.5
502291,2026-04-16,2026-04-16 17:42:00,Airport Kiosk,West,218,Cash,3.47
502292,2026-04-16,2026-04-16 07:29:00,Downtown,North,47,Mobile Pay,4.74
502293,2026-04-16,2026-04-16 16:54:00,Riverside,South,605,Debit Card,2.68
502294,2026-04-16,2026-04-16 08:10:00,Airport Kiosk,West,498,Debit Card,4.4
502295,2026-04-16,2026-04-16 09:27:00,Riverside,South,689,Credit Card,10.78
502296,2026-04-16,2026-04-16 08:38:00,Uptown Mall,East,68,Credit Card,27.97
502297,2026-04-16,2026-04-16 18:12:00,Airport Kiosk,West,852,Mobile Pay,6.68
502298,2026-04-16,2026-04-16 18:13:00,Riverside,South,895,Credit Card,8.03
502299,2026-04-16,2026-04-16 15:42:00,Airport Kiosk,West,558,Cash,2.47
502300,2026-04-16,2026-04-16 16:14:00,Harbor Point,South,280,Credit Card,7.75
502301,2026-04-16,2026-04-16 07:26:00,Harbor Point,South,693,Credit Card,3.65
502302,2026-04-16,2026-04-16 12:52:00,Riverside,South,718,Debit Card,7.63
502303,2026-04-16,2026-04-16 08:19:00,Downtown,North,439,Debit Card,2.45
502304,2026-04-16,2026-04-16 09:27:00,Uptown Mall,East,870,Credit Card,7.0
502305,2026-04-16,2026-04-16 18:05:00,Uptown Mall,East,382,Credit Card,7.43
502306,2026-04-16,2026-04-16 09:28:00,Riverside,South,151,Cash,7.09
502307,2026-04-16,2026-04-16 07:54:00,Downtown,North,514,Credit Card,14.9
502308,2026-04-16,2026-04-16 17:03:00,Downtown,North,781,Credit Card,3.67
502309,2026-04-16,2026-04-16 13:43:00,Harbor Point,South,708,Credit Card,7.14
502310,2026-04-16,2026-04-16 07:04:00,Downtown,North,395,Debit Card,19.15
502311,2026-04-17,2026-04-17 15:04:00,Uptown Mall,East,435,Debit Card,8.08
502312,2026-04-17,2026-04-17 08:09:00,Uptown Mall,East,196,Credit Card,7.3
502313,2026-04-17,2026-04-17 12:03:00,Uptown Mall,East,635,Debit Card,15.2
502314,2026-04-17,2026-04-17 09:55:00,Uptown Mall,East,434,Cash,12.14
502315,2026-04-17,2026-04-17 14:52:00,Riverside,South,128,Debit Card,2.49
502316,2026-04-17,2026-04-17 18:33:00,Riverside,South,812,Mobile Pay,7.59
502317,2026-04-17,2026-04-17 10:05:00,Uptown Mall,East,838,Credit Card,2.69
502318,2026-04-17,2026-04-17 15:44:00,Uptown Mall,East,8,Debit Card,2.45
502319,2026-04-17,2026-04-17 09:42:00,Airport Kiosk,West,665,Credit Card,9.4
502320,2026-04-17,2026-04-17 11:07:00,Airport Kiosk,West,251,Mobile Pay,20.4
502321,2026-04-17,2026-04-17 13:10:00,Harbor Point,South,53,Credit Card,8.36
502322,2026-04-17,2026-04-17 15:54:00,Uptown Mall,East,564,Mobile Pay,4.15
502323,2026-04-17,2026-04-17 15:01:00,Uptown Mall,East,470,Mobile Pay,2.69
502324,2026-04-17,2026-04-17 08:46:00,Airport Kiosk,West,137,Debit Card,14.9
502325,2026-04-17,2026-04-17 13:16:00,Riverside,South,619,Credit Card,11.55
502326,2026-04-17,2026-04-17 07:43:00,Harbor Point,South,874,Credit Card,8.39
502327,2026-04-17,2026-04-17 12:10:00,Airport Kiosk,West,339,Credit Card,7.92
502328,2026-04-17,2026-04-17 10:59:00,Riverside,South,502,Credit Card,7.45
502329,2026-04-17,2026-04-17 13:29:00,Airport Kiosk,West,452,Credit Card,10.84
502330,2026-04-17,2026-04-17 13:39:00,Uptown Mall,East,558,Cash,15.14
502331,2026-04-18,2026-04-18 08:56:00,Downtown,North,844,Cash,3.47
502332,2026-04-18,2026-04-18 11:39:00,Harbor Point,South,535,Cash,11.81
502333,2026-04-18,2026-04-18 07:23:00,Downtown,North,454,Credit Card,14.87
502334,2026-04-18,2026-04-18 12:50:00,Downtown,North,181,Mobile Pay,17.62
502335,2026-04-18,2026-04-18 10:38:00,Riverside,South,516,Credit Card,3.97
502336,2026-04-18,2026-04-18 08:55:00,Uptown Mall,East,182,Debit Card,2.68
502337,2026-04-18,2026-04-18 08:00:00,Uptown Mall,East,740,Credit Card,10.8
502338,2026-04-18,2026-04-18 09:29:00,Downtown,North,788,Debit Card,11.43
502339,2026-04-18,2026-04-18 08:30:00,Harbor Point,South,631,Credit Card,16.69
502340,2026-04-18,2026-04-18 18:45:00,Harbor Point,South,93,Cash,8.28
502341,2026-04-18,2026-04-18 09:45:00,Uptown Mall,East,54,Credit Card,15.33
502342,2026-04-18,2026-04-18 11:42:00,Riverside,South,364,Mobile Pay,19.45
502343,2026-04-18,2026-04-18 14:16:00,Airport Kiosk,West,586,Credit Card,4.16
502344,2026-04-18,2026-04-18 13:47:00,Airport Kiosk,West,442,Credit Card,8.16
502345,2026-04-18,2026-04-18 07:54:00,Riverside,South,421,Mobile Pay,15.03
502346,2026-04-18,2026-04-18 09:20:00,Uptown Mall,East,112,Credit Card,15.09
502347,2026-04-18,2026-04-18 11:44:00,Downtown,North,302,Credit Card,3.89
502348,2026-04-18,2026-04-18 09:25:00,Harbor Point,South,380,Debit Card,3.99
502349,2026-04-18,2026-04-18 11:48:00,Airport Kiosk,West,727,Mobile Pay,9.64
502350,2026-04-18,2026-04-18 13:00:00,Uptown Mall,East,172,Mobile Pay,5.86
502351,2026-04-18,2026-04-18 16:09:00,Uptown Mall,East,811,Mobile Pay,10.43
502352,2026-04-18,2026-04-18 09:43:00,Downtown,North,880,Cash,10.38
502353,2026-04-18,2026-04-18 18:29:00,Downtown,North,612,Debit Card,16.4
502354,2026-04-18,2026-04-18 09:58:00,Airport Kiosk,West,382,Cash,3.95
502355,2026-04-18,2026-04-18 14:21:00,Uptown Mall,East,187,Credit Card,4.14
502356,2026-04-18,2026-04-18 09:25:00,Airport Kiosk,West,156,Credit Card,3.7
502357,2026-04-18,2026-04-18 14:48:00,Riverside,South,394,Credit Card,7.42
502358,2026-04-18,2026-04-18 17:05:00,Riverside,South,451,Debit Card,8.73
502359,2026-04-18,2026-04-18 13:12:00,Airport Kiosk,West,710,Debit Card,32.21
502360,2026-04-18,2026-04-18 15:54:00,Harbor Point,South,676,Mobile Pay,17.62
502361,2026-04-18,2026-04-18 15:36:00,Harbor Point,South,79,Debit Card,15.78
502362,2026-04-18,2026-04-18 12:13:00,Downtown,North,411,Debit Card,7.33
502363,2026-04-18,2026-04-18 16:56:00,Downtown,North,306,Credit Card,6.6
502364,2026-04-19,2026-04-19 09:10:00,Airport Kiosk,West,799,Credit Card,7.84
502365,2026-04-19,2026-04-19 09:10:00,Riverside,South,680,Cash,8.15
502366,2026-04-19,2026-04-19 09:55:00,Airport Kiosk,West,697,Cash,3.49
502367,2026-04-19,2026-04-19 10:36:00,Uptown Mall,East,425,Credit Card,19.99
502368,2026-04-19,2026-04-19 11:34:00,Uptown Mall,East,373,Cash,3.17
502369,2026-04-19,2026-04-19 07:29:00,Uptown Mall,East,876,Credit Card,4.15
502370,2026-04-19,2026-04-19 11:13:00,Airport Kiosk,West,334,Debit Card,17.57
502371,2026-04-19,2026-04-19 08:10:00,Uptown Mall,East,109,Credit Card,19.92
502372,2026-04-19,2026-04-19 15:37:00,Uptown Mall,East,121,Mobile Pay,13.94
502373,2026-04-19,2026-04-19 13:50:00,Harbor Point,South,841,Debit Card,5.94
502374,2026-04-19,2026-04-19 08:17:00,Harbor Point,South,367,Debit Card,3.21
502375,2026-04-19,2026-04-19 07:10:00,Airport Kiosk,West,561,Credit Card,6.84
502376,2026-04-19,2026-04-19 10:43:00,Downtown,North,272,Mobile Pay,11.68
502377,2026-04-19,2026-04-19 08:02:00,Downtown,North,698,Cash,12.1
502378,2026-04-19,2026-04-19 11:21:00,Downtown,North,579,Credit Card,7.44
502379,2026-04-19,2026-04-19 17:53:00,Uptown Mall,East,531,Debit Card,3.9
502380,2026-04-19,2026-04-19 09:09:00,Riverside,South,867,Debit Card,11.42
502381,2026-04-19,2026-04-19 15:11:00,Downtown,North,311,Credit Card,9.03
502382,2026-04-19,2026-04-19 14:13:00,Riverside,South,895,Mobile Pay,25.72
502383,2026-04-19,2026-04-19 09:29:00,Downtown,North,485,Mobile Pay,2.99
502384,2026-04-19,2026-04-19 18:46:00,Riverside,South,105,Credit Card,15.47
502385,2026-04-19,2026-04-19 15:45:00,Riverside,South,14,Debit Card,15.86
502386,2026-04-19,2026-04-19 09:06:00,Riverside,South,254,Mobile Pay,26.23
502387,2026-04-19,2026-04-19 12:07:00,Harbor Point,South,693,Debit Card,2.46
502388,2026-04-19,2026-04-19 08:17:00,Uptown Mall,East,287,Credit Card,19.03
502389,2026-04-19,2026-04-19 09:39:00,Riverside,South,522,Cash,3.43
502390,2026-04-19,2026-04-19 12:06:00,Harbor Point,South,574,Cash,16.59
502391,2026-04-19,2026-04-19 11:06:00,Uptown Mall,East,97,Debit Card,16.68
502392,2026-04-19,2026-04-19 14:37:00,Harbor Point,South,190,Debit Card,7.41
502393,2026-04-19,2026-04-19 10:09:00,Harbor Point,South,266,Mobile Pay,15.63
502394,2026-04-19,2026-04-19 09:20:00,Downtown,North,559,Cash,7.7
502395,2026-04-19,2026-04-19 14:15:00,Airport Kiosk,West,742,Debit Card,7.86
502396,2026-04-19,2026-04-19 12:02:00,Riverside,South,210,Credit Card,17.6
502397,2026-04-19,2026-04-19 09:49:00,Uptown Mall,East,529,Debit Card,11.23
502398,2026-04-19,2026-04-19 08:33:00,Airport Kiosk,West,403,Credit Card,6.89
502399,2026-04-20,2026-04-20 08:03:00,Downtown,North,108,Credit Card,6.85
502400,2026-04-20,2026-04-20 07:19:00,Riverside,South,103,Credit Card,2.45
502401,2026-04-20,2026-04-20 17:39:00,Downtown,North,669,Debit Card,3.89
502402,2026-04-20,2026-04-20 14:16:00,Harbor Point,South,126,Mobile Pay,7.38
502403,2026-04-20,2026-04-20 17:49:00,Uptown Mall,East,598,Debit Card,9.68
502404,2026-04-20,2026-04-20 08:39:00,Riverside,South,357,Mobile Pay,8.02
502405,2026-04-20,2026-04-20 10:40:00,Downtown,North,864,Debit Card,11.85
502406,2026-04-20,2026-04-20 16:59:00,Harbor Point,South,162,Debit Card,8.4
502407,2026-04-20,2026-04-20 09:27:00,Riverside,South,661,Mobile Pay,4.64
502408,2026-04-20,2026-04-20 11:50:00,Riverside,South,704,Credit Card,18.15
502409,2026-04-20,2026-04-20 18:53:00,Downtown,North,873,Credit Card,7.34
502410,2026-04-20,2026-04-20 07:03:00,Uptown Mall,East,539,Mobile Pay,12.06
502411,2026-04-20,2026-04-20 14:24:00,Airport Kiosk,West,293,Debit Card,3.45
502412,2026-04-20,2026-04-20 17:32:00,Harbor Point,South,728,Cash,11.86
502413,2026-04-20,2026-04-20 18:05:00,Airport Kiosk,West,106,Debit Card,8.89
502414,2026-04-20,2026-04-20 08:54:00,Airport Kiosk,West,423,Credit Card,9.92
502415,2026-04-20,2026-04-20 08:21:00,Uptown Mall,East,704,Credit Card,2.72
502416,2026-04-20,2026-04-20 09:13:00,Harbor Point,South,276,Mobile Pay,12.75
502417,2026-04-20,2026-04-20 13:44:00,Riverside,South,651,Credit Card,41.87
502418,2026-04-20,2026-04-20 08:52:00,Downtown,North,329,Credit Card,7.31
502419,2026-04-21,2026-04-21 07:43:00,Uptown Mall,East,611,Mobile Pay,18.34
502420,2026-04-21,2026-04-21 13:52:00,Downtown,North,448,Mobile Pay,6.65
502421,2026-04-21,2026-04-21 18:48:00,Uptown Mall,East,660,Mobile Pay,5.88
502422,2026-04-21,2026-04-21 11:22:00,Uptown Mall,East,740,Credit Card,14.03
502423,2026-04-21,2026-04-21 10:42:00,Harbor Point,South,356,Mobile Pay,11.57
502424,2026-04-21,2026-04-21 11:45:00,Airport Kiosk,West,345,Debit Card,7.55
502425,2026-04-21,2026-04-21 13:05:00,Uptown Mall,East,208,Mobile Pay,6.8
502426,2026-04-21,2026-04-21 09:57:00,Harbor Point,South,279,Credit Card,7.93
502427,2026-04-21,2026-04-21 08:40:00,Airport Kiosk,West,38,Debit Card,3.24
502428,2026-04-21,2026-04-21 09:27:00,Uptown Mall,East,346,Debit Card,4.43
502429,2026-04-21,2026-04-21 10:45:00,Harbor Point,South,374,Credit Card,3.94
502430,2026-04-21,2026-04-21 13:16:00,Uptown Mall,East,307,Credit Card,3.9
502431,2026-04-21,2026-04-21 09:00:00,Airport Kiosk,West,202,Mobile Pay,14.4
502432,2026-04-21,2026-04-21 07:15:00,Downtown,North,279,Credit Card,2.96
502433,2026-04-21,2026-04-21 09:00:00,Uptown Mall,East,505,Credit Card,18.95
502434,2026-04-21,2026-04-21 13:31:00,Riverside,South,244,Debit Card,16.31
502435,2026-04-21,2026-04-21 08:47:00,Airport Kiosk,West,754,Credit Card,3.47
502436,2026-04-21,2026-04-21 18:58:00,Uptown Mall,East,660,Credit Card,7.61
502437,2026-04-21,2026-04-21 12:08:00,Uptown Mall,East,178,Credit Card,4.14
502438,2026-04-21,2026-04-21 12:04:00,Downtown,North,551,Cash,11.45
502439,2026-04-21,2026-04-21 12:35:00,Airport Kiosk,West,132,Debit Card,9.48
502440,2026-04-21,2026-04-21 11:43:00,Riverside,South,874,Mobile Pay,20.37
502441,2026-04-21,2026-04-21 12:03:00,Uptown Mall,East,452,Mobile Pay,3.23
502442,2026-04-21,2026-04-21 12:16:00,Airport Kiosk,West,144,Cash,2.7
502443,2026-04-21,2026-04-21 10:59:00,Uptown Mall,East,697,Debit Card,3.98
502444,2026-04-21,2026-04-21 09:54:00,Harbor Point,South,886,Mobile Pay,4.71
502445,2026-04-21,2026-04-21 08:55:00,Downtown,North,505,Mobile Pay,6.89
502446,2026-04-21,2026-04-21 13:44:00,Harbor Point,South,316,Mobile Pay,2.98
502447,2026-04-22,2026-04-22 12:11:00,Riverside,South,402,Cash,7.61
502448,2026-04-22,2026-04-22 14:10:00,Uptown Mall,East,376,Credit Card,6.4
502449,2026-04-22,2026-04-22 17:49:00,Harbor Point,South,226,Credit Card,23.53
502450,2026-04-22,2026-04-22 11:38:00,Downtown,North,129,Mobile Pay,3.94
502451,2026-04-22,2026-04-22 16:35:00,Riverside,South,67,Credit Card,2.47
502452,2026-04-22,2026-04-22 08:19:00,Harbor Point,South,745,Mobile Pay,3.46
502453,2026-04-22,2026-04-22 16:26:00,Riverside,South,717,Cash,16.38
502454,2026-04-22,2026-04-22 09:52:00,Downtown,North,778,Debit Card,3.17
502455,2026-04-22,2026-04-22 07:39:00,Uptown Mall,East,325,Credit Card,11.79
502456,2026-04-22,2026-04-22 13:34:00,Riverside,South,299,Debit Card,19.88
502457,2026-04-22,2026-04-22 10:43:00,Riverside,South,283,Credit Card,4.7
502458,2026-04-22,2026-04-22 12:56:00,Downtown,North,354,Debit Card,7.6
502459,2026-04-22,2026-04-22 09:13:00,Airport Kiosk,West,191,Credit Card,2.44
502460,2026-04-22,2026-04-22 08:49:00,Riverside,South,109,Cash,2.5
502461,2026-04-22,2026-04-22 17:22:00,Riverside,South,328,Credit Card,10.69
502462,2026-04-22,2026-04-22 07:13:00,Riverside,South,279,Debit Card,8.28
502463,2026-04-22,2026-04-22 09:46:00,Downtown,North,245,Debit Card,10.39
502464,2026-04-22,2026-04-22 12:59:00,Downtown,North,518,Cash,16.29
502465,2026-04-22,2026-04-22 08:21:00,Uptown Mall,East,622,Mobile Pay,11.79
502466,2026-04-22,2026-04-22 13:13:00,Airport Kiosk,West,474,Debit Card,2.45
502467,2026-04-22,2026-04-22 12:39:00,Airport Kiosk,West,541,Cash,10.08
502468,2026-04-22,2026-04-22 08:52:00,Airport Kiosk,West,415,Debit Card,5.89
502469,2026-04-22,2026-04-22 14:18:00,Uptown Mall,East,3,Debit Card,18.21
502470,2026-04-22,2026-04-22 15:10:00,Harbor Point,South,484,Credit Card,23.79
502471,2026-04-22,2026-04-22 16:08:00,Riverside,South,679,Credit Card,10.38
502472,2026-04-23,2026-04-23 07:36:00,Airport Kiosk,West,483,Debit Card,6.11
502473,2026-04-23,2026-04-23 09:47:00,Harbor Point,South,275,Cash,28.62
502474,2026-04-23,2026-04-23 11:05:00,Uptown Mall,East,625,Mobile Pay,3.18
502475,2026-04-23,2026-04-23 08:57:00,Downtown,North,746,Credit Card,6.86
502476,2026-04-23,2026-04-23 08:45:00,Riverside,South,383,Cash,15.34
502477,2026-04-23,2026-04-23 18:43:00,Airport Kiosk,West,817,Credit Card,18.79
502478,2026-04-23,2026-04-23 07:19:00,Airport Kiosk,West,687,Credit Card,21.14
502479,2026-04-23,2026-04-23 17:06:00,Uptown Mall,East,29,Debit Card,16.11
502480,2026-04-23,2026-04-23 09:15:00,Harbor Point,South,887,Credit Card,3.47
502481,2026-04-23,2026-04-23 11:04:00,Uptown Mall,East,765,Credit Card,17.62
502482,2026-04-23,2026-04-23 12:52:00,Uptown Mall,East,216,Cash,9.3
502483,2026-04-23,2026-04-23 17:45:00,Downtown,North,660,Credit Card,13.69
502484,2026-04-23,2026-04-23 08:18:00,Downtown,North,501,Credit Card,26.49
502485,2026-04-23,2026-04-23 08:02:00,Airport Kiosk,West,660,Debit Card,21.65
502486,2026-04-23,2026-04-23 18:02:00,Harbor Point,South,187,Cash,4.21
502487,2026-04-23,2026-04-23 08:19:00,Harbor Point,South,597,Credit Card,2.69
502488,2026-04-23,2026-04-23 08:33:00,Airport Kiosk,West,596,Credit Card,6.84
502489,2026-04-23,2026-04-23 17:51:00,Harbor Point,South,39,Debit Card,3.49
502490,2026-04-23,2026-04-23 16:53:00,Uptown Mall,East,473,Mobile Pay,7.35
502491,2026-04-23,2026-04-23 11:16:00,Downtown,North,537,Mobile Pay,2.75
502492,2026-04-24,2026-04-24 15:40:00,Downtown,North,605,Debit Card,2.74
502493,2026-04-24,2026-04-24 16:37:00,Downtown,North,542,Cash,2.48
502494,2026-04-24,2026-04-24 07:00:00,Downtown,North,691,Cash,7.83
502495,2026-04-24,2026-04-24 09:41:00,Downtown,North,559,Debit Card,3.46
502496,2026-04-24,2026-04-24 16:31:00,Harbor Point,South,480,Mobile Pay,8.59
502497,2026-04-24,2026-04-24 09:39:00,Airport Kiosk,West,853,Mobile Pay,12.81
502498,2026-04-24,2026-04-24 15:48:00,Uptown Mall,East,786,Cash,7.52
502499,2026-04-24,2026-04-24 08:06:00,Harbor Point,South,436,Debit Card,8.09
502500,2026-04-24,2026-04-24 17:23:00,Harbor Point,South,281,Debit Card,31.38
502501,2026-04-24,2026-04-24 17:20:00,Downtown,North,711,Credit Card,15.43
502502,2026-04-24,2026-04-24 08:15:00,Riverside,South,100,Credit Card,3.16
502503,2026-04-24,2026-04-24 08:01:00,Airport Kiosk,West,385,Mobile Pay,6.15
502504,2026-04-24,2026-04-24 12:35:00,Airport Kiosk,West,668,Cash,3.96
502505,2026-04-24,2026-04-24 15:47:00,Airport Kiosk,West,374,Credit Card,7.0
502506,2026-04-24,2026-04-24 14:40:00,Harbor Point,South,51,Credit Card,4.64
502507,2026-04-24,2026-04-24 14:16:00,Uptown Mall,East,237,Mobile Pay,4.65
502508,2026-04-24,2026-04-24 07:41:00,Airport Kiosk,West,315,Cash,16.22
502509,2026-04-24,2026-04-24 13:35:00,Downtown,North,559,Mobile Pay,18.83
502510,2026-04-24,2026-04-24 15:29:00,Harbor Point,South,238,Credit Card,18.08
502511,2026-04-24,2026-04-24 11:16:00,Downtown,North,204,Credit Card,7.88
502512,2026-04-24,2026-04-24 14:15:00,Harbor Point,South,556,Credit Card,2.96
502513,2026-04-24,2026-04-24 11:17:00,Downtown,North,893,Cash,10.46
502514,2026-04-24,2026-04-24 09:41:00,Riverside,South,391,Credit Card,8.38
502515,2026-04-24,2026-04-24 07:54:00,Harbor Point,South,212,Debit Card,7.39
502516,2026-04-24,2026-04-24 18:25:00,Harbor Point,South,557,Debit Card,8.17
502517,2026-04-24,2026-04-24 10:04:00,Uptown Mall,East,678,Credit Card,8.6
502518,2026-04-24,2026-04-24 14:36:00,Airport Kiosk,West,508,Mobile Pay,4.21
502519,2026-04-24,2026-04-24 17:38:00,Airport Kiosk,West,449,Credit Card,9.33
502520,2026-04-25,2026-04-25 09:21:00,Uptown Mall,East,494,Credit Card,4.64
502521,2026-04-25,2026-04-25 07:48:00,Airport Kiosk,West,230,Credit Card,3.43
502522,2026-04-25,2026-04-25 13:00:00,Harbor Point,South,22,Cash,14.74
502523,2026-04-25,2026-04-25 13:05:00,Harbor Point,South,676,Cash,3.95
502524,2026-04-25,2026-04-25 12:04:00,Uptown Mall,East,211,Cash,11.57
502525,2026-04-25,2026-04-25 08:09:00,Riverside,South,38,Credit Card,12.19
502526,2026-04-25,2026-04-25 13:05:00,Riverside,South,617,Mobile Pay,14.27
502527,2026-04-25,2026-04-25 14:01:00,Downtown,North,264,Debit Card,11.5
502528,2026-04-25,2026-04-25 17:48:00,Airport Kiosk,West,192,Credit Card,11.94
502529,2026-04-25,2026-04-25 14:01:00,Riverside,South,871,Mobile Pay,7.88
502530,2026-04-25,2026-04-25 12:26:00,Uptown Mall,East,61,Debit Card,14.82
502531,2026-04-25,2026-04-25 09:34:00,Downtown,North,616,Debit Card,18.39
502532,2026-04-25,2026-04-25 11:10:00,Airport Kiosk,West,222,Cash,21.4
502533,2026-04-25,2026-04-25 08:12:00,Downtown,North,158,Mobile Pay,4.86
502534,2026-04-25,2026-04-25 08:50:00,Riverside,South,783,Mobile Pay,15.56
502535,2026-04-25,2026-04-25 08:04:00,Harbor Point,South,433,Debit Card,4.47
502536,2026-04-25,2026-04-25 12:24:00,Downtown,North,70,Credit Card,11.41
502537,2026-04-25,2026-04-25 16:34:00,Riverside,South,77,Cash,15.42
502538,2026-04-25,2026-04-25 13:15:00,Airport Kiosk,West,36,Debit Card,11.24
502539,2026-04-25,2026-04-25 08:24:00,Riverside,South,811,Mobile Pay,9.54
502540,2026-04-25,2026-04-25 13:36:00,Downtown,North,364,Mobile Pay,4.4
502541,2026-04-25,2026-04-25 14:50:00,Riverside,South,268,Debit Card,4.44
502542,2026-04-25,2026-04-25 07:53:00,Riverside,South,872,Debit Card,2.75
502543,2026-04-25,2026-04-25 18:26:00,Airport Kiosk,West,776,Credit Card,4.62
502544,2026-04-25,2026-04-25 08:30:00,Uptown Mall,East,167,Debit Card,16.44
502545,2026-04-25,2026-04-25 14:08:00,Riverside,South,117,Credit Card,3.65
502546,2026-04-25,2026-04-25 09:10:00,Downtown,North,850,Debit Card,8.16
502547,2026-04-26,2026-04-26 14:51:00,Riverside,South,541,Credit Card,3.49
502548,2026-04-26,2026-04-26 08:42:00,Riverside,South,352,Cash,16.54
502549,2026-04-26,2026-04-26 07:07:00,Riverside,South,678,Debit Card,4.16
502550,2026-04-26,2026-04-26 09:04:00,Riverside,South,560,Credit Card,4.18
502551,2026-04-26,2026-04-26 15:51:00,Airport Kiosk,West,643,Credit Card,22.67
502552,2026-04-26,2026-04-26 15:29:00,Downtown,North,357,Mobile Pay,4.47
502553,2026-04-26,2026-04-26 12:48:00,Harbor Point,South,55,Mobile Pay,14.79
502554,2026-04-26,2026-04-26 10:08:00,Downtown,North,714,Debit Card,20.06
502555,2026-04-26,2026-04-26 17:26:00,Downtown,North,43,Cash,4.71
502556,2026-04-26,2026-04-26 10:23:00,Harbor Point,South,276,Debit Card,3.16
502557,2026-04-26,2026-04-26 11:36:00,Uptown Mall,East,387,Mobile Pay,3.69
502558,2026-04-26,2026-04-26 08:56:00,Harbor Point,South,240,Debit Card,14.25
502559,2026-04-26,2026-04-26 12:11:00,Riverside,South,668,Cash,11.67
502560,2026-04-26,2026-04-26 10:29:00,Downtown,North,789,Mobile Pay,16.32
502561,2026-04-26,2026-04-26 14:52:00,Riverside,South,620,Credit Card,11.04
502562,2026-04-26,2026-04-26 09:51:00,Airport Kiosk,West,1,Mobile Pay,14.36
502563,2026-04-26,2026-04-26 12:11:00,Riverside,South,716,Cash,15.1
502564,2026-04-26,2026-04-26 13:29:00,Airport Kiosk,West,816,Debit Card,17.96
502565,2026-04-26,2026-04-26 14:47:00,Airport Kiosk,West,663,Cash,18.85
502566,2026-04-26,2026-04-26 10:44:00,Airport Kiosk,West,795,Cash,2.97
502567,2026-04-26,2026-04-26 08:49:00,Airport Kiosk,West,439,Debit Card,15.38
502568,2026-04-26,2026-04-26 09:31:00,Airport Kiosk,West,854,Credit Card,6.14
502569,2026-04-26,2026-04-26 11:40:00,Uptown Mall,East,198,Credit Card,2.45
502570,2026-04-26,2026-04-26 08:42:00,Downtown,North,638,Credit Card,10.97
502571,2026-04-26,2026-04-26 14:56:00,Airport Kiosk,West,864,Mobile Pay,9.93
502572,2026-04-26,2026-04-26 10:56:00,Harbor Point,South,769,Credit Card,7.5
502573,2026-04-26,2026-04-26 08:53:00,Riverside,South,732,Debit Card,8.25
502574,2026-04-26,2026-04-26 13:57:00,Harbor Point,South,730,Credit Card,15.08
502575,2026-04-27,2026-04-27 09:34:00,Uptown Mall,East,317,Cash,25.68
502576,2026-04-27,2026-04-27 11:18:00,Airport Kiosk,West,319,Cash,2.69
502577,2026-04-27,2026-04-27 10:38:00,Downtown,North,132,Credit Card,7.93
502578,2026-04-27,2026-04-27 09:59:00,Riverside,South,199,Debit Card,3.72
502579,2026-04-27,2026-04-27 09:02:00,Riverside,South,439,Mobile Pay,2.45
502580,2026-04-27,2026-04-27 11:17:00,Harbor Point,South,426,Debit Card,14.37
502581,2026-04-27,2026-04-27 07:33:00,Harbor Point,South,457,Debit Card,22.92
502582,2026-04-27,2026-04-27 08:06:00,Downtown,North,368,Cash,23.6
502583,2026-04-27,2026-04-27 12:55:00,Downtown,North,747,Mobile Pay,3.48
502584,2026-04-27,2026-04-27 09:17:00,Uptown Mall,East,606,Debit Card,5.93
502585,2026-04-27,2026-04-27 07:14:00,Airport Kiosk,West,599,Mobile Pay,11.41
502586,2026-04-27,2026-04-27 07:05:00,Harbor Point,South,483,Mobile Pay,14.85
502587,2026-04-27,2026-04-27 14:16:00,Airport Kiosk,West,642,Cash,8.35
502588,2026-04-27,2026-04-27 13:45:00,Riverside,South,231,Debit Card,10.87
502589,2026-04-27,2026-04-27 13:59:00,Harbor Point,South,573,Cash,18.89
502590,2026-04-27,2026-04-27 13:42:00,Downtown,North,704,Credit Card,6.92
502591,2026-04-27,2026-04-27 11:43:00,Downtown,North,633,Debit Card,2.69
502592,2026-04-27,2026-04-27 10:36:00,Riverside,South,810,Debit Card,9.1
502593,2026-04-27,2026-04-27 08:41:00,Uptown Mall,East,748,Mobile Pay,6.9
502594,2026-04-27,2026-04-27 09:10:00,Airport Kiosk,West,185,Credit Card,5.48
502595,2026-04-27,2026-04-27 10:59:00,Riverside,South,43,Cash,4.67
502596,2026-04-27,2026-04-27 17:49:00,Harbor Point,South,283,Debit Card,11.5
502597,2026-04-27,2026-04-27 07:47:00,Riverside,South,829,Debit Card,4.94
502598,2026-04-27,2026-04-27 09:03:00,Downtown,North,136,Credit Card,3.44
502599,2026-04-27,2026-04-27 07:33:00,Riverside,South,821,Debit Card,15.34
502600,2026-04-27,2026-04-27 17:18:00,Uptown Mall,East,878,Debit Card,5.98
502601,2026-04-27,2026-04-27 15:54:00,Uptown Mall,East,434,Mobile Pay,17.23
502602,2026-04-27,2026-04-27 08:43:00,Riverside,South,390,Cash,3.41
502603,2026-04-27,2026-04-27 08:28:00,Harbor Point,South,881,Mobile Pay,6.66
502604,2026-04-28,2026-04-28 09:29:00,Downtown,North,566,Credit Card,7.58
502605,2026-04-28,2026-04-28 17:25:00,Harbor Point,South,401,Credit Card,6.8
502606,2026-04-28,2026-04-28 11:45:00,Downtown,North,137,Mobile Pay,6.85
502607,2026-04-28,2026-04-28 07:46:00,Riverside,South,411,Debit Card,2.47
502608,2026-04-28,2026-04-28 17:00:00,Riverside,South,220,Credit Card,10.33
502609,2026-04-28,2026-04-28 14:59:00,Downtown,North,13,Credit Card,15.06
502610,2026-04-28,2026-04-28 10:39:00,Riverside,South,793,Credit Card,2.47
502611,2026-04-28,2026-04-28 16:20:00,Uptown Mall,East,816,Debit Card,8.18
502612,2026-04-28,2026-04-28 07:59:00,Riverside,South,726,Credit Card,3.41
502613,2026-04-28,2026-04-28 12:52:00,Airport Kiosk,West,58,Credit Card,9.92
502614,2026-04-28,2026-04-28 08:43:00,Downtown,North,496,Credit Card,12.26
502615,2026-04-28,2026-04-28 15:08:00,Riverside,South,659,Cash,4.48
502616,2026-04-28,2026-04-28 11:06:00,Riverside,South,149,Credit Card,16.03
502617,2026-04-28,2026-04-28 09:25:00,Downtown,North,101,Cash,11.56
502618,2026-04-28,2026-04-28 09:23:00,Downtown,North,429,Mobile Pay,4.22
502619,2026-04-28,2026-04-28 15:37:00,Harbor Point,South,727,Debit Card,17.23
502620,2026-04-28,2026-04-28 08:41:00,Airport Kiosk,West,585,Mobile Pay,9.78
502621,2026-04-28,2026-04-28 11:32:00,Uptown Mall,East,160,Cash,8.15
502622,2026-04-28,2026-04-28 14:40:00,Downtown,North,835,Credit Card,4.71
502623,2026-04-28,2026-04-28 12:44:00,Uptown Mall,East,207,Debit Card,9.88
502624,2026-04-29,2026-04-29 08:51:00,Uptown Mall,East,428,Mobile Pay,20.8
502625,2026-04-29,2026-04-29 08:18:00,Airport Kiosk,West,394,Mobile Pay,12.08
502626,2026-04-29,2026-04-29 13:26:00,Airport Kiosk,West,408,Credit Card,4.72
502627,2026-04-29,2026-04-29 18:41:00,Riverside,South,682,Credit Card,35.5
502628,2026-04-29,2026-04-29 13:21:00,Downtown,North,516,Mobile Pay,4.42
502629,2026-04-29,2026-04-29 08:23:00,Riverside,South,714,Credit Card,3.46
502630,2026-04-29,2026-04-29 10:40:00,Riverside,South,69,Mobile Pay,8.82
502631,2026-04-29,2026-04-29 12:25:00,Downtown,North,184,Cash,11.65
502632,2026-04-29,2026-04-29 10:00:00,Harbor Point,South,832,Mobile Pay,9.88
502633,2026-04-29,2026-04-29 09:04:00,Harbor Point,South,621,Credit Card,20.07
502634,2026-04-29,2026-04-29 09:58:00,Harbor Point,South,581,Debit Card,7.84
502635,2026-04-29,2026-04-29 07:04:00,Riverside,South,819,Credit Card,5.84
502636,2026-04-29,2026-04-29 12:20:00,Downtown,North,545,Cash,3.42
502637,2026-04-30,2026-04-30 13:33:00,Uptown Mall,East,434,Cash,7.57
502638,2026-04-30,2026-04-30 08:18:00,Airport Kiosk,West,443,Debit Card,5.98
502639,2026-04-30,2026-04-30 18:55:00,Harbor Point,South,265,Mobile Pay,21.71
502640,2026-04-30,2026-04-30 17:40:00,Downtown,North,235,Debit Card,3.75
502641,2026-04-30,2026-04-30 11:53:00,Airport Kiosk,West,620,Debit Card,23.93
502642,2026-04-30,2026-04-30 14:23:00,Airport Kiosk,West,236,Credit Card,10.05
502643,2026-04-30,2026-04-30 08:06:00,Uptown Mall,East,839,Debit Card,2.92
502644,2026-04-30,2026-04-30 16:48:00,Riverside,South,434,Credit Card,7.94
502645,2026-04-30,2026-04-30 17:01:00,Uptown Mall,East,163,Credit Card,14.91
502646,2026-04-30,2026-04-30 08:07:00,Downtown,North,106,Credit Card,6.8
502647,2026-04-30,2026-04-30 09:04:00,Riverside,South,855,Debit Card,3.9
502648,2026-04-30,2026-04-30 08:27:00,Riverside,South,304,Debit Card,5.18
502649,2026-04-30,2026-04-30 11:13:00,Riverside,South,299,Debit Card,3.46
502650,2026-04-30,2026-04-30 10:22:00,Riverside,South,26,Mobile Pay,3.43
502651,2026-04-30,2026-04-30 13:53:00,Uptown Mall,East,154,Credit Card,20.27
502652,2026-04-30,2026-04-30 12:05:00,Harbor Point,South,785,Credit Card,11.02
502653,2026-04-30,2026-04-30 12:05:00,Uptown Mall,East,845,Credit Card,16.81
502654,2026-04-30,2026-04-30 12:27:00,Uptown Mall,East,781,Credit Card,7.81
502655,2026-04-30,2026-04-30 18:17:00,Downtown,North,379,Cash,14.6
502656,2026-04-30,2026-04-30 09:36:00,Downtown,North,342,Credit Card,13.85
502657,2026-04-30,2026-04-30 08:53:00,Uptown Mall,East,641,Cash,7.48
502658,2026-04-30,2026-04-30 11:29:00,Airport Kiosk,West,131,Mobile Pay,26.95
502659,2026-04-30,2026-04-30 09:25:00,Airport Kiosk,West,299,Credit Card,3.24
502660,2026-04-30,2026-04-30 14:52:00,Uptown Mall,East,515,Credit Card,9.12
502661,2026-04-30,2026-04-30 18:58:00,Downtown,North,275,Credit Card,4.66
502662,2026-04-30,2026-04-30 08:54:00,Downtown,North,49,Cash,3.92
502663,2026-04-30,2026-04-30 10:36:00,Harbor Point,South,778,Debit Card,12.66
502664,2026-04-30,2026-04-30 13:59:00,Riverside,South,490,Credit Card,2.94
502665,2026-05-01,2026-05-01 13:51:00,Uptown Mall,East,802,Cash,7.31
502666,2026-05-01,2026-05-01 09:28:00,Downtown,North,347,Cash,19.79
502667,2026-05-01,2026-05-01 12:31:00,Airport Kiosk,West,34,Debit Card,2.93
502668,2026-05-01,2026-05-01 12:51:00,Harbor Point,South,62,Credit Card,3.17
502669,2026-05-01,2026-05-01 15:32:00,Downtown,North,703,Cash,24.63
502670,2026-05-01,2026-05-01 13:15:00,Riverside,South,893,Credit Card,23.42
502671,2026-05-01,2026-05-01 07:34:00,Uptown Mall,East,751,Debit Card,34.52
502672,2026-05-01,2026-05-01 10:30:00,Riverside,South,654,Credit Card,18.26
502673,2026-05-01,2026-05-01 13:17:00,Downtown,North,55,Credit Card,26.28
502674,2026-05-01,2026-05-01 11:04:00,Airport Kiosk,West,581,Mobile Pay,8.94
502675,2026-05-01,2026-05-01 11:47:00,Harbor Point,South,132,Debit Card,4.24
502676,2026-05-01,2026-05-01 08:34:00,Uptown Mall,East,694,Mobile Pay,3.4
502677,2026-05-01,2026-05-01 09:39:00,Airport Kiosk,West,29,Cash,3.41
502678,2026-05-01,2026-05-01 13:26:00,Riverside,South,374,Mobile Pay,12.51
502679,2026-05-02,2026-05-02 09:23:00,Downtown,North,5,Cash,7.48
502680,2026-05-02,2026-05-02 14:35:00,Harbor Point,South,207,Debit Card,3.21
502681,2026-05-02,2026-05-02 15:44:00,Airport Kiosk,West,35,Mobile Pay,15.1
502682,2026-05-02,2026-05-02 10:06:00,Harbor Point,South,412,Cash,6.63
502683,2026-05-02,2026-05-02 08:43:00,Harbor Point,South,555,Credit Card,8.49
502684,2026-05-02,2026-05-02 12:12:00,Uptown Mall,East,225,Cash,4.92
502685,2026-05-02,2026-05-02 10:16:00,Harbor Point,South,78,Credit Card,18.37
502686,2026-05-02,2026-05-02 13:17:00,Harbor Point,South,396,Credit Card,4.18
502687,2026-05-02,2026-05-02 13:09:00,Uptown Mall,East,821,Debit Card,8.48
502688,2026-05-02,2026-05-02 15:13:00,Airport Kiosk,West,202,Credit Card,5.95
502689,2026-05-02,2026-05-02 09:44:00,Downtown,North,839,Credit Card,8.04
502690,2026-05-02,2026-05-02 18:03:00,Uptown Mall,East,536,Credit Card,4.4
502691,2026-05-02,2026-05-02 17:46:00,Airport Kiosk,West,762,Credit Card,8.15
502692,2026-05-02,2026-05-02 13:39:00,Uptown Mall,East,419,Credit Card,7.58
502693,2026-05-02,2026-05-02 09:56:00,Harbor Point,South,154,Debit Card,16.58
502694,2026-05-02,2026-05-02 08:07:00,Riverside,South,456,Debit Card,20.74
502695,2026-05-02,2026-05-02 07:35:00,Airport Kiosk,West,541,Credit Card,6.94
502696,2026-05-02,2026-05-02 15:11:00,Uptown Mall,East,751,Mobile Pay,13.93
502697,2026-05-02,2026-05-02 10:19:00,Airport Kiosk,West,518,Debit Card,3.68
502698,2026-05-02,2026-05-02 10:01:00,Harbor Point,South,872,Cash,15.35
502699,2026-05-02,2026-05-02 08:08:00,Downtown,North,278,Credit Card,21.22
502700,2026-05-02,2026-05-02 09:45:00,Uptown Mall,East,271,Credit Card,5.5
502701,2026-05-02,2026-05-02 16:19:00,Riverside,South,416,Credit Card,12.47
502702,2026-05-02,2026-05-02 10:10:00,Riverside,South,36,Cash,16.11
502703,2026-05-02,2026-05-02 12:51:00,Uptown Mall,East,799,Credit Card,13.46
502704,2026-05-02,2026-05-02 16:16:00,Riverside,South,656,Credit Card,6.91
502705,2026-05-02,2026-05-02 07:15:00,Uptown Mall,East,886,Debit Card,15.57
502706,2026-05-02,2026-05-02 10:20:00,Uptown Mall,East,879,Debit Card,9.9
502707,2026-05-02,2026-05-02 13:54:00,Downtown,North,861,Credit Card,21.19
502708,2026-05-02,2026-05-02 13:50:00,Harbor Point,South,786,Credit Card,8.4
502709,2026-05-02,2026-05-02 08:21:00,Uptown Mall,East,410,Mobile Pay,19.48
502710,2026-05-02,2026-05-02 09:30:00,Uptown Mall,East,324,Credit Card,14.99
502711,2026-05-02,2026-05-02 17:23:00,Uptown Mall,East,382,Credit Card,13.38
502712,2026-05-02,2026-05-02 11:05:00,Downtown,North,508,Credit Card,11.9
502713,2026-05-02,2026-05-02 10:11:00,Harbor Point,South,586,Credit Card,2.43
502714,2026-05-02,2026-05-02 18:26:00,Riverside,South,273,Debit Card,8.88
502715,2026-05-02,2026-05-02 16:58:00,Downtown,North,751,Cash,7.42
502716,2026-05-02,2026-05-02 11:40:00,Riverside,South,100,Credit Card,7.69
502717,2026-05-02,2026-05-02 18:07:00,Riverside,South,384,Debit Card,7.2
502718,2026-05-03,2026-05-03 10:46:00,Harbor Point,South,245,Debit Card,10.74
502719,2026-05-03,2026-05-03 08:20:00,Uptown Mall,East,147,Mobile Pay,3.18
502720,2026-05-03,2026-05-03 09:46:00,Riverside,South,307,Credit Card,15.99
502721,2026-05-03,2026-05-03 17:15:00,Harbor Point,South,442,Credit Card,19.82
502722,2026-05-03,2026-05-03 07:45:00,Harbor Point,South,485,Debit Card,7.62
502723,2026-05-03,2026-05-03 09:10:00,Harbor Point,South,395,Cash,5.9
502724,2026-05-03,2026-05-03 17:35:00,Uptown Mall,East,62,Debit Card,7.64
502725,2026-05-03,2026-05-03 11:52:00,Harbor Point,South,559,Credit Card,8.2
502726,2026-05-03,2026-05-03 12:26:00,Uptown Mall,East,417,Mobile Pay,8.1
502727,2026-05-03,2026-05-03 11:46:00,Riverside,South,52,Mobile Pay,7.57
502728,2026-05-03,2026-05-03 09:54:00,Riverside,South,137,Debit Card,6.18
502729,2026-05-03,2026-05-03 09:34:00,Harbor Point,South,863,Credit Card,15.43
502730,2026-05-03,2026-05-03 09:37:00,Airport Kiosk,West,877,Mobile Pay,8.05
502731,2026-05-03,2026-05-03 13:17:00,Riverside,South,608,Credit Card,3.88
502732,2026-05-03,2026-05-03 13:25:00,Downtown,North,627,Credit Card,15.58
502733,2026-05-03,2026-05-03 15:49:00,Downtown,North,691,Debit Card,11.04
502734,2026-05-03,2026-05-03 13:53:00,Uptown Mall,East,627,Mobile Pay,3.98
502735,2026-05-03,2026-05-03 14:09:00,Riverside,South,459,Cash,2.44
502736,2026-05-03,2026-05-03 09:35:00,Harbor Point,South,763,Debit Card,15.88
502737,2026-05-03,2026-05-03 17:40:00,Harbor Point,South,886,Cash,4.18
502738,2026-05-03,2026-05-03 09:23:00,Riverside,South,707,Credit Card,3.99
502739,2026-05-03,2026-05-03 08:27:00,Downtown,North,884,Cash,3.7
502740,2026-05-03,2026-05-03 07:36:00,Downtown,North,403,Credit Card,3.42
502741,2026-05-03,2026-05-03 09:38:00,Riverside,South,253,Mobile Pay,7.65
502742,2026-05-03,2026-05-03 12:26:00,Downtown,North,435,Mobile Pay,8.21
502743,2026-05-03,2026-05-03 15:12:00,Uptown Mall,East,768,Debit Card,14.95
502744,2026-05-03,2026-05-03 12:51:00,Airport Kiosk,West,746,Cash,3.19
502745,2026-05-03,2026-05-03 12:06:00,Airport Kiosk,West,426,Mobile Pay,6.15
502746,2026-05-03,2026-05-03 08:57:00,Downtown,North,843,Mobile Pay,4.66
502747,2026-05-03,2026-05-03 18:37:00,Riverside,South,67,Cash,6.82
502748,2026-05-03,2026-05-03 08:32:00,Uptown Mall,East,154,Credit Card,6.19
502749,2026-05-03,2026-05-03 09:14:00,Uptown Mall,East,240,Cash,3.24
502750,2026-05-03,2026-05-03 10:07:00,Riverside,South,29,Mobile Pay,7.15
502751,2026-05-03,2026-05-03 08:48:00,Riverside,South,781,Credit Card,8.36
502752,2026-05-03,2026-05-03 16:22:00,Uptown Mall,East,365,Mobile Pay,8.63
502753,2026-05-03,2026-05-03 12:58:00,Uptown Mall,East,16,Credit Card,9.73
502754,2026-05-03,2026-05-03 09:28:00,Harbor Point,South,387,Debit Card,27.45
502755,2026-05-03,2026-05-03 08:58:00,Downtown,North,788,Credit Card,6.67
502756,2026-05-03,2026-05-03 12:51:00,Uptown Mall,East,500,Credit Card,12.67
502757,2026-05-03,2026-05-03 07:23:00,Uptown Mall,East,213,Credit Card,2.7
502758,2026-05-03,2026-05-03 09:12:00,Riverside,South,104,Cash,6.81
502759,2026-05-04,2026-05-04 09:26:00,Airport Kiosk,West,697,Credit Card,34.18
502760,2026-05-04,2026-05-04 09:17:00,Downtown,North,231,Mobile Pay,13.28
502761,2026-05-04,2026-05-04 11:54:00,Airport Kiosk,West,38,Mobile Pay,8.13
502762,2026-05-04,2026-05-04 15:35:00,Harbor Point,South,511,Debit Card,14.87
502763,2026-05-04,2026-05-04 12:57:00,Airport Kiosk,West,472,Mobile Pay,7.67
502764,2026-05-04,2026-05-04 14:42:00,Downtown,North,551,Credit Card,8.03
502765,2026-05-04,2026-05-04 13:32:00,Downtown,North,181,Mobile Pay,6.62
502766,2026-05-04,2026-05-04 14:47:00,Uptown Mall,East,392,Mobile Pay,3.48
502767,2026-05-04,2026-05-04 14:22:00,Downtown,North,504,Credit Card,29.59
502768,2026-05-04,2026-05-04 07:12:00,Harbor Point,South,84,Credit Card,6.48
502769,2026-05-04,2026-05-04 10:40:00,Airport Kiosk,West,492,Mobile Pay,13.49
502770,2026-05-04,2026-05-04 14:55:00,Riverside,South,673,Mobile Pay,13.65
502771,2026-05-04,2026-05-04 11:57:00,Uptown Mall,East,93,Cash,23.0
502772,2026-05-05,2026-05-05 08:26:00,Riverside,South,678,Cash,5.93
502773,2026-05-05,2026-05-05 13:41:00,Riverside,South,655,Credit Card,2.67
502774,2026-05-05,2026-05-05 18:27:00,Airport Kiosk,West,27,Debit Card,11.61
502775,2026-05-05,2026-05-05 12:03:00,Uptown Mall,East,658,Mobile Pay,19.23
502776,2026-05-05,2026-05-05 12:21:00,Riverside,South,51,Mobile Pay,8.18
502777,2026-05-05,2026-05-05 11:53:00,Uptown Mall,East,26,Credit Card,4.15
502778,2026-05-05,2026-05-05 09:23:00,Airport Kiosk,West,205,Mobile Pay,23.86
502779,2026-05-05,2026-05-05 17:04:00,Airport Kiosk,West,586,Credit Card,3.42
502780,2026-05-05,2026-05-05 12:22:00,Riverside,South,310,Mobile Pay,16.43
502781,2026-05-05,2026-05-05 08:13:00,Riverside,South,59,Credit Card,8.8
502782,2026-05-05,2026-05-05 11:56:00,Harbor Point,South,376,Debit Card,8.33
502783,2026-05-05,2026-05-05 17:54:00,Airport Kiosk,West,728,Credit Card,3.65
502784,2026-05-05,2026-05-05 09:28:00,Harbor Point,South,578,Credit Card,7.55
502785,2026-05-05,2026-05-05 07:41:00,Harbor Point,South,4,Debit Card,3.75
502786,2026-05-05,2026-05-05 08:01:00,Harbor Point,South,823,Mobile Pay,6.43
502787,2026-05-05,2026-05-05 10:39:00,Riverside,South,393,Cash,11.08
502788,2026-05-05,2026-05-05 12:17:00,Airport Kiosk,West,161,Mobile Pay,23.82
502789,2026-05-05,2026-05-05 08:41:00,Riverside,South,213,Debit Card,19.58
502790,2026-05-05,2026-05-05 08:22:00,Harbor Point,South,221,Debit Card,15.46
502791,2026-05-05,2026-05-05 18:33:00,Harbor Point,South,338,Credit Card,3.92
502792,2026-05-06,2026-05-06 18:47:00,Airport Kiosk,West,527,Debit Card,6.61
502793,2026-05-06,2026-05-06 18:21:00,Airport Kiosk,West,636,Mobile Pay,7.69
502794,2026-05-06,2026-05-06 07:01:00,Airport Kiosk,West,552,Credit Card,12.64
502795,2026-05-06,2026-05-06 07:40:00,Downtown,North,438,Debit Card,7.15
502796,2026-05-06,2026-05-06 10:18:00,Downtown,North,712,Cash,12.02
502797,2026-05-06,2026-05-06 13:27:00,Airport Kiosk,West,632,Cash,7.68
502798,2026-05-06,2026-05-06 09:04:00,Airport Kiosk,West,48,Mobile Pay,3.4
502799,2026-05-06,2026-05-06 14:36:00,Airport Kiosk,West,474,Cash,3.71
502800,2026-05-06,2026-05-06 09:52:00,Uptown Mall,East,426,Mobile Pay,18.07
502801,2026-05-06,2026-05-06 11:56:00,Harbor Point,South,215,Debit Card,3.42
502802,2026-05-06,2026-05-06 11:59:00,Airport Kiosk,West,427,Mobile Pay,4.48
502803,2026-05-06,2026-05-06 13:40:00,Riverside,South,234,Credit Card,14.06
502804,2026-05-06,2026-05-06 15:41:00,Airport Kiosk,West,667,Mobile Pay,15.47
502805,2026-05-06,2026-05-06 16:42:00,Airport Kiosk,West,72,Mobile Pay,3.44
502806,2026-05-06,2026-05-06 08:51:00,Airport Kiosk,West,752,Cash,18.89
502807,2026-05-06,2026-05-06 08:16:00,Riverside,South,685,Credit Card,7.62
502808,2026-05-06,2026-05-06 09:14:00,Airport Kiosk,West,836,Cash,10.83
502809,2026-05-06,2026-05-06 07:17:00,Downtown,North,868,Credit Card,11.97
502810,2026-05-06,2026-05-06 08:38:00,Downtown,North,629,Credit Card,8.06
502811,2026-05-06,2026-05-06 09:47:00,Airport Kiosk,West,441,Cash,10.13
502812,2026-05-06,2026-05-06 12:09:00,Harbor Point,South,157,Credit Card,6.11
502813,2026-05-06,2026-05-06 09:51:00,Riverside,South,313,Debit Card,7.74
502814,2026-05-06,2026-05-06 15:41:00,Downtown,North,684,Cash,2.43
502815,2026-05-06,2026-05-06 09:26:00,Downtown,North,331,Debit Card,3.2
502816,2026-05-06,2026-05-06 10:09:00,Uptown Mall,East,214,Credit Card,12.21
502817,2026-05-06,2026-05-06 09:12:00,Harbor Point,South,736,Cash,12.96
502818,2026-05-06,2026-05-06 13:57:00,Harbor Point,South,383,Credit Card,10.12
502819,2026-05-06,2026-05-06 08:33:00,Riverside,South,292,Debit Card,5.2
502820,2026-05-06,2026-05-06 08:46:00,Riverside,South,533,Credit Card,11.28
502821,2026-05-07,2026-05-07 10:30:00,Riverside,South,898,Debit Card,8.6
502822,2026-05-07,2026-05-07 09:06:00,Airport Kiosk,West,438,Credit Card,13.18
502823,2026-05-07,2026-05-07 15:55:00,Airport Kiosk,West,197,Debit Card,4.92
502824,2026-05-07,2026-05-07 08:01:00,Uptown Mall,East,367,Mobile Pay,7.53
502825,2026-05-07,2026-05-07 10:40:00,Airport Kiosk,West,828,Cash,7.86
502826,2026-05-07,2026-05-07 07:01:00,Uptown Mall,East,873,Cash,7.64
502827,2026-05-07,2026-05-07 09:02:00,Riverside,South,163,Mobile Pay,9.14
502828,2026-05-07,2026-05-07 07:56:00,Uptown Mall,East,357,Credit Card,11.17
502829,2026-05-07,2026-05-07 10:32:00,Riverside,South,47,Credit Card,7.38
502830,2026-05-07,2026-05-07 13:45:00,Uptown Mall,East,781,Credit Card,8.08
502831,2026-05-07,2026-05-07 08:50:00,Airport Kiosk,West,503,Debit Card,10.03
502832,2026-05-07,2026-05-07 07:50:00,Downtown,North,740,Credit Card,23.62
502833,2026-05-07,2026-05-07 08:14:00,Harbor Point,South,614,Credit Card,16.95
502834,2026-05-07,2026-05-07 17:00:00,Harbor Point,South,827,Credit Card,8.05
502835,2026-05-07,2026-05-07 08:34:00,Harbor Point,South,347,Debit Card,3.71
502836,2026-05-07,2026-05-07 12:47:00,Riverside,South,432,Credit Card,15.79
502837,2026-05-08,2026-05-08 17:24:00,Riverside,South,726,Credit Card,3.74
502838,2026-05-08,2026-05-08 17:36:00,Downtown,North,830,Credit Card,10.67
502839,2026-05-08,2026-05-08 14:17:00,Harbor Point,South,140,Debit Card,7.7
502840,2026-05-08,2026-05-08 10:36:00,Downtown,North,114,Cash,3.49
502841,2026-05-08,2026-05-08 09:37:00,Downtown,North,788,Cash,9.55
502842,2026-05-08,2026-05-08 16:26:00,Downtown,North,801,Debit Card,8.34
502843,2026-05-08,2026-05-08 10:29:00,Riverside,South,153,Credit Card,2.68
502844,2026-05-08,2026-05-08 14:32:00,Riverside,South,569,Credit Card,21.51
502845,2026-05-08,2026-05-08 07:19:00,Uptown Mall,East,563,Mobile Pay,9.92
502846,2026-05-08,2026-05-08 08:48:00,Riverside,South,403,Credit Card,2.96
502847,2026-05-08,2026-05-08 13:12:00,Downtown,North,181,Credit Card,16.26
502848,2026-05-08,2026-05-08 15:32:00,Uptown Mall,East,635,Credit Card,9.13
502849,2026-05-08,2026-05-08 09:29:00,Uptown Mall,East,713,Credit Card,4.0
502850,2026-05-08,2026-05-08 09:51:00,Airport Kiosk,West,699,Credit Card,2.47
502851,2026-05-08,2026-05-08 12:30:00,Downtown,North,95,Debit Card,15.31
502852,2026-05-08,2026-05-08 07:44:00,Airport Kiosk,West,742,Mobile Pay,8.06
502853,2026-05-08,2026-05-08 08:48:00,Harbor Point,South,219,Cash,7.62
502854,2026-05-08,2026-05-08 07:30:00,Riverside,South,662,Credit Card,12.39
502855,2026-05-08,2026-05-08 17:33:00,Riverside,South,702,Credit Card,2.99
502856,2026-05-08,2026-05-08 14:23:00,Uptown Mall,East,415,Credit Card,18.51
502857,2026-05-08,2026-05-08 11:23:00,Uptown Mall,East,468,Mobile Pay,7.98
502858,2026-05-08,2026-05-08 11:37:00,Uptown Mall,East,158,Cash,19.65
502859,2026-05-08,2026-05-08 09:45:00,Harbor Point,South,772,Cash,14.34
502860,2026-05-08,2026-05-08 15:31:00,Riverside,South,391,Credit Card,10.85
502861,2026-05-08,2026-05-08 18:33:00,Downtown,North,96,Credit Card,25.45
502862,2026-05-08,2026-05-08 09:17:00,Downtown,North,52,Credit Card,6.43
502863,2026-05-08,2026-05-08 07:30:00,Airport Kiosk,West,72,Debit Card,16.32
502864,2026-05-08,2026-05-08 17:12:00,Downtown,North,677,Mobile Pay,7.71
502865,2026-05-08,2026-05-08 14:33:00,Harbor Point,South,109,Cash,7.11
502866,2026-05-09,2026-05-09 12:53:00,Riverside,South,442,Credit Card,3.47
502867,2026-05-09,2026-05-09 15:21:00,Harbor Point,South,468,Debit Card,3.42
502868,2026-05-09,2026-05-09 08:32:00,Downtown,North,199,Cash,3.45
502869,2026-05-09,2026-05-09 17:07:00,Uptown Mall,East,439,Debit Card,2.94
502870,2026-05-09,2026-05-09 16:12:00,Downtown,North,686,Cash,2.45
502871,2026-05-09,2026-05-09 07:38:00,Airport Kiosk,West,287,Cash,13.59
502872,2026-05-09,2026-05-09 15:01:00,Harbor Point,South,354,Debit Card,9.42
502873,2026-05-09,2026-05-09 09:36:00,Riverside,South,303,Credit Card,7.61
502874,2026-05-09,2026-05-09 07:36:00,Downtown,North,90,Mobile Pay,3.44
502875,2026-05-09,2026-05-09 12:55:00,Downtown,North,619,Credit Card,18.37
502876,2026-05-09,2026-05-09 07:24:00,Harbor Point,South,501,Cash,2.47
502877,2026-05-09,2026-05-09 13:17:00,Airport Kiosk,West,674,Mobile Pay,30.11
502878,2026-05-09,2026-05-09 09:41:00,Harbor Point,South,833,Cash,3.67
502879,2026-05-09,2026-05-09 09:02:00,Harbor Point,South,400,Debit Card,7.94
502880,2026-05-09,2026-05-09 09:12:00,Harbor Point,South,306,Credit Card,7.0
502881,2026-05-09,2026-05-09 08:21:00,Airport Kiosk,West,713,Mobile Pay,20.28
502882,2026-05-09,2026-05-09 08:08:00,Downtown,North,794,Debit Card,7.48
502883,2026-05-09,2026-05-09 10:05:00,Riverside,South,269,Cash,11.87
502884,2026-05-09,2026-05-09 07:56:00,Airport Kiosk,West,548,Credit Card,14.35
502885,2026-05-09,2026-05-09 17:32:00,Uptown Mall,East,477,Credit Card,6.85
502886,2026-05-09,2026-05-09 07:20:00,Downtown,North,656,Credit Card,7.33
502887,2026-05-09,2026-05-09 10:42:00,Airport Kiosk,West,69,Mobile Pay,3.4
502888,2026-05-09,2026-05-09 09:58:00,Harbor Point,South,473,Mobile Pay,10.24
502889,2026-05-09,2026-05-09 10:11:00,Airport Kiosk,West,468,Cash,27.65
502890,2026-05-09,2026-05-09 07:23:00,Downtown,North,417,Credit Card,3.0
502891,2026-05-09,2026-05-09 12:17:00,Uptown Mall,East,229,Debit Card,7.1
502892,2026-05-09,2026-05-09 07:21:00,Riverside,South,578,Debit Card,16.96
502893,2026-05-09,2026-05-09 12:39:00,Riverside,South,649,Cash,18.02
502894,2026-05-09,2026-05-09 08:14:00,Downtown,North,469,Cash,11.13
502895,2026-05-09,2026-05-09 17:19:00,Downtown,North,763,Debit Card,7.56
502896,2026-05-09,2026-05-09 10:07:00,Uptown Mall,East,594,Credit Card,5.91
502897,2026-05-09,2026-05-09 13:18:00,Airport Kiosk,West,666,Debit Card,17.85
502898,2026-05-09,2026-05-09 09:40:00,Airport Kiosk,West,78,Credit Card,15.2
502899,2026-05-09,2026-05-09 18:29:00,Airport Kiosk,West,311,Cash,18.76
502900,2026-05-09,2026-05-09 12:21:00,Uptown Mall,East,665,Cash,10.88
502901,2026-05-09,2026-05-09 07:45:00,Uptown Mall,East,745,Cash,10.34
502902,2026-05-09,2026-05-09 13:57:00,Harbor Point,South,1,Debit Card,8.0
502903,2026-05-09,2026-05-09 13:26:00,Harbor Point,South,247,Credit Card,15.58
502904,2026-05-09,2026-05-09 13:35:00,Uptown Mall,East,645,Mobile Pay,6.98
502905,2026-05-10,2026-05-10 13:21:00,Downtown,North,664,Credit Card,10.95
502906,2026-05-10,2026-05-10 11:45:00,Harbor Point,South,737,Debit Card,10.6
502907,2026-05-10,2026-05-10 08:40:00,Uptown Mall,East,499,Debit Card,8.01
502908,2026-05-10,2026-05-10 12:07:00,Uptown Mall,East,127,Cash,7.9
502909,2026-05-10,2026-05-10 14:09:00,Airport Kiosk,West,781,Mobile Pay,7.28
502910,2026-05-10,2026-05-10 15:22:00,Harbor Point,South,752,Mobile Pay,6.32
502911,2026-05-10,2026-05-10 12:39:00,Airport Kiosk,West,741,Credit Card,15.33
502912,2026-05-10,2026-05-10 11:43:00,Airport Kiosk,West,324,Credit Card,19.52
502913,2026-05-10,2026-05-10 11:58:00,Downtown,North,195,Debit Card,7.71
502914,2026-05-10,2026-05-10 13:14:00,Riverside,South,76,Cash,5.68
502915,2026-05-10,2026-05-10 15:42:00,Harbor Point,South,360,Mobile Pay,3.42
502916,2026-05-10,2026-05-10 10:01:00,Uptown Mall,East,273,Debit Card,2.68
502917,2026-05-10,2026-05-10 15:11:00,Riverside,South,446,Credit Card,21.17
502918,2026-05-10,2026-05-10 15:43:00,Airport Kiosk,West,808,Debit Card,8.08
502919,2026-05-10,2026-05-10 08:08:00,Riverside,South,26,Mobile Pay,14.7
502920,2026-05-10,2026-05-10 11:54:00,Riverside,South,144,Credit Card,4.48
502921,2026-05-10,2026-05-10 09:31:00,Harbor Point,South,642,Credit Card,10.57
502922,2026-05-10,2026-05-10 09:31:00,Riverside,South,53,Cash,3.4
502923,2026-05-10,2026-05-10 09:12:00,Downtown,North,492,Mobile Pay,6.88
502924,2026-05-10,2026-05-10 14:20:00,Downtown,North,20,Credit Card,7.85
502925,2026-05-10,2026-05-10 14:23:00,Riverside,South,787,Mobile Pay,15.85
502926,2026-05-10,2026-05-10 09:04:00,Downtown,North,751,Debit Card,3.65
502927,2026-05-10,2026-05-10 13:39:00,Riverside,South,425,Cash,3.47
502928,2026-05-10,2026-05-10 14:35:00,Airport Kiosk,West,879,Credit Card,7.12
502929,2026-05-10,2026-05-10 17:24:00,Airport Kiosk,West,26,Mobile Pay,15.32
502930,2026-05-10,2026-05-10 12:57:00,Harbor Point,South,224,Credit Card,22.56
502931,2026-05-10,2026-05-10 08:03:00,Riverside,South,401,Debit Card,18.27
502932,2026-05-10,2026-05-10 07:08:00,Harbor Point,South,119,Debit Card,16.17
502933,2026-05-10,2026-05-10 11:00:00,Riverside,South,334,Debit Card,3.64
502934,2026-05-10,2026-05-10 09:08:00,Harbor Point,South,240,Cash,2.67
502935,2026-05-10,2026-05-10 10:02:00,Riverside,South,306,Credit Card,18.92
502936,2026-05-10,2026-05-10 12:05:00,Harbor Point,South,669,Credit Card,14.88
502937,2026-05-10,2026-05-10 12:47:00,Airport Kiosk,West,785,Mobile Pay,3.93
502938,2026-05-11,2026-05-11 16:07:00,Downtown,North,653,Cash,12.16
502939,2026-05-11,2026-05-11 12:30:00,Downtown,North,550,Cash,7.42
502940,2026-05-11,2026-05-11 10:40:00,Uptown Mall,East,571,Credit Card,4.71
502941,2026-05-11,2026-05-11 14:19:00,Airport Kiosk,West,98,Mobile Pay,2.48
502942,2026-05-11,2026-05-11 08:42:00,Riverside,South,658,Cash,3.19
502943,2026-05-11,2026-05-11 12:31:00,Harbor Point,South,636,Cash,3.45
502944,2026-05-11,2026-05-11 17:47:00,Uptown Mall,East,84,Credit Card,8.28
502945,2026-05-11,2026-05-11 18:14:00,Uptown Mall,East,420,Mobile Pay,11.94
502946,2026-05-11,2026-05-11 17:13:00,Uptown Mall,East,852,Cash,2.48
502947,2026-05-11,2026-05-11 12:24:00,Harbor Point,South,783,Debit Card,3.2
502948,2026-05-11,2026-05-11 18:50:00,Uptown Mall,East,94,Debit Card,14.08
502949,2026-05-11,2026-05-11 13:58:00,Harbor Point,South,243,Cash,4.15
502950,2026-05-11,2026-05-11 09:59:00,Uptown Mall,East,873,Credit Card,5.82
502951,2026-05-11,2026-05-11 10:57:00,Riverside,South,502,Credit Card,3.48
502952,2026-05-11,2026-05-11 17:45:00,Riverside,South,420,Cash,2.45
502953,2026-05-11,2026-05-11 07:55:00,Riverside,South,421,Cash,12.15
502954,2026-05-11,2026-05-11 14:41:00,Riverside,South,57,Credit Card,11.38
502955,2026-05-11,2026-05-11 07:59:00,Uptown Mall,East,39,Credit Card,9.55
502956,2026-05-11,2026-05-11 15:13:00,Riverside,South,430,Cash,11.69
502957,2026-05-12,2026-05-12 12:04:00,Uptown Mall,East,224,Mobile Pay,4.69
502958,2026-05-12,2026-05-12 09:07:00,Airport Kiosk,West,254,Credit Card,3.41
502959,2026-05-12,2026-05-12 11:02:00,Downtown,North,235,Debit Card,14.2
502960,2026-05-12,2026-05-12 16:05:00,Airport Kiosk,West,831,Cash,7.69
502961,2026-05-12,2026-05-12 15:06:00,Riverside,South,478,Cash,8.49
502962,2026-05-12,2026-05-12 08:25:00,Downtown,North,262,Cash,12.34
502963,2026-05-12,2026-05-12 10:21:00,Riverside,South,525,Credit Card,13.53
502964,2026-05-12,2026-05-12 12:01:00,Downtown,North,354,Mobile Pay,12.0
502965,2026-05-12,2026-05-12 08:38:00,Riverside,South,600,Credit Card,7.11
502966,2026-05-12,2026-05-12 12:16:00,Downtown,North,57,Credit Card,4.39
502967,2026-05-12,2026-05-12 14:27:00,Riverside,South,827,Cash,4.41
502968,2026-05-12,2026-05-12 13:41:00,Airport Kiosk,West,175,Cash,27.38
502969,2026-05-12,2026-05-12 07:45:00,Downtown,North,881,Debit Card,11.25
502970,2026-05-12,2026-05-12 09:51:00,Downtown,North,645,Credit Card,3.88
502971,2026-05-12,2026-05-12 09:31:00,Riverside,South,164,Debit Card,21.04
502972,2026-05-12,2026-05-12 10:37:00,Airport Kiosk,West,444,Credit Card,4.73
502973,2026-05-12,2026-05-12 13:22:00,Downtown,North,294,Credit Card,15.9
502974,2026-05-13,2026-05-13 09:00:00,Downtown,North,240,Debit Card,11.12
502975,2026-05-13,2026-05-13 13:05:00,Riverside,South,262,Cash,7.68
502976,2026-05-13,2026-05-13 16:40:00,Downtown,North,699,Credit Card,5.44
502977,2026-05-13,2026-05-13 12:18:00,Uptown Mall,East,259,Cash,7.12
502978,2026-05-13,2026-05-13 15:38:00,Harbor Point,South,743,Debit Card,3.95
502979,2026-05-13,2026-05-13 17:41:00,Riverside,South,472,Cash,11.78
502980,2026-05-13,2026-05-13 07:06:00,Harbor Point,South,346,Debit Card,2.44
502981,2026-05-13,2026-05-13 07:03:00,Downtown,North,82,Credit Card,2.46
502982,2026-05-13,2026-05-13 11:44:00,Airport Kiosk,West,77,Credit Card,8.21
502983,2026-05-13,2026-05-13 18:42:00,Airport Kiosk,West,78,Credit Card,25.13
502984,2026-05-13,2026-05-13 09:53:00,Riverside,South,180,Mobile Pay,7.15
502985,2026-05-13,2026-05-13 08:15:00,Harbor Point,South,403,Credit Card,12.45
502986,2026-05-13,2026-05-13 18:15:00,Downtown,North,413,Cash,12.8
502987,2026-05-13,2026-05-13 09:08:00,Harbor Point,South,223,Debit Card,7.68
502988,2026-05-13,2026-05-13 07:56:00,Downtown,North,440,Credit Card,4.19
502989,2026-05-13,2026-05-13 18:00:00,Airport Kiosk,West,76,Mobile Pay,3.44
502990,2026-05-13,2026-05-13 11:01:00,Riverside,South,251,Cash,25.07
502991,2026-05-13,2026-05-13 18:03:00,Riverside,South,534,Mobile Pay,8.32
502992,2026-05-13,2026-05-13 08:37:00,Harbor Point,South,99,Debit Card,13.59
502993,2026-05-14,2026-05-14 15:25:00,Downtown,North,400,Credit Card,8.06
502994,2026-05-14,2026-05-14 08:44:00,Harbor Point,South,191,Credit Card,17.39
502995,2026-05-14,2026-05-14 12:45:00,Airport Kiosk,West,384,Mobile Pay,18.91
502996,2026-05-14,2026-05-14 15:37:00,Downtown,North,627,Mobile Pay,11.64
502997,2026-05-14,2026-05-14 09:51:00,Uptown Mall,East,454,Debit Card,26.5
502998,2026-05-14,2026-05-14 07:38:00,Harbor Point,South,96,Debit Card,16.19
502999,2026-05-14,2026-05-14 09:02:00,Harbor Point,South,518,Credit Card,4.68
503000,2026-05-14,2026-05-14 08:34:00,Riverside,South,294,Credit Card,14.14
503001,2026-05-14,2026-05-14 11:57:00,Uptown Mall,East,440,Mobile Pay,19.76
503002,2026-05-14,2026-05-14 08:53:00,Airport Kiosk,West,163,Cash,11.16
503003,2026-05-14,2026-05-14 08:54:00,Downtown,North,727,Debit Card,19.52
503004,2026-05-14,2026-05-14 13:48:00,Downtown,North,512,Mobile Pay,7.5
503005,2026-05-14,2026-05-14 07:36:00,Harbor Point,South,396,Credit Card,7.62
503006,2026-05-14,2026-05-14 09:01:00,Harbor Point,South,184,Credit Card,16.75
503007,2026-05-14,2026-05-14 08:11:00,Downtown,North,765,Credit Card,13.34
503008,2026-05-14,2026-05-14 09:52:00,Downtown,North,775,Cash,7.86
503009,2026-05-14,2026-05-14 12:15:00,Harbor Point,South,394,Debit Card,14.04
503010,2026-05-14,2026-05-14 12:28:00,Airport Kiosk,West,43,Credit Card,14.02
503011,2026-05-14,2026-05-14 16:12:00,Downtown,North,187,Cash,3.43
503012,2026-05-14,2026-05-14 08:44:00,Airport Kiosk,West,658,Credit Card,7.68
503013,2026-05-14,2026-05-14 16:41:00,Downtown,North,415,Debit Card,18.77
503014,2026-05-14,2026-05-14 08:25:00,Downtown,North,20,Debit Card,19.41
503015,2026-05-14,2026-05-14 14:53:00,Uptown Mall,East,753,Mobile Pay,15.28
503016,2026-05-15,2026-05-15 13:47:00,Downtown,North,248,Debit Card,7.67
503017,2026-05-15,2026-05-15 07:42:00,Riverside,South,709,Credit Card,4.64
503018,2026-05-15,2026-05-15 11:49:00,Downtown,North,64,Debit Card,4.22
503019,2026-05-15,2026-05-15 09:43:00,Uptown Mall,East,601,Debit Card,15.06
503020,2026-05-15,2026-05-15 10:26:00,Downtown,North,432,Credit Card,10.71
503021,2026-05-15,2026-05-15 16:51:00,Downtown,North,787,Mobile Pay,2.48
503022,2026-05-15,2026-05-15 17:48:00,Downtown,North,260,Credit Card,16.45
503023,2026-05-15,2026-05-15 12:47:00,Uptown Mall,East,648,Cash,11.22
503024,2026-05-15,2026-05-15 07:21:00,Downtown,North,447,Credit Card,11.07
503025,2026-05-15,2026-05-15 17:10:00,Harbor Point,South,512,Cash,18.95
503026,2026-05-15,2026-05-15 07:28:00,Uptown Mall,East,79,Mobile Pay,15.03
503027,2026-05-15,2026-05-15 07:05:00,Airport Kiosk,West,451,Mobile Pay,17.48
503028,2026-05-15,2026-05-15 12:57:00,Downtown,North,874,Credit Card,34.57
503029,2026-05-15,2026-05-15 14:01:00,Riverside,South,104,Mobile Pay,9.62
503030,2026-05-15,2026-05-15 15:22:00,Airport Kiosk,West,623,Debit Card,3.42
503031,2026-05-15,2026-05-15 09:28:00,Airport Kiosk,West,873,Debit Card,13.89
503032,2026-05-16,2026-05-16 09:52:00,Riverside,South,764,Mobile Pay,2.97
503033,2026-05-16,2026-05-16 12:36:00,Airport Kiosk,West,552,Cash,3.22
503034,2026-05-16,2026-05-16 16:06:00,Uptown Mall,East,274,Debit Card,11.61
503035,2026-05-16,2026-05-16 07:32:00,Uptown Mall,East,41,Debit Card,8.14
503036,2026-05-16,2026-05-16 07:05:00,Harbor Point,South,483,Mobile Pay,15.88
503037,2026-05-16,2026-05-16 13:02:00,Airport Kiosk,West,837,Credit Card,8.09
503038,2026-05-16,2026-05-16 10:54:00,Airport Kiosk,West,752,Cash,7.61
503039,2026-05-16,2026-05-16 16:34:00,Downtown,North,29,Debit Card,4.2
503040,2026-05-16,2026-05-16 14:54:00,Harbor Point,South,568,Debit Card,3.0
503041,2026-05-16,2026-05-16 08:18:00,Downtown,North,280,Credit Card,22.23
503042,2026-05-16,2026-05-16 08:50:00,Riverside,South,793,Mobile Pay,3.23
503043,2026-05-16,2026-05-16 08:24:00,Downtown,North,393,Mobile Pay,8.1
503044,2026-05-16,2026-05-16 18:21:00,Harbor Point,South,75,Credit Card,27.8
503045,2026-05-16,2026-05-16 18:31:00,Downtown,North,698,Debit Card,8.05
503046,2026-05-16,2026-05-16 13:19:00,Harbor Point,South,763,Credit Card,8.17
503047,2026-05-16,2026-05-16 09:24:00,Airport Kiosk,West,675,Credit Card,7.58
503048,2026-05-16,2026-05-16 09:39:00,Uptown Mall,East,734,Debit Card,5.62
503049,2026-05-16,2026-05-16 08:58:00,Riverside,South,514,Mobile Pay,10.8
503050,2026-05-16,2026-05-16 13:04:00,Riverside,South,108,Mobile Pay,16.29
503051,2026-05-16,2026-05-16 08:30:00,Uptown Mall,East,135,Debit Card,7.18
503052,2026-05-16,2026-05-16 15:04:00,Airport Kiosk,West,834,Credit Card,19.79
503053,2026-05-16,2026-05-16 13:18:00,Airport Kiosk,West,352,Credit Card,31.0
503054,2026-05-16,2026-05-16 12:32:00,Airport Kiosk,West,429,Debit Card,8.8
503055,2026-05-16,2026-05-16 13:01:00,Downtown,North,129,Cash,18.35
503056,2026-05-16,2026-05-16 17:45:00,Riverside,South,562,Cash,3.45
503057,2026-05-16,2026-05-16 16:23:00,Downtown,North,699,Debit Card,3.46
503058,2026-05-16,2026-05-16 15:18:00,Airport Kiosk,West,101,Debit Card,15.85
503059,2026-05-16,2026-05-16 17:52:00,Uptown Mall,East,854,Cash,3.22
503060,2026-05-17,2026-05-17 15:20:00,Uptown Mall,East,250,Debit Card,3.22
503061,2026-05-17,2026-05-17 07:34:00,Downtown,North,817,Mobile Pay,23.08
503062,2026-05-17,2026-05-17 12:06:00,Downtown,North,275,Credit Card,20.33
503063,2026-05-17,2026-05-17 11:11:00,Downtown,North,193,Cash,3.75
503064,2026-05-17,2026-05-17 13:32:00,Riverside,South,536,Credit Card,2.49
503065,2026-05-17,2026-05-17 11:56:00,Riverside,South,204,Debit Card,24.12
503066,2026-05-17,2026-05-17 13:58:00,Riverside,South,355,Credit Card,8.61
503067,2026-05-17,2026-05-17 11:35:00,Airport Kiosk,West,378,Credit Card,4.2
503068,2026-05-17,2026-05-17 08:34:00,Airport Kiosk,West,553,Credit Card,3.45
503069,2026-05-17,2026-05-17 08:54:00,Riverside,South,808,Credit Card,13.87
503070,2026-05-17,2026-05-17 17:33:00,Riverside,South,186,Debit Card,23.0
503071,2026-05-17,2026-05-17 09:17:00,Downtown,North,361,Mobile Pay,8.76
503072,2026-05-17,2026-05-17 17:23:00,Riverside,South,377,Cash,7.8
503073,2026-05-17,2026-05-17 12:41:00,Downtown,North,357,Mobile Pay,8.37
503074,2026-05-17,2026-05-17 07:31:00,Uptown Mall,East,748,Mobile Pay,10.89
503075,2026-05-17,2026-05-17 11:05:00,Airport Kiosk,West,578,Mobile Pay,8.11
503076,2026-05-17,2026-05-17 08:02:00,Uptown Mall,East,4,Credit Card,3.42
503077,2026-05-17,2026-05-17 13:24:00,Uptown Mall,East,225,Credit Card,11.09
503078,2026-05-17,2026-05-17 17:02:00,Downtown,North,297,Cash,15.97
503079,2026-05-17,2026-05-17 07:57:00,Downtown,North,52,Debit Card,4.62
503080,2026-05-17,2026-05-17 09:11:00,Riverside,South,743,Credit Card,7.62
503081,2026-05-17,2026-05-17 08:57:00,Uptown Mall,East,638,Debit Card,7.38
503082,2026-05-17,2026-05-17 12:59:00,Harbor Point,South,527,Credit Card,4.96
503083,2026-05-17,2026-05-17 16:19:00,Uptown Mall,East,890,Credit Card,10.57
503084,2026-05-17,2026-05-17 09:40:00,Harbor Point,South,182,Debit Card,2.48
503085,2026-05-17,2026-05-17 09:10:00,Airport Kiosk,West,710,Credit Card,14.25
503086,2026-05-17,2026-05-17 17:27:00,Airport Kiosk,West,40,Credit Card,7.52
503087,2026-05-17,2026-05-17 13:28:00,Riverside,South,743,Credit Card,8.3
503088,2026-05-17,2026-05-17 18:01:00,Uptown Mall,East,770,Cash,3.24
503089,2026-05-17,2026-05-17 08:08:00,Airport Kiosk,West,124,Mobile Pay,7.75
503090,2026-05-17,2026-05-17 13:34:00,Uptown Mall,East,779,Cash,7.56
503091,2026-05-17,2026-05-17 10:45:00,Riverside,South,685,Debit Card,4.17
503092,2026-05-17,2026-05-17 09:02:00,Airport Kiosk,West,182,Mobile Pay,12.01
503093,2026-05-17,2026-05-17 07:47:00,Harbor Point,South,60,Credit Card,4.0
503094,2026-05-17,2026-05-17 10:53:00,Uptown Mall,East,672,Credit Card,20.45
503095,2026-05-17,2026-05-17 07:13:00,Downtown,North,336,Debit Card,8.09
503096,2026-05-18,2026-05-18 09:02:00,Riverside,South,41,Credit Card,3.0
503097,2026-05-18,2026-05-18 07:52:00,Riverside,South,109,Debit Card,8.09
503098,2026-05-18,2026-05-18 07:21:00,Riverside,South,678,Mobile Pay,11.56
503099,2026-05-18,2026-05-18 07:37:00,Airport Kiosk,West,328,Mobile Pay,6.84
503100,2026-05-18,2026-05-18 09:03:00,Downtown,North,462,Debit Card,7.37
503101,2026-05-18,2026-05-18 13:05:00,Uptown Mall,East,877,Debit Card,13.49
503102,2026-05-18,2026-05-18 17:01:00,Riverside,South,476,Cash,15.68
503103,2026-05-18,2026-05-18 08:07:00,Downtown,North,131,Credit Card,22.76
503104,2026-05-18,2026-05-18 09:50:00,Airport Kiosk,West,60,Credit Card,12.75
503105,2026-05-18,2026-05-18 10:08:00,Downtown,North,355,Credit Card,7.57
503106,2026-05-18,2026-05-18 15:42:00,Harbor Point,South,328,Credit Card,2.73
503107,2026-05-18,2026-05-18 08:03:00,Uptown Mall,East,505,Debit Card,7.67
503108,2026-05-18,2026-05-18 16:31:00,Uptown Mall,East,779,Debit Card,22.18
503109,2026-05-18,2026-05-18 12:58:00,Riverside,South,2,Debit Card,6.21
503110,2026-05-18,2026-05-18 13:50:00,Uptown Mall,East,311,Cash,26.33
503111,2026-05-18,2026-05-18 17:14:00,Airport Kiosk,West,312,Credit Card,9.32
503112,2026-05-18,2026-05-18 10:41:00,Harbor Point,South,552,Credit Card,10.76
503113,2026-05-18,2026-05-18 10:05:00,Uptown Mall,East,339,Debit Card,7.5
503114,2026-05-18,2026-05-18 07:50:00,Downtown,North,292,Credit Card,24.04
503115,2026-05-18,2026-05-18 12:41:00,Airport Kiosk,West,709,Credit Card,16.85
503116,2026-05-18,2026-05-18 13:07:00,Uptown Mall,East,138,Mobile Pay,16.58
503117,2026-05-18,2026-05-18 08:30:00,Airport Kiosk,West,630,Credit Card,10.89
503118,2026-05-18,2026-05-18 11:58:00,Uptown Mall,East,22,Cash,3.9
503119,2026-05-18,2026-05-18 09:26:00,Riverside,South,255,Cash,27.38
503120,2026-05-18,2026-05-18 08:32:00,Airport Kiosk,West,250,Cash,8.95
503121,2026-05-18,2026-05-18 13:56:00,Uptown Mall,East,203,Mobile Pay,19.25
503122,2026-05-18,2026-05-18 10:22:00,Airport Kiosk,West,575,Cash,2.96
503123,2026-05-18,2026-05-18 18:05:00,Airport Kiosk,West,87,Mobile Pay,2.45
503124,2026-05-19,2026-05-19 07:09:00,Harbor Point,South,8,Debit Card,2.43
503125,2026-05-19,2026-05-19 13:31:00,Uptown Mall,East,270,Credit Card,2.43
503126,2026-05-19,2026-05-19 14:22:00,Riverside,South,771,Cash,12.92
503127,2026-05-19,2026-05-19 11:04:00,Harbor Point,South,28,Credit Card,12.18
503128,2026-05-19,2026-05-19 11:47:00,Harbor Point,South,436,Credit Card,7.31
503129,2026-05-19,2026-05-19 14:31:00,Riverside,South,440,Mobile Pay,4.14
503130,2026-05-19,2026-05-19 12:00:00,Uptown Mall,East,7,Credit Card,8.48
503131,2026-05-19,2026-05-19 10:04:00,Harbor Point,South,552,Debit Card,10.79
503132,2026-05-19,2026-05-19 09:25:00,Harbor Point,South,833,Mobile Pay,15.84
503133,2026-05-19,2026-05-19 14:27:00,Downtown,North,624,Credit Card,8.43
503134,2026-05-19,2026-05-19 10:13:00,Riverside,South,435,Credit Card,4.67
503135,2026-05-19,2026-05-19 07:03:00,Uptown Mall,East,488,Debit Card,7.71
503136,2026-05-19,2026-05-19 18:11:00,Downtown,North,328,Debit Card,12.49
503137,2026-05-19,2026-05-19 07:47:00,Airport Kiosk,West,569,Cash,13.28
503138,2026-05-19,2026-05-19 12:17:00,Riverside,South,717,Mobile Pay,8.24
503139,2026-05-19,2026-05-19 08:08:00,Downtown,North,41,Cash,4.46
503140,2026-05-19,2026-05-19 07:26:00,Harbor Point,South,160,Credit Card,12.04
503141,2026-05-19,2026-05-19 18:09:00,Uptown Mall,East,703,Cash,9.84
503142,2026-05-19,2026-05-19 17:43:00,Downtown,North,26,Credit Card,4.4
503143,2026-05-19,2026-05-19 08:31:00,Harbor Point,South,760,Credit Card,15.19
503144,2026-05-19,2026-05-19 08:07:00,Airport Kiosk,West,814,Debit Card,20.4
503145,2026-05-19,2026-05-19 17:43:00,Airport Kiosk,West,644,Debit Card,13.95
503146,2026-05-19,2026-05-19 14:10:00,Riverside,South,36,Mobile Pay,2.43
503147,2026-05-20,2026-05-20 14:21:00,Riverside,South,630,Mobile Pay,3.65
503148,2026-05-20,2026-05-20 08:43:00,Uptown Mall,East,194,Debit Card,17.42
503149,2026-05-20,2026-05-20 16:52:00,Riverside,South,215,Mobile Pay,7.56
503150,2026-05-20,2026-05-20 10:36:00,Harbor Point,South,435,Mobile Pay,10.11
503151,2026-05-20,2026-05-20 07:49:00,Uptown Mall,East,194,Debit Card,11.21
503152,2026-05-20,2026-05-20 12:18:00,Downtown,North,147,Credit Card,6.4
503153,2026-05-20,2026-05-20 07:37:00,Airport Kiosk,West,676,Mobile Pay,10.6
503154,2026-05-20,2026-05-20 08:19:00,Uptown Mall,East,888,Cash,38.86
503155,2026-05-20,2026-05-20 07:30:00,Uptown Mall,East,196,Debit Card,4.47
503156,2026-05-20,2026-05-20 14:36:00,Riverside,South,2,Mobile Pay,22.26
503157,2026-05-20,2026-05-20 13:53:00,Riverside,South,317,Mobile Pay,14.66
503158,2026-05-20,2026-05-20 10:37:00,Harbor Point,South,192,Debit Card,7.56
503159,2026-05-20,2026-05-20 12:13:00,Airport Kiosk,West,699,Credit Card,8.23
503160,2026-05-20,2026-05-20 13:42:00,Riverside,South,531,Debit Card,14.81
503161,2026-05-20,2026-05-20 16:17:00,Downtown,North,809,Mobile Pay,7.64
503162,2026-05-20,2026-05-20 15:06:00,Downtown,North,230,Debit Card,6.44
503163,2026-05-20,2026-05-20 14:34:00,Airport Kiosk,West,578,Mobile Pay,21.66
503164,2026-05-20,2026-05-20 08:10:00,Harbor Point,South,644,Credit Card,24.52
503165,2026-05-20,2026-05-20 09:40:00,Harbor Point,South,157,Credit Card,3.21
503166,2026-05-20,2026-05-20 12:01:00,Airport Kiosk,West,627,Cash,8.15
503167,2026-05-20,2026-05-20 14:24:00,Airport Kiosk,West,548,Debit Card,4.37
503168,2026-05-20,2026-05-20 07:01:00,Riverside,South,700,Mobile Pay,18.64
503169,2026-05-20,2026-05-20 11:30:00,Riverside,South,835,Cash,6.36
503170,2026-05-20,2026-05-20 11:06:00,Uptown Mall,East,371,Cash,8.13
503171,2026-05-20,2026-05-20 14:02:00,Airport Kiosk,West,635,Debit Card,31.04
503172,2026-05-20,2026-05-20 07:22:00,Riverside,South,125,Credit Card,2.94
503173,2026-05-20,2026-05-20 10:04:00,Airport Kiosk,West,424,Cash,8.12
503174,2026-05-20,2026-05-20 14:47:00,Harbor Point,South,328,Cash,6.44
503175,2026-05-21,2026-05-21 12:14:00,Uptown Mall,East,636,Debit Card,7.93
503176,2026-05-21,2026-05-21 08:41:00,Airport Kiosk,West,172,Debit Card,15.49
503177,2026-05-21,2026-05-21 14:11:00,Riverside,South,34,Credit Card,3.44
503178,2026-05-21,2026-05-21 12:34:00,Downtown,North,508,Debit Card,12.88
503179,2026-05-21,2026-05-21 08:17:00,Airport Kiosk,West,662,Debit Card,9.55
503180,2026-05-21,2026-05-21 14:35:00,Riverside,South,719,Debit Card,3.65
503181,2026-05-21,2026-05-21 10:51:00,Uptown Mall,East,832,Debit Card,6.46
503182,2026-05-21,2026-05-21 13:55:00,Riverside,South,302,Debit Card,11.0
503183,2026-05-21,2026-05-21 13:25:00,Downtown,North,683,Credit Card,15.19
503184,2026-05-21,2026-05-21 12:15:00,Harbor Point,South,64,Debit Card,15.54
503185,2026-05-21,2026-05-21 16:48:00,Riverside,South,175,Mobile Pay,22.69
503186,2026-05-21,2026-05-21 09:05:00,Uptown Mall,East,812,Credit Card,7.82
503187,2026-05-21,2026-05-21 07:56:00,Harbor Point,South,726,Debit Card,8.3
503188,2026-05-21,2026-05-21 12:55:00,Riverside,South,523,Mobile Pay,14.47
503189,2026-05-21,2026-05-21 12:49:00,Harbor Point,South,374,Credit Card,2.94
503190,2026-05-21,2026-05-21 14:06:00,Harbor Point,South,688,Credit Card,29.26
503191,2026-05-21,2026-05-21 07:33:00,Uptown Mall,East,109,Mobile Pay,4.62
503192,2026-05-21,2026-05-21 07:51:00,Airport Kiosk,West,101,Credit Card,7.37
503193,2026-05-21,2026-05-21 15:08:00,Downtown,North,734,Debit Card,7.41
503194,2026-05-21,2026-05-21 14:13:00,Airport Kiosk,West,493,Cash,3.92
503195,2026-05-21,2026-05-21 10:11:00,Airport Kiosk,West,722,Credit Card,3.72
503196,2026-05-21,2026-05-21 10:57:00,Harbor Point,South,498,Debit Card,7.79
503197,2026-05-21,2026-05-21 13:08:00,Airport Kiosk,West,893,Debit Card,2.95
503198,2026-05-21,2026-05-21 15:07:00,Harbor Point,South,493,Credit Card,7.41
503199,2026-05-21,2026-05-21 18:14:00,Riverside,South,408,Debit Card,8.17
503200,2026-05-21,2026-05-21 11:23:00,Riverside,South,505,Credit Card,2.93
503201,2026-05-21,2026-05-21 16:53:00,Downtown,North,630,Credit Card,7.06
503202,2026-05-21,2026-05-21 17:30:00,Riverside,South,682,Debit Card,8.86
503203,2026-05-21,2026-05-21 10:52:00,Uptown Mall,East,311,Credit Card,6.64
503204,2026-05-22,2026-05-22 12:54:00,Harbor Point,South,101,Credit Card,9.64
503205,2026-05-22,2026-05-22 08:01:00,Harbor Point,South,600,Debit Card,4.5
503206,2026-05-22,2026-05-22 13:00:00,Riverside,South,386,Mobile Pay,11.49
503207,2026-05-22,2026-05-22 09:08:00,Uptown Mall,East,429,Credit Card,18.67
503208,2026-05-22,2026-05-22 10:26:00,Downtown,North,45,Credit Card,7.42
503209,2026-05-22,2026-05-22 15:34:00,Downtown,North,764,Mobile Pay,2.72
503210,2026-05-22,2026-05-22 08:09:00,Uptown Mall,East,767,Mobile Pay,5.84
503211,2026-05-22,2026-05-22 08:09:00,Airport Kiosk,West,363,Debit Card,14.7
503212,2026-05-22,2026-05-22 16:31:00,Airport Kiosk,West,213,Mobile Pay,14.44
503213,2026-05-22,2026-05-22 10:27:00,Uptown Mall,East,595,Mobile Pay,7.37
503214,2026-05-22,2026-05-22 09:04:00,Harbor Point,South,697,Mobile Pay,3.19
503215,2026-05-22,2026-05-22 09:05:00,Uptown Mall,East,325,Debit Card,8.37
503216,2026-05-22,2026-05-22 10:31:00,Downtown,North,239,Debit Card,31.6
503217,2026-05-22,2026-05-22 13:27:00,Riverside,South,681,Cash,11.58
503218,2026-05-23,2026-05-23 16:39:00,Downtown,North,677,Debit Card,21.85
503219,2026-05-23,2026-05-23 14:21:00,Harbor Point,South,491,Debit Card,16.47
503220,2026-05-23,2026-05-23 15:10:00,Riverside,South,181,Debit Card,3.89
503221,2026-05-23,2026-05-23 11:46:00,Uptown Mall,East,355,Mobile Pay,14.2
503222,2026-05-23,2026-05-23 11:59:00,Uptown Mall,East,586,Debit Card,2.48
503223,2026-05-23,2026-05-23 16:04:00,Riverside,South,406,Cash,8.45
503224,2026-05-23,2026-05-23 15:01:00,Airport Kiosk,West,421,Credit Card,3.66
503225,2026-05-23,2026-05-23 07:36:00,Harbor Point,South,49,Credit Card,2.71
503226,2026-05-23,2026-05-23 11:35:00,Uptown Mall,East,267,Debit Card,22.74
503227,2026-05-23,2026-05-23 07:36:00,Harbor Point,South,267,Debit Card,7.53
503228,2026-05-23,2026-05-23 13:38:00,Airport Kiosk,West,431,Cash,5.92
503229,2026-05-23,2026-05-23 08:00:00,Uptown Mall,East,507,Credit Card,7.53
503230,2026-05-23,2026-05-23 11:43:00,Downtown,North,584,Mobile Pay,7.59
503231,2026-05-23,2026-05-23 15:16:00,Riverside,South,191,Debit Card,15.49
503232,2026-05-23,2026-05-23 17:02:00,Downtown,North,633,Credit Card,20.99
503233,2026-05-23,2026-05-23 08:24:00,Airport Kiosk,West,481,Cash,6.23
503234,2026-05-23,2026-05-23 13:08:00,Downtown,North,782,Mobile Pay,3.16
503235,2026-05-23,2026-05-23 08:01:00,Riverside,South,841,Debit Card,21.94
503236,2026-05-23,2026-05-23 12:05:00,Downtown,North,375,Mobile Pay,3.4
503237,2026-05-23,2026-05-23 16:47:00,Airport Kiosk,West,65,Debit Card,19.66
503238,2026-05-23,2026-05-23 09:52:00,Downtown,North,501,Credit Card,7.1
503239,2026-05-23,2026-05-23 15:35:00,Riverside,South,76,Credit Card,8.92
503240,2026-05-23,2026-05-23 11:23:00,Harbor Point,South,481,Cash,16.63
503241,2026-05-23,2026-05-23 18:48:00,Harbor Point,South,884,Cash,14.76
503242,2026-05-23,2026-05-23 09:54:00,Uptown Mall,East,625,Mobile Pay,24.17
503243,2026-05-23,2026-05-23 17:06:00,Riverside,South,137,Cash,12.84
503244,2026-05-23,2026-05-23 10:36:00,Riverside,South,872,Mobile Pay,9.06
503245,2026-05-23,2026-05-23 11:45:00,Airport Kiosk,West,718,Debit Card,13.12
503246,2026-05-23,2026-05-23 07:27:00,Uptown Mall,East,8,Debit Card,9.08
503247,2026-05-23,2026-05-23 13:05:00,Riverside,South,417,Mobile Pay,14.8
503248,2026-05-23,2026-05-23 10:58:00,Riverside,South,255,Credit Card,18.98
503249,2026-05-23,2026-05-23 10:52:00,Downtown,North,476,Credit Card,21.74
503250,2026-05-23,2026-05-23 12:15:00,Riverside,South,442,Cash,3.93
503251,2026-05-23,2026-05-23 13:09:00,Downtown,North,320,Mobile Pay,6.21
503252,2026-05-23,2026-05-23 15:26:00,Airport Kiosk,West,861,Credit Card,7.93
503253,2026-05-23,2026-05-23 13:12:00,Riverside,South,559,Debit Card,3.46
503254,2026-05-23,2026-05-23 17:29:00,Downtown,North,765,Credit Card,8.54
503255,2026-05-23,2026-05-23 08:47:00,Riverside,South,230,Mobile Pay,4.18
503256,2026-05-23,2026-05-23 08:58:00,Uptown Mall,East,366,Credit Card,8.46
503257,2026-05-23,2026-05-23 11:59:00,Riverside,South,186,Cash,19.62
503258,2026-05-23,2026-05-23 08:01:00,Uptown Mall,East,338,Credit Card,8.03
503259,2026-05-23,2026-05-23 07:19:00,Riverside,South,801,Debit Card,7.43
503260,2026-05-23,2026-05-23 13:45:00,Harbor Point,South,819,Credit Card,6.85
503261,2026-05-24,2026-05-24 13:56:00,Downtown,North,557,Cash,14.48
503262,2026-05-24,2026-05-24 09:00:00,Uptown Mall,East,774,Debit Card,20.63
503263,2026-05-24,2026-05-24 15:02:00,Uptown Mall,East,472,Debit Card,8.17
503264,2026-05-24,2026-05-24 10:42:00,Harbor Point,South,735,Cash,18.59
503265,2026-05-24,2026-05-24 09:49:00,Downtown,North,222,Mobile Pay,3.65
503266,2026-05-24,2026-05-24 08:56:00,Riverside,South,651,Credit Card,4.38
503267,2026-05-24,2026-05-24 15:34:00,Airport Kiosk,West,456,Credit Card,6.65
503268,2026-05-24,2026-05-24 12:49:00,Downtown,North,425,Credit Card,10.5
503269,2026-05-24,2026-05-24 11:23:00,Riverside,South,88,Mobile Pay,7.57
503270,2026-05-24,2026-05-24 09:09:00,Airport Kiosk,West,482,Credit Card,18.52
503271,2026-05-24,2026-05-24 07:36:00,Uptown Mall,East,379,Mobile Pay,6.15
503272,2026-05-24,2026-05-24 17:45:00,Downtown,North,527,Mobile Pay,11.91
503273,2026-05-24,2026-05-24 08:16:00,Downtown,North,690,Cash,19.78
503274,2026-05-24,2026-05-24 10:15:00,Riverside,South,662,Cash,2.74
503275,2026-05-24,2026-05-24 09:58:00,Uptown Mall,East,255,Credit Card,15.4
503276,2026-05-24,2026-05-24 08:11:00,Downtown,North,377,Credit Card,2.7
503277,2026-05-24,2026-05-24 08:28:00,Downtown,North,196,Credit Card,3.43
503278,2026-05-24,2026-05-24 09:57:00,Harbor Point,South,60,Credit Card,2.43
503279,2026-05-24,2026-05-24 09:36:00,Harbor Point,South,612,Debit Card,5.82
503280,2026-05-24,2026-05-24 08:32:00,Uptown Mall,East,22,Cash,2.71
503281,2026-05-24,2026-05-24 09:26:00,Airport Kiosk,West,706,Debit Card,3.47
503282,2026-05-24,2026-05-24 09:11:00,Riverside,South,787,Cash,3.9
503283,2026-05-24,2026-05-24 08:46:00,Downtown,North,79,Mobile Pay,2.96
503284,2026-05-24,2026-05-24 09:56:00,Airport Kiosk,West,487,Credit Card,8.47
503285,2026-05-25,2026-05-25 13:15:00,Uptown Mall,East,489,Credit Card,9.29
503286,2026-05-25,2026-05-25 10:07:00,Downtown,North,34,Debit Card,16.81
503287,2026-05-25,2026-05-25 14:41:00,Harbor Point,South,278,Mobile Pay,7.46
503288,2026-05-25,2026-05-25 10:46:00,Downtown,North,378,Cash,7.66
503289,2026-05-25,2026-05-25 11:07:00,Uptown Mall,East,853,Credit Card,20.94
503290,2026-05-25,2026-05-25 11:46:00,Downtown,North,130,Credit Card,20.12
503291,2026-05-25,2026-05-25 12:33:00,Uptown Mall,East,237,Debit Card,2.71
503292,2026-05-25,2026-05-25 08:16:00,Harbor Point,South,240,Mobile Pay,16.0
503293,2026-05-25,2026-05-25 11:19:00,Downtown,North,321,Debit Card,3.66
503294,2026-05-25,2026-05-25 17:27:00,Riverside,South,261,Debit Card,4.24
503295,2026-05-25,2026-05-25 07:39:00,Airport Kiosk,West,877,Mobile Pay,6.42
503296,2026-05-25,2026-05-25 16:07:00,Harbor Point,South,837,Credit Card,7.65
503297,2026-05-25,2026-05-25 09:49:00,Downtown,North,819,Credit Card,11.14
503298,2026-05-25,2026-05-25 14:05:00,Downtown,North,678,Credit Card,3.95
503299,2026-05-25,2026-05-25 18:30:00,Riverside,South,877,Credit Card,8.36
503300,2026-05-25,2026-05-25 13:01:00,Harbor Point,South,827,Debit Card,7.39
503301,2026-05-25,2026-05-25 09:22:00,Riverside,South,582,Cash,13.74
503302,2026-05-25,2026-05-25 12:10:00,Riverside,South,742,Mobile Pay,9.25
503303,2026-05-25,2026-05-25 10:14:00,Harbor Point,South,635,Debit Card,7.65
503304,2026-05-25,2026-05-25 16:00:00,Downtown,North,93,Mobile Pay,7.34
503305,2026-05-25,2026-05-25 08:34:00,Airport Kiosk,West,692,Cash,3.68
503306,2026-05-25,2026-05-25 11:22:00,Airport Kiosk,West,447,Debit Card,16.16
503307,2026-05-25,2026-05-25 08:06:00,Airport Kiosk,West,646,Cash,4.72
503308,2026-05-25,2026-05-25 12:28:00,Uptown Mall,East,28,Credit Card,6.98
503309,2026-05-26,2026-05-26 08:25:00,Uptown Mall,East,878,Credit Card,20.37
503310,2026-05-26,2026-05-26 09:04:00,Harbor Point,South,508,Credit Card,3.2
503311,2026-05-26,2026-05-26 13:20:00,Harbor Point,South,772,Cash,7.49
503312,2026-05-26,2026-05-26 16:39:00,Riverside,South,834,Cash,10.3
503313,2026-05-26,2026-05-26 13:58:00,Downtown,North,487,Cash,11.49
503314,2026-05-26,2026-05-26 14:04:00,Airport Kiosk,West,700,Credit Card,11.38
503315,2026-05-26,2026-05-26 08:26:00,Uptown Mall,East,623,Credit Card,7.68
503316,2026-05-26,2026-05-26 12:07:00,Uptown Mall,East,374,Debit Card,22.25
503317,2026-05-26,2026-05-26 13:15:00,Downtown,North,715,Credit Card,10.51
503318,2026-05-26,2026-05-26 10:23:00,Uptown Mall,East,512,Credit Card,6.46
503319,2026-05-26,2026-05-26 07:49:00,Harbor Point,South,258,Mobile Pay,10.56
503320,2026-05-26,2026-05-26 09:35:00,Uptown Mall,East,405,Cash,6.91
503321,2026-05-26,2026-05-26 15:40:00,Harbor Point,South,712,Mobile Pay,4.46
503322,2026-05-26,2026-05-26 08:14:00,Harbor Point,South,98,Debit Card,11.82
503323,2026-05-26,2026-05-26 08:35:00,Harbor Point,South,771,Cash,10.65
503324,2026-05-26,2026-05-26 15:38:00,Harbor Point,South,62,Credit Card,17.69
503325,2026-05-26,2026-05-26 15:37:00,Riverside,South,232,Cash,15.78
503326,2026-05-26,2026-05-26 18:15:00,Uptown Mall,East,295,Cash,10.22
503327,2026-05-26,2026-05-26 08:35:00,Downtown,North,74,Mobile Pay,3.46
503328,2026-05-26,2026-05-26 14:06:00,Uptown Mall,East,741,Credit Card,17.86
503329,2026-05-26,2026-05-26 09:40:00,Uptown Mall,East,247,Mobile Pay,3.69
503330,2026-05-26,2026-05-26 14:20:00,Riverside,South,638,Mobile Pay,12.19
503331,2026-05-26,2026-05-26 15:53:00,Harbor Point,South,138,Mobile Pay,4.14
503332,2026-05-26,2026-05-26 12:23:00,Riverside,South,484,Credit Card,21.22
503333,2026-05-26,2026-05-26 08:28:00,Airport Kiosk,West,813,Debit Card,8.04
503334,2026-05-26,2026-05-26 12:47:00,Harbor Point,South,22,Cash,9.58
503335,2026-05-27,2026-05-27 14:24:00,Uptown Mall,East,264,Mobile Pay,20.58
503336,2026-05-27,2026-05-27 08:04:00,Uptown Mall,East,104,Credit Card,11.71
503337,2026-05-27,2026-05-27 17:31:00,Airport Kiosk,West,555,Credit Card,2.49
503338,2026-05-27,2026-05-27 14:21:00,Downtown,North,17,Mobile Pay,4.71
503339,2026-05-27,2026-05-27 08:07:00,Airport Kiosk,West,106,Debit Card,2.47
503340,2026-05-27,2026-05-27 07:32:00,Airport Kiosk,West,721,Credit Card,3.24
503341,2026-05-27,2026-05-27 12:06:00,Harbor Point,South,836,Debit Card,12.17
503342,2026-05-27,2026-05-27 18:02:00,Uptown Mall,East,166,Mobile Pay,12.91
503343,2026-05-27,2026-05-27 07:19:00,Harbor Point,South,589,Credit Card,15.78
503344,2026-05-27,2026-05-27 08:06:00,Harbor Point,South,243,Debit Card,10.17
503345,2026-05-27,2026-05-27 09:37:00,Airport Kiosk,West,809,Credit Card,2.7
503346,2026-05-27,2026-05-27 18:26:00,Harbor Point,South,428,Credit Card,6.19
503347,2026-05-27,2026-05-27 09:52:00,Uptown Mall,East,177,Credit Card,9.8
503348,2026-05-27,2026-05-27 16:25:00,Airport Kiosk,West,43,Credit Card,2.73
503349,2026-05-28,2026-05-28 09:42:00,Downtown,North,706,Credit Card,24.36
503350,2026-05-28,2026-05-28 17:37:00,Downtown,North,681,Credit Card,15.45
503351,2026-05-28,2026-05-28 14:30:00,Uptown Mall,East,633,Debit Card,7.89
503352,2026-05-28,2026-05-28 09:25:00,Harbor Point,South,448,Cash,11.94
503353,2026-05-28,2026-05-28 08:37:00,Uptown Mall,East,345,Debit Card,15.22
503354,2026-05-28,2026-05-28 09:15:00,Riverside,South,810,Cash,3.49
503355,2026-05-28,2026-05-28 18:03:00,Harbor Point,South,218,Credit Card,4.15
503356,2026-05-28,2026-05-28 08:05:00,Uptown Mall,East,403,Mobile Pay,2.96
503357,2026-05-28,2026-05-28 08:11:00,Riverside,South,688,Mobile Pay,10.43
503358,2026-05-28,2026-05-28 09:31:00,Downtown,North,512,Debit Card,11.9
503359,2026-05-28,2026-05-28 13:09:00,Riverside,South,41,Credit Card,3.5
503360,2026-05-28,2026-05-28 13:23:00,Riverside,South,827,Credit Card,7.45
503361,2026-05-28,2026-05-28 11:40:00,Riverside,South,824,Debit Card,21.63
503362,2026-05-28,2026-05-28 12:14:00,Uptown Mall,East,611,Mobile Pay,12.15
503363,2026-05-28,2026-05-28 07:54:00,Harbor Point,South,413,Cash,3.23
503364,2026-05-28,2026-05-28 12:25:00,Airport Kiosk,West,710,Debit Card,14.78
503365,2026-05-28,2026-05-28 12:29:00,Harbor Point,South,144,Credit Card,11.0
503366,2026-05-28,2026-05-28 17:36:00,Airport Kiosk,West,260,Credit Card,15.34
503367,2026-05-28,2026-05-28 09:18:00,Airport Kiosk,West,604,Debit Card,9.27
503368,2026-05-28,2026-05-28 12:42:00,Uptown Mall,East,83,Debit Card,10.38
503369,2026-05-28,2026-05-28 12:55:00,Riverside,South,824,Debit Card,15.24
503370,2026-05-28,2026-05-28 12:04:00,Airport Kiosk,West,856,Mobile Pay,16.45
503371,2026-05-28,2026-05-28 14:30:00,Uptown Mall,East,558,Mobile Pay,11.87
503372,2026-05-28,2026-05-28 12:44:00,Airport Kiosk,West,429,Debit Card,2.45
503373,2026-05-29,2026-05-29 08:27:00,Downtown,North,331,Mobile Pay,23.4
503374,2026-05-29,2026-05-29 12:10:00,Uptown Mall,East,246,Mobile Pay,16.28
503375,2026-05-29,2026-05-29 09:42:00,Harbor Point,South,270,Debit Card,3.95
503376,2026-05-29,2026-05-29 09:24:00,Downtown,North,491,Credit Card,14.64
503377,2026-05-29,2026-05-29 08:42:00,Harbor Point,South,138,Debit Card,2.94
503378,2026-05-29,2026-05-29 18:28:00,Riverside,South,632,Credit Card,7.29
503379,2026-05-29,2026-05-29 17:37:00,Uptown Mall,East,308,Debit Card,7.6
503380,2026-05-29,2026-05-29 09:49:00,Airport Kiosk,West,895,Mobile Pay,2.46
503381,2026-05-29,2026-05-29 08:17:00,Riverside,South,860,Debit Card,2.73
503382,2026-05-29,2026-05-29 12:12:00,Downtown,North,745,Credit Card,12.78
503383,2026-05-29,2026-05-29 16:37:00,Downtown,North,881,Credit Card,13.36
503384,2026-05-29,2026-05-29 11:56:00,Uptown Mall,East,542,Credit Card,15.21
503385,2026-05-29,2026-05-29 17:23:00,Uptown Mall,East,153,Debit Card,10.61
503386,2026-05-29,2026-05-29 08:11:00,Downtown,North,887,Debit Card,9.1
503387,2026-05-29,2026-05-29 18:01:00,Uptown Mall,East,104,Credit Card,10.69
503388,2026-05-29,2026-05-29 13:43:00,Airport Kiosk,West,149,Cash,11.86
503389,2026-05-29,2026-05-29 08:15:00,Riverside,South,862,Cash,12.91
503390,2026-05-29,2026-05-29 09:53:00,Uptown Mall,East,887,Credit Card,3.9
503391,2026-05-29,2026-05-29 13:47:00,Uptown Mall,East,540,Credit Card,3.89
503392,2026-05-30,2026-05-30 08:33:00,Airport Kiosk,West,703,Debit Card,3.22
503393,2026-05-30,2026-05-30 10:46:00,Riverside,South,177,Mobile Pay,17.93
503394,2026-05-30,2026-05-30 15:20:00,Airport Kiosk,West,438,Credit Card,6.42
503395,2026-05-30,2026-05-30 15:31:00,Uptown Mall,East,71,Debit Card,27.34
503396,2026-05-30,2026-05-30 07:09:00,Riverside,South,843,Debit Card,8.32
503397,2026-05-30,2026-05-30 07:54:00,Uptown Mall,East,437,Debit Card,4.21
503398,2026-05-30,2026-05-30 09:47:00,Harbor Point,South,426,Debit Card,20.7
503399,2026-05-30,2026-05-30 08:02:00,Riverside,South,557,Mobile Pay,18.21
503400,2026-05-30,2026-05-30 16:43:00,Riverside,South,411,Credit Card,2.69
503401,2026-05-30,2026-05-30 16:00:00,Downtown,North,24,Credit Card,8.23
503402,2026-05-30,2026-05-30 14:55:00,Riverside,South,690,Debit Card,3.25
503403,2026-05-30,2026-05-30 17:48:00,Uptown Mall,East,627,Mobile Pay,16.24
503404,2026-05-30,2026-05-30 08:43:00,Downtown,North,888,Mobile Pay,22.19
503405,2026-05-30,2026-05-30 17:15:00,Uptown Mall,East,630,Mobile Pay,7.08
503406,2026-05-30,2026-05-30 15:57:00,Airport Kiosk,West,704,Debit Card,3.47
503407,2026-05-30,2026-05-30 17:54:00,Downtown,North,680,Debit Card,17.93
503408,2026-05-30,2026-05-30 09:42:00,Airport Kiosk,West,127,Debit Card,10.05
503409,2026-05-30,2026-05-30 14:06:00,Airport Kiosk,West,633,Debit Card,3.46
503410,2026-05-30,2026-05-30 09:56:00,Airport Kiosk,West,461,Cash,3.16
503411,2026-05-30,2026-05-30 18:43:00,Uptown Mall,East,293,Cash,15.56
503412,2026-05-30,2026-05-30 15:16:00,Downtown,North,723,Credit Card,2.5
503413,2026-05-30,2026-05-30 07:27:00,Airport Kiosk,West,313,Debit Card,8.38
503414,2026-05-30,2026-05-30 18:06:00,Downtown,North,15,Mobile Pay,10.55
503415,2026-05-31,2026-05-31 13:48:00,Airport Kiosk,West,413,Mobile Pay,16.23
503416,2026-05-31,2026-05-31 08:08:00,Airport Kiosk,West,581,Credit Card,8.59
503417,2026-05-31,2026-05-31 12:42:00,Uptown Mall,East,509,Cash,8.21
503418,2026-05-31,2026-05-31 13:12:00,Uptown Mall,East,466,Cash,7.32
503419,2026-05-31,2026-05-31 08:15:00,Uptown Mall,East,766,Credit Card,5.66
503420,2026-05-31,2026-05-31 13:23:00,Uptown Mall,East,10,Credit Card,7.67
503421,2026-05-31,2026-05-31 13:30:00,Airport Kiosk,West,333,Mobile Pay,8.04
503422,2026-05-31,2026-05-31 11:30:00,Downtown,North,772,Cash,8.15
503423,2026-05-31,2026-05-31 10:29:00,Harbor Point,South,535,Debit Card,7.19
503424,2026-05-31,2026-05-31 13:29:00,Downtown,North,369,Debit Card,6.66
503425,2026-05-31,2026-05-31 14:57:00,Airport Kiosk,West,451,Cash,19.95
503426,2026-05-31,2026-05-31 09:15:00,Downtown,North,667,Mobile Pay,8.48
503427,2026-05-31,2026-05-31 17:30:00,Downtown,North,505,Credit Card,3.75
503428,2026-05-31,2026-05-31 13:30:00,Airport Kiosk,West,120,Cash,4.17
503429,2026-05-31,2026-05-31 08:27:00,Harbor Point,South,256,Debit Card,2.68
503430,2026-05-31,2026-05-31 18:19:00,Harbor Point,South,96,Debit Card,4.24
503431,2026-05-31,2026-05-31 17:58:00,Downtown,North,536,Mobile Pay,4.23
503432,2026-05-31,2026-05-31 09:05:00,Riverside,South,111,Mobile Pay,10.9
503433,2026-05-31,2026-05-31 07:19:00,Uptown Mall,East,674,Cash,4.43
503434,2026-05-31,2026-05-31 08:22:00,Harbor Point,South,540,Mobile Pay,22.91
503435,2026-05-31,2026-05-31 08:51:00,Harbor Point,South,198,Debit Card,16.49
503436,2026-05-31,2026-05-31 18:26:00,Riverside,South,724,Debit Card,8.24
503437,2026-05-31,2026-05-31 08:09:00,Airport Kiosk,West,308,Credit Card,12.2
503438,2026-05-31,2026-05-31 14:43:00,Riverside,South,419,Cash,14.42
503439,2026-05-31,2026-05-31 10:10:00,Riverside,South,213,Credit Card,4.38
503440,2026-05-31,2026-05-31 08:53:00,Harbor Point,South,478,Debit Card,4.7
503441,2026-06-01,2026-06-01 11:55:00,Airport Kiosk,West,513,Credit Card,7.58
503442,2026-06-01,2026-06-01 14:20:00,Downtown,North,616,Credit Card,2.93
503443,2026-06-01,2026-06-01 12:54:00,Downtown,North,872,Debit Card,8.74
503444,2026-06-01,2026-06-01 13:24:00,Riverside,South,1,Cash,10.59
503445,2026-06-01,2026-06-01 09:50:00,Airport Kiosk,West,131,Cash,11.31
503446,2026-06-01,2026-06-01 12:35:00,Uptown Mall,East,405,Debit Card,2.47
503447,2026-06-01,2026-06-01 10:40:00,Harbor Point,South,54,Credit Card,3.18
503448,2026-06-01,2026-06-01 07:22:00,Airport Kiosk,West,779,Credit Card,15.06
503449,2026-06-01,2026-06-01 18:54:00,Uptown Mall,East,274,Mobile Pay,7.36
503450,2026-06-01,2026-06-01 09:21:00,Harbor Point,South,818,Credit Card,13.86
503451,2026-06-01,2026-06-01 07:13:00,Uptown Mall,East,162,Credit Card,3.45
503452,2026-06-01,2026-06-01 10:35:00,Riverside,South,763,Credit Card,3.72
503453,2026-06-01,2026-06-01 18:17:00,Riverside,South,128,Credit Card,6.95
503454,2026-06-01,2026-06-01 09:58:00,Harbor Point,South,90,Debit Card,7.1
503455,2026-06-01,2026-06-01 14:59:00,Uptown Mall,East,208,Mobile Pay,9.9
503456,2026-06-01,2026-06-01 10:17:00,Riverside,South,361,Debit Card,16.86
503457,2026-06-01,2026-06-01 13:36:00,Airport Kiosk,West,643,Debit Card,3.9
503458,2026-06-02,2026-06-02 07:43:00,Harbor Point,South,480,Mobile Pay,11.76
503459,2026-06-02,2026-06-02 08:02:00,Harbor Point,South,822,Debit Card,12.68
503460,2026-06-02,2026-06-02 15:06:00,Airport Kiosk,West,326,Cash,3.21
503461,2026-06-02,2026-06-02 08:35:00,Riverside,South,887,Mobile Pay,15.31
503462,2026-06-02,2026-06-02 09:05:00,Harbor Point,South,703,Debit Card,8.85
503463,2026-06-02,2026-06-02 08:01:00,Harbor Point,South,614,Debit Card,10.65
503464,2026-06-02,2026-06-02 11:37:00,Riverside,South,481,Credit Card,2.43
503465,2026-06-02,2026-06-02 08:24:00,Downtown,North,753,Credit Card,7.78
503466,2026-06-02,2026-06-02 07:03:00,Downtown,North,178,Cash,7.36
503467,2026-06-02,2026-06-02 09:35:00,Uptown Mall,East,432,Debit Card,2.69
503468,2026-06-02,2026-06-02 10:37:00,Harbor Point,South,898,Debit Card,17.67
503469,2026-06-02,2026-06-02 15:16:00,Airport Kiosk,West,370,Credit Card,3.19
503470,2026-06-02,2026-06-02 16:12:00,Uptown Mall,East,789,Debit Card,7.74
503471,2026-06-02,2026-06-02 12:39:00,Downtown,North,898,Debit Card,2.49
503472,2026-06-02,2026-06-02 09:00:00,Harbor Point,South,282,Mobile Pay,4.71
503473,2026-06-02,2026-06-02 15:32:00,Downtown,North,600,Credit Card,8.48
503474,2026-06-02,2026-06-02 18:54:00,Harbor Point,South,653,Cash,2.95
503475,2026-06-02,2026-06-02 08:48:00,Airport Kiosk,West,95,Debit Card,8.62
503476,2026-06-02,2026-06-02 08:25:00,Riverside,South,433,Debit Card,18.21
503477,2026-06-02,2026-06-02 18:33:00,Riverside,South,750,Debit Card,7.56
503478,2026-06-02,2026-06-02 09:01:00,Harbor Point,South,886,Mobile Pay,7.7
503479,2026-06-02,2026-06-02 08:43:00,Uptown Mall,East,224,Debit Card,36.52
503480,2026-06-02,2026-06-02 12:10:00,Riverside,South,722,Debit Card,3.47
503481,2026-06-02,2026-06-02 07:37:00,Harbor Point,South,669,Cash,3.88
503482,2026-06-02,2026-06-02 12:54:00,Downtown,North,117,Cash,13.02
503483,2026-06-02,2026-06-02 07:42:00,Riverside,South,36,Credit Card,10.27
503484,2026-06-02,2026-06-02 18:59:00,Uptown Mall,East,485,Credit Card,3.89
503485,2026-06-02,2026-06-02 08:53:00,Downtown,North,523,Credit Card,12.7
503486,2026-06-02,2026-06-02 15:00:00,Harbor Point,South,726,Credit Card,16.84
503487,2026-06-02,2026-06-02 08:22:00,Riverside,South,390,Cash,4.19
503488,2026-06-02,2026-06-02 09:35:00,Airport Kiosk,West,408,Credit Card,23.31
503489,2026-06-02,2026-06-02 08:04:00,Uptown Mall,East,632,Debit Card,11.62
503490,2026-06-02,2026-06-02 11:47:00,Uptown Mall,East,26,Cash,4.16
503491,2026-06-03,2026-06-03 11:53:00,Riverside,South,212,Debit Card,4.72
503492,2026-06-03,2026-06-03 14:04:00,Uptown Mall,East,727,Credit Card,16.62
503493,2026-06-03,2026-06-03 13:35:00,Riverside,South,222,Credit Card,3.98
503494,2026-06-03,2026-06-03 11:19:00,Harbor Point,South,414,Credit Card,3.95
503495,2026-06-03,2026-06-03 10:32:00,Airport Kiosk,West,818,Credit Card,7.7
503496,2026-06-03,2026-06-03 09:03:00,Riverside,South,170,Cash,8.15
503497,2026-06-03,2026-06-03 14:22:00,Harbor Point,South,541,Cash,4.74
503498,2026-06-03,2026-06-03 12:01:00,Uptown Mall,East,776,Debit Card,15.17
503499,2026-06-03,2026-06-03 09:11:00,Airport Kiosk,West,466,Credit Card,8.9
503500,2026-06-03,2026-06-03 14:06:00,Airport Kiosk,West,869,Debit Card,14.1
503501,2026-06-03,2026-06-03 12:34:00,Downtown,North,219,Debit Card,8.43
503502,2026-06-03,2026-06-03 16:51:00,Airport Kiosk,West,324,Credit Card,5.87
503503,2026-06-03,2026-06-03 12:48:00,Riverside,South,52,Credit Card,4.4
503504,2026-06-03,2026-06-03 07:11:00,Uptown Mall,East,160,Debit Card,7.1
503505,2026-06-03,2026-06-03 12:58:00,Uptown Mall,East,432,Debit Card,8.89
503506,2026-06-03,2026-06-03 07:00:00,Downtown,North,887,Debit Card,3.44
503507,2026-06-03,2026-06-03 10:51:00,Uptown Mall,East,117,Mobile Pay,7.0
503508,2026-06-03,2026-06-03 07:37:00,Riverside,South,747,Credit Card,9.32
503509,2026-06-03,2026-06-03 16:15:00,Riverside,South,416,Debit Card,14.22
503510,2026-06-03,2026-06-03 09:25:00,Uptown Mall,East,56,Credit Card,5.98
503511,2026-06-03,2026-06-03 17:39:00,Riverside,South,696,Debit Card,2.44
503512,2026-06-03,2026-06-03 07:05:00,Airport Kiosk,West,18,Credit Card,16.61
503513,2026-06-03,2026-06-03 07:55:00,Riverside,South,638,Credit Card,28.16
503514,2026-06-04,2026-06-04 07:38:00,Harbor Point,South,505,Debit Card,2.44
503515,2026-06-04,2026-06-04 18:23:00,Downtown,North,244,Credit Card,4.19
503516,2026-06-04,2026-06-04 12:03:00,Uptown Mall,East,36,Cash,16.11
503517,2026-06-04,2026-06-04 13:31:00,Uptown Mall,East,181,Mobile Pay,3.75
503518,2026-06-04,2026-06-04 13:06:00,Riverside,South,125,Credit Card,15.52
503519,2026-06-04,2026-06-04 12:06:00,Riverside,South,561,Credit Card,2.71
503520,2026-06-04,2026-06-04 08:16:00,Riverside,South,213,Credit Card,4.63
503521,2026-06-04,2026-06-04 08:16:00,Riverside,South,523,Mobile Pay,4.86
503522,2026-06-04,2026-06-04 07:03:00,Riverside,South,445,Credit Card,13.67
503523,2026-06-04,2026-06-04 14:59:00,Harbor Point,South,731,Mobile Pay,11.22
503524,2026-06-04,2026-06-04 13:25:00,Airport Kiosk,West,377,Credit Card,29.23
503525,2026-06-04,2026-06-04 13:21:00,Uptown Mall,East,184,Credit Card,5.62
503526,2026-06-04,2026-06-04 12:11:00,Riverside,South,133,Mobile Pay,4.19
503527,2026-06-04,2026-06-04 09:46:00,Uptown Mall,East,683,Credit Card,6.89
503528,2026-06-04,2026-06-04 07:57:00,Harbor Point,South,119,Debit Card,7.8
503529,2026-06-04,2026-06-04 10:00:00,Downtown,North,611,Credit Card,3.4
503530,2026-06-04,2026-06-04 16:10:00,Uptown Mall,East,106,Credit Card,8.04
503531,2026-06-04,2026-06-04 12:16:00,Airport Kiosk,West,862,Mobile Pay,11.92
503532,2026-06-04,2026-06-04 09:07:00,Riverside,South,20,Debit Card,11.16
503533,2026-06-05,2026-06-05 09:25:00,Downtown,North,834,Credit Card,19.63
503534,2026-06-05,2026-06-05 08:27:00,Airport Kiosk,West,265,Credit Card,7.59
503535,2026-06-05,2026-06-05 12:23:00,Airport Kiosk,West,363,Mobile Pay,6.34
503536,2026-06-05,2026-06-05 11:37:00,Harbor Point,South,787,Debit Card,4.68
503537,2026-06-05,2026-06-05 13:39:00,Airport Kiosk,West,44,Mobile Pay,22.97
503538,2026-06-05,2026-06-05 12:43:00,Harbor Point,South,77,Credit Card,7.63
503539,2026-06-05,2026-06-05 08:32:00,Downtown,North,32,Mobile Pay,3.65
503540,2026-06-05,2026-06-05 14:58:00,Airport Kiosk,West,694,Mobile Pay,15.55
503541,2026-06-05,2026-06-05 16:13:00,Airport Kiosk,West,757,Debit Card,8.33
503542,2026-06-05,2026-06-05 09:46:00,Uptown Mall,East,227,Mobile Pay,7.38
503543,2026-06-05,2026-06-05 08:22:00,Airport Kiosk,West,812,Credit Card,2.69
503544,2026-06-05,2026-06-05 11:58:00,Harbor Point,South,536,Mobile Pay,14.62
503545,2026-06-05,2026-06-05 10:41:00,Uptown Mall,East,41,Debit Card,3.68
503546,2026-06-05,2026-06-05 11:38:00,Riverside,South,23,Cash,20.08
503547,2026-06-05,2026-06-05 12:57:00,Airport Kiosk,West,268,Mobile Pay,9.89
503548,2026-06-05,2026-06-05 17:04:00,Downtown,North,313,Debit Card,11.42
503549,2026-06-05,2026-06-05 18:20:00,Airport Kiosk,West,453,Cash,11.48
503550,2026-06-05,2026-06-05 14:16:00,Airport Kiosk,West,854,Cash,17.74
503551,2026-06-05,2026-06-05 10:36:00,Riverside,South,777,Debit Card,8.34
503552,2026-06-05,2026-06-05 15:56:00,Uptown Mall,East,516,Debit Card,8.08
503553,2026-06-05,2026-06-05 14:20:00,Riverside,South,659,Mobile Pay,3.71
503554,2026-06-05,2026-06-05 09:52:00,Downtown,North,698,Debit Card,4.69
503555,2026-06-05,2026-06-05 09:22:00,Harbor Point,South,716,Cash,14.62
503556,2026-06-05,2026-06-05 17:43:00,Riverside,South,492,Mobile Pay,4.75
503557,2026-06-05,2026-06-05 09:54:00,Downtown,North,340,Credit Card,8.23
503558,2026-06-05,2026-06-05 10:21:00,Uptown Mall,East,170,Cash,14.74
503559,2026-06-05,2026-06-05 16:21:00,Uptown Mall,East,118,Credit Card,15.17
503560,2026-06-05,2026-06-05 10:57:00,Harbor Point,South,646,Debit Card,14.62
503561,2026-06-05,2026-06-05 12:18:00,Uptown Mall,East,669,Credit Card,12.66
503562,2026-06-05,2026-06-05 13:49:00,Downtown,North,42,Debit Card,12.27
503563,2026-06-06,2026-06-06 17:17:00,Harbor Point,South,584,Debit Card,30.55
503564,2026-06-06,2026-06-06 07:21:00,Downtown,North,82,Credit Card,9.14
503565,2026-06-06,2026-06-06 09:43:00,Uptown Mall,East,243,Mobile Pay,12.03
503566,2026-06-06,2026-06-06 09:16:00,Riverside,South,569,Cash,2.48
503567,2026-06-06,2026-06-06 17:31:00,Downtown,North,496,Credit Card,12.28
503568,2026-06-06,2026-06-06 13:39:00,Downtown,North,709,Mobile Pay,10.88
503569,2026-06-06,2026-06-06 09:20:00,Harbor Point,South,876,Mobile Pay,3.23
503570,2026-06-06,2026-06-06 08:39:00,Riverside,South,46,Mobile Pay,3.41
503571,2026-06-06,2026-06-06 07:25:00,Downtown,North,356,Credit Card,8.23
503572,2026-06-06,2026-06-06 07:56:00,Harbor Point,South,42,Mobile Pay,4.66
503573,2026-06-06,2026-06-06 07:26:00,Airport Kiosk,West,228,Debit Card,31.14
503574,2026-06-06,2026-06-06 18:26:00,Uptown Mall,East,36,Mobile Pay,6.82
503575,2026-06-06,2026-06-06 08:31:00,Airport Kiosk,West,859,Credit Card,6.32
503576,2026-06-06,2026-06-06 10:26:00,Uptown Mall,East,499,Debit Card,6.92
503577,2026-06-06,2026-06-06 14:19:00,Uptown Mall,East,376,Credit Card,2.71
503578,2026-06-06,2026-06-06 11:37:00,Downtown,North,145,Debit Card,6.65
503579,2026-06-06,2026-06-06 17:49:00,Downtown,North,857,Debit Card,7.45
503580,2026-06-06,2026-06-06 17:32:00,Airport Kiosk,West,467,Mobile Pay,2.98
503581,2026-06-06,2026-06-06 09:12:00,Uptown Mall,East,101,Debit Card,3.45
503582,2026-06-06,2026-06-06 08:01:00,Airport Kiosk,West,699,Debit Card,8.43
503583,2026-06-06,2026-06-06 13:51:00,Uptown Mall,East,314,Mobile Pay,11.72
503584,2026-06-06,2026-06-06 09:38:00,Uptown Mall,East,896,Cash,15.96
503585,2026-06-06,2026-06-06 12:38:00,Uptown Mall,East,254,Cash,11.12
503586,2026-06-06,2026-06-06 09:52:00,Uptown Mall,East,699,Mobile Pay,13.38
503587,2026-06-06,2026-06-06 09:06:00,Downtown,North,181,Mobile Pay,14.37
503588,2026-06-06,2026-06-06 12:34:00,Riverside,South,91,Debit Card,3.0
503589,2026-06-06,2026-06-06 09:18:00,Riverside,South,647,Debit Card,14.84
503590,2026-06-06,2026-06-06 15:14:00,Downtown,North,119,Debit Card,17.19
503591,2026-06-06,2026-06-06 12:08:00,Riverside,South,862,Mobile Pay,7.0
503592,2026-06-06,2026-06-06 12:22:00,Airport Kiosk,West,23,Debit Card,12.28
503593,2026-06-06,2026-06-06 07:16:00,Downtown,North,518,Credit Card,12.84
503594,2026-06-06,2026-06-06 08:17:00,Harbor Point,South,777,Credit Card,5.9
503595,2026-06-06,2026-06-06 13:09:00,Uptown Mall,East,58,Credit Card,3.64
503596,2026-06-06,2026-06-06 08:00:00,Downtown,North,851,Cash,18.61
503597,2026-06-06,2026-06-06 18:33:00,Harbor Point,South,808,Cash,22.45
503598,2026-06-06,2026-06-06 14:31:00,Uptown Mall,East,725,Mobile Pay,14.02
503599,2026-06-06,2026-06-06 07:17:00,Uptown Mall,East,96,Cash,21.2
503600,2026-06-06,2026-06-06 13:18:00,Airport Kiosk,West,693,Debit Card,4.66
503601,2026-06-06,2026-06-06 13:00:00,Harbor Point,South,221,Credit Card,14.89
503602,2026-06-06,2026-06-06 17:58:00,Uptown Mall,East,5,Credit Card,6.96
503603,2026-06-07,2026-06-07 10:24:00,Downtown,North,204,Debit Card,11.83
503604,2026-06-07,2026-06-07 17:53:00,Airport Kiosk,West,47,Debit Card,11.23
503605,2026-06-07,2026-06-07 07:06:00,Airport Kiosk,West,243,Credit Card,13.63
503606,2026-06-07,2026-06-07 10:40:00,Harbor Point,South,783,Cash,18.27
503607,2026-06-07,2026-06-07 09:04:00,Riverside,South,128,Cash,8.59
503608,2026-06-07,2026-06-07 16:42:00,Downtown,North,566,Credit Card,2.92
503609,2026-06-07,2026-06-07 07:31:00,Harbor Point,South,625,Debit Card,24.06
503610,2026-06-07,2026-06-07 10:01:00,Harbor Point,South,686,Debit Card,10.31
503611,2026-06-07,2026-06-07 09:59:00,Airport Kiosk,West,515,Mobile Pay,19.32
503612,2026-06-07,2026-06-07 12:09:00,Downtown,North,561,Mobile Pay,15.66
503613,2026-06-07,2026-06-07 10:26:00,Airport Kiosk,West,786,Debit Card,4.73
503614,2026-06-07,2026-06-07 10:02:00,Uptown Mall,East,28,Credit Card,6.89
503615,2026-06-07,2026-06-07 07:39:00,Uptown Mall,East,110,Cash,3.74
503616,2026-06-07,2026-06-07 14:55:00,Downtown,North,756,Mobile Pay,22.52
503617,2026-06-07,2026-06-07 07:58:00,Riverside,South,142,Mobile Pay,3.2
503618,2026-06-07,2026-06-07 08:34:00,Downtown,North,435,Credit Card,6.19
503619,2026-06-07,2026-06-07 14:01:00,Harbor Point,South,703,Credit Card,14.26
503620,2026-06-07,2026-06-07 12:25:00,Downtown,North,754,Credit Card,3.23
503621,2026-06-07,2026-06-07 07:12:00,Harbor Point,South,121,Debit Card,8.45
503622,2026-06-07,2026-06-07 18:42:00,Riverside,South,175,Credit Card,4.66
503623,2026-06-07,2026-06-07 16:33:00,Harbor Point,South,889,Debit Card,8.08
503624,2026-06-07,2026-06-07 18:08:00,Harbor Point,South,16,Debit Card,14.58
503625,2026-06-07,2026-06-07 09:08:00,Downtown,North,612,Credit Card,3.0
503626,2026-06-07,2026-06-07 13:21:00,Airport Kiosk,West,333,Debit Card,3.25
503627,2026-06-07,2026-06-07 13:29:00,Airport Kiosk,West,428,Debit Card,15.42
503628,2026-06-07,2026-06-07 11:04:00,Uptown Mall,East,275,Debit Card,3.46
503629,2026-06-07,2026-06-07 12:58:00,Harbor Point,South,869,Debit Card,7.35
503630,2026-06-07,2026-06-07 09:18:00,Airport Kiosk,West,368,Cash,5.86
503631,2026-06-08,2026-06-08 18:42:00,Harbor Point,South,199,Credit Card,6.9
503632,2026-06-08,2026-06-08 16:08:00,Uptown Mall,East,656,Debit Card,2.73
503633,2026-06-08,2026-06-08 10:13:00,Riverside,South,703,Debit Card,7.0
503634,2026-06-08,2026-06-08 11:24:00,Uptown Mall,East,783,Credit Card,11.2
503635,2026-06-08,2026-06-08 07:51:00,Airport Kiosk,West,879,Credit Card,8.01
503636,2026-06-08,2026-06-08 18:37:00,Airport Kiosk,West,779,Debit Card,4.41
503637,2026-06-08,2026-06-08 16:59:00,Downtown,North,800,Mobile Pay,8.22
503638,2026-06-08,2026-06-08 08:00:00,Riverside,South,787,Cash,2.99
503639,2026-06-08,2026-06-08 17:56:00,Downtown,North,398,Credit Card,2.98
503640,2026-06-08,2026-06-08 13:09:00,Harbor Point,South,356,Debit Card,7.3
503641,2026-06-08,2026-06-08 09:23:00,Downtown,North,520,Cash,7.16
503642,2026-06-08,2026-06-08 08:15:00,Downtown,North,16,Mobile Pay,18.14
503643,2026-06-08,2026-06-08 10:25:00,Harbor Point,South,793,Debit Card,3.4
503644,2026-06-08,2026-06-08 10:43:00,Uptown Mall,East,28,Credit Card,8.31
503645,2026-06-08,2026-06-08 13:18:00,Harbor Point,South,851,Debit Card,10.95
503646,2026-06-08,2026-06-08 07:43:00,Uptown Mall,East,420,Credit Card,11.79
503647,2026-06-08,2026-06-08 15:50:00,Downtown,North,781,Debit Card,10.56
503648,2026-06-08,2026-06-08 08:23:00,Riverside,South,535,Credit Card,9.42
503649,2026-06-08,2026-06-08 15:19:00,Airport Kiosk,West,260,Mobile Pay,7.75
503650,2026-06-08,2026-06-08 17:36:00,Riverside,South,897,Credit Card,6.98
503651,2026-06-08,2026-06-08 13:08:00,Airport Kiosk,West,758,Mobile Pay,3.18
503652,2026-06-08,2026-06-08 08:00:00,Downtown,North,377,Credit Card,8.16
503653,2026-06-08,2026-06-08 08:53:00,Airport Kiosk,West,327,Credit Card,7.64
503654,2026-06-08,2026-06-08 12:07:00,Harbor Point,South,706,Cash,10.33
503655,2026-06-08,2026-06-08 10:03:00,Harbor Point,South,485,Mobile Pay,11.8
503656,2026-06-09,2026-06-09 07:04:00,Downtown,North,480,Credit Card,12.01
503657,2026-06-09,2026-06-09 12:07:00,Airport Kiosk,West,114,Cash,3.21
503658,2026-06-09,2026-06-09 10:11:00,Downtown,North,829,Credit Card,6.36
503659,2026-06-09,2026-06-09 08:58:00,Uptown Mall,East,829,Credit Card,7.59
503660,2026-06-09,2026-06-09 09:35:00,Riverside,South,608,Credit Card,4.43
503661,2026-06-09,2026-06-09 08:13:00,Riverside,South,625,Cash,11.54
503662,2026-06-09,2026-06-09 16:37:00,Downtown,North,236,Mobile Pay,3.74
503663,2026-06-09,2026-06-09 09:47:00,Harbor Point,South,259,Credit Card,7.36
503664,2026-06-09,2026-06-09 10:13:00,Uptown Mall,East,451,Mobile Pay,3.74
503665,2026-06-09,2026-06-09 18:57:00,Harbor Point,South,244,Mobile Pay,6.41
503666,2026-06-09,2026-06-09 07:10:00,Harbor Point,South,513,Mobile Pay,19.68
503667,2026-06-09,2026-06-09 10:38:00,Harbor Point,South,818,Debit Card,7.68
503668,2026-06-09,2026-06-09 10:02:00,Riverside,South,701,Credit Card,12.76
503669,2026-06-09,2026-06-09 10:39:00,Downtown,North,262,Credit Card,3.43
503670,2026-06-09,2026-06-09 16:15:00,Uptown Mall,East,349,Mobile Pay,2.72
503671,2026-06-09,2026-06-09 08:48:00,Uptown Mall,East,405,Debit Card,7.72
503672,2026-06-09,2026-06-09 12:03:00,Airport Kiosk,West,826,Debit Card,3.89
503673,2026-06-09,2026-06-09 10:31:00,Riverside,South,22,Debit Card,10.73
503674,2026-06-09,2026-06-09 09:31:00,Uptown Mall,East,246,Mobile Pay,3.4
503675,2026-06-09,2026-06-09 17:53:00,Riverside,South,400,Credit Card,6.39
503676,2026-06-09,2026-06-09 09:55:00,Harbor Point,South,782,Cash,3.47
503677,2026-06-09,2026-06-09 16:56:00,Riverside,South,509,Cash,9.34
503678,2026-06-09,2026-06-09 18:56:00,Riverside,South,382,Debit Card,7.13
503679,2026-06-09,2026-06-09 10:23:00,Downtown,North,256,Credit Card,12.55
503680,2026-06-09,2026-06-09 12:38:00,Harbor Point,South,432,Mobile Pay,16.03
503681,2026-06-09,2026-06-09 18:25:00,Harbor Point,South,701,Debit Card,11.65
503682,2026-06-09,2026-06-09 08:17:00,Harbor Point,South,338,Mobile Pay,4.62
503683,2026-06-09,2026-06-09 09:25:00,Downtown,North,552,Credit Card,3.7
503684,2026-06-09,2026-06-09 13:35:00,Uptown Mall,East,148,Debit Card,16.68
503685,2026-06-09,2026-06-09 12:59:00,Airport Kiosk,West,436,Cash,8.01
503686,2026-06-09,2026-06-09 16:53:00,Riverside,South,25,Mobile Pay,5.94
503687,2026-06-09,2026-06-09 18:55:00,Riverside,South,859,Mobile Pay,10.56
503688,2026-06-09,2026-06-09 08:57:00,Harbor Point,South,370,Cash,4.47
503689,2026-06-10,2026-06-10 18:51:00,Harbor Point,South,472,Mobile Pay,7.54
503690,2026-06-10,2026-06-10 16:51:00,Uptown Mall,East,655,Credit Card,18.22
503691,2026-06-10,2026-06-10 10:45:00,Uptown Mall,East,699,Credit Card,15.12
503692,2026-06-10,2026-06-10 13:44:00,Riverside,South,617,Cash,11.43
503693,2026-06-10,2026-06-10 11:20:00,Downtown,North,431,Cash,7.34
503694,2026-06-10,2026-06-10 07:32:00,Uptown Mall,East,129,Mobile Pay,7.61
503695,2026-06-10,2026-06-10 08:59:00,Harbor Point,South,827,Debit Card,10.94
503696,2026-06-10,2026-06-10 18:24:00,Uptown Mall,East,474,Credit Card,24.08
503697,2026-06-10,2026-06-10 13:19:00,Uptown Mall,East,477,Cash,3.96
503698,2026-06-10,2026-06-10 12:43:00,Airport Kiosk,West,64,Debit Card,28.89
503699,2026-06-10,2026-06-10 15:03:00,Downtown,North,186,Cash,3.71
503700,2026-06-10,2026-06-10 14:34:00,Uptown Mall,East,721,Mobile Pay,19.88
503701,2026-06-10,2026-06-10 15:41:00,Uptown Mall,East,409,Debit Card,15.15
503702,2026-06-10,2026-06-10 11:07:00,Harbor Point,South,103,Debit Card,3.41
503703,2026-06-10,2026-06-10 16:56:00,Downtown,North,710,Credit Card,19.02
503704,2026-06-10,2026-06-10 14:17:00,Airport Kiosk,West,20,Debit Card,17.33
503705,2026-06-10,2026-06-10 07:51:00,Harbor Point,South,802,Debit Card,20.4
503706,2026-06-10,2026-06-10 18:24:00,Airport Kiosk,West,776,Debit Card,15.21
503707,2026-06-10,2026-06-10 12:04:00,Downtown,North,882,Credit Card,12.13
503708,2026-06-11,2026-06-11 10:17:00,Riverside,South,633,Credit Card,7.93
503709,2026-06-11,2026-06-11 09:49:00,Riverside,South,74,Cash,2.68
503710,2026-06-11,2026-06-11 17:22:00,Riverside,South,192,Cash,14.8
503711,2026-06-11,2026-06-11 08:48:00,Airport Kiosk,West,664,Cash,12.04
503712,2026-06-11,2026-06-11 15:45:00,Airport Kiosk,West,208,Credit Card,15.91
503713,2026-06-11,2026-06-11 09:39:00,Uptown Mall,East,515,Credit Card,7.39
503714,2026-06-11,2026-06-11 08:07:00,Airport Kiosk,West,62,Cash,3.42
503715,2026-06-11,2026-06-11 10:40:00,Airport Kiosk,West,634,Debit Card,12.0
503716,2026-06-11,2026-06-11 10:06:00,Airport Kiosk,West,408,Cash,6.21
503717,2026-06-11,2026-06-11 09:51:00,Riverside,South,222,Credit Card,9.4
503718,2026-06-11,2026-06-11 15:03:00,Riverside,South,794,Cash,4.39
503719,2026-06-11,2026-06-11 17:28:00,Airport Kiosk,West,301,Credit Card,14.77
503720,2026-06-11,2026-06-11 08:10:00,Uptown Mall,East,467,Credit Card,4.45
503721,2026-06-11,2026-06-11 12:53:00,Harbor Point,South,706,Debit Card,18.55
503722,2026-06-11,2026-06-11 14:32:00,Downtown,North,642,Debit Card,3.45
503723,2026-06-12,2026-06-12 10:55:00,Harbor Point,South,689,Credit Card,8.3
503724,2026-06-12,2026-06-12 07:23:00,Riverside,South,246,Debit Card,15.52
503725,2026-06-12,2026-06-12 15:50:00,Airport Kiosk,West,6,Debit Card,20.69
503726,2026-06-12,2026-06-12 15:07:00,Uptown Mall,East,444,Cash,15.46
503727,2026-06-12,2026-06-12 12:03:00,Airport Kiosk,West,669,Debit Card,3.65
503728,2026-06-12,2026-06-12 08:19:00,Airport Kiosk,West,306,Debit Card,4.44
503729,2026-06-12,2026-06-12 18:18:00,Downtown,North,702,Debit Card,15.04
503730,2026-06-12,2026-06-12 09:24:00,Downtown,North,558,Debit Card,7.6
503731,2026-06-12,2026-06-12 12:43:00,Harbor Point,South,781,Debit Card,2.43
503732,2026-06-12,2026-06-12 08:59:00,Airport Kiosk,West,718,Cash,3.7
503733,2026-06-12,2026-06-12 09:44:00,Riverside,South,807,Credit Card,15.28
503734,2026-06-12,2026-06-12 11:29:00,Harbor Point,South,227,Mobile Pay,3.92
503735,2026-06-12,2026-06-12 07:12:00,Airport Kiosk,West,187,Debit Card,5.64
503736,2026-06-12,2026-06-12 17:27:00,Riverside,South,878,Credit Card,11.19
503737,2026-06-12,2026-06-12 13:50:00,Downtown,North,4,Credit Card,16.54
503738,2026-06-12,2026-06-12 12:18:00,Riverside,South,673,Debit Card,8.46
503739,2026-06-12,2026-06-12 18:56:00,Harbor Point,South,739,Credit Card,10.29
503740,2026-06-12,2026-06-12 16:13:00,Uptown Mall,East,757,Credit Card,8.2
503741,2026-06-12,2026-06-12 08:11:00,Downtown,North,630,Credit Card,20.9
503742,2026-06-12,2026-06-12 16:10:00,Riverside,South,6,Debit Card,10.32
503743,2026-06-12,2026-06-12 13:50:00,Downtown,North,410,Credit Card,16.61
503744,2026-06-12,2026-06-12 17:49:00,Airport Kiosk,West,74,Cash,23.36
503745,2026-06-12,2026-06-12 16:06:00,Harbor Point,South,83,Credit Card,15.62
503746,2026-06-12,2026-06-12 18:10:00,Downtown,North,65,Debit Card,11.35
503747,2026-06-12,2026-06-12 12:30:00,Riverside,South,632,Debit Card,17.93
503748,2026-06-12,2026-06-12 10:26:00,Uptown Mall,East,104,Mobile Pay,3.68
503749,2026-06-12,2026-06-12 17:11:00,Harbor Point,South,569,Credit Card,3.48
503750,2026-06-12,2026-06-12 17:26:00,Harbor Point,South,356,Credit Card,3.97
503751,2026-06-12,2026-06-12 18:02:00,Harbor Point,South,323,Mobile Pay,3.15
503752,2026-06-12,2026-06-12 08:58:00,Harbor Point,South,357,Mobile Pay,8.45
503753,2026-06-12,2026-06-12 11:05:00,Downtown,North,839,Credit Card,16.11
503754,2026-06-12,2026-06-12 09:27:00,Riverside,South,628,Debit Card,16.12
503755,2026-06-13,2026-06-13 08:01:00,Downtown,North,721,Mobile Pay,3.18
503756,2026-06-13,2026-06-13 12:57:00,Uptown Mall,East,119,Credit Card,7.44
503757,2026-06-13,2026-06-13 08:53:00,Downtown,North,730,Mobile Pay,4.13
503758,2026-06-13,2026-06-13 09:52:00,Downtown,North,237,Credit Card,2.48
503759,2026-06-13,2026-06-13 08:56:00,Downtown,North,626,Mobile Pay,2.48
503760,2026-06-13,2026-06-13 09:41:00,Airport Kiosk,West,39,Credit Card,11.96
503761,2026-06-13,2026-06-13 16:40:00,Harbor Point,South,141,Debit Card,7.58
503762,2026-06-13,2026-06-13 09:28:00,Uptown Mall,East,404,Credit Card,3.49
503763,2026-06-13,2026-06-13 11:31:00,Riverside,South,301,Credit Card,24.16
503764,2026-06-13,2026-06-13 07:34:00,Airport Kiosk,West,102,Credit Card,3.95
503765,2026-06-13,2026-06-13 07:41:00,Downtown,North,724,Cash,9.11
503766,2026-06-13,2026-06-13 07:05:00,Airport Kiosk,West,597,Credit Card,2.97
503767,2026-06-13,2026-06-13 08:30:00,Harbor Point,South,348,Mobile Pay,4.24
503768,2026-06-13,2026-06-13 07:39:00,Uptown Mall,East,179,Credit Card,9.05
503769,2026-06-13,2026-06-13 09:45:00,Downtown,North,889,Mobile Pay,17.77
503770,2026-06-13,2026-06-13 10:57:00,Uptown Mall,East,3,Credit Card,14.61
503771,2026-06-13,2026-06-13 13:57:00,Harbor Point,South,14,Debit Card,13.83
503772,2026-06-13,2026-06-13 12:28:00,Riverside,South,426,Debit Card,11.69
503773,2026-06-13,2026-06-13 16:30:00,Harbor Point,South,769,Debit Card,15.26
503774,2026-06-13,2026-06-13 16:22:00,Riverside,South,101,Cash,2.73
503775,2026-06-13,2026-06-13 12:34:00,Harbor Point,South,436,Mobile Pay,7.67
503776,2026-06-13,2026-06-13 12:06:00,Harbor Point,South,463,Debit Card,7.41
503777,2026-06-13,2026-06-13 11:25:00,Harbor Point,South,589,Debit Card,2.95
503778,2026-06-13,2026-06-13 12:12:00,Harbor Point,South,763,Cash,3.24
503779,2026-06-13,2026-06-13 10:37:00,Riverside,South,437,Debit Card,21.43
503780,2026-06-13,2026-06-13 14:13:00,Airport Kiosk,West,73,Mobile Pay,20.94
503781,2026-06-13,2026-06-13 18:18:00,Downtown,North,789,Credit Card,17.22
503782,2026-06-13,2026-06-13 07:49:00,Downtown,North,513,Credit Card,11.06
503783,2026-06-13,2026-06-13 08:46:00,Riverside,South,567,Credit Card,8.02
503784,2026-06-13,2026-06-13 10:26:00,Airport Kiosk,West,134,Cash,26.17
503785,2026-06-13,2026-06-13 16:24:00,Downtown,North,505,Mobile Pay,19.04
503786,2026-06-13,2026-06-13 13:08:00,Harbor Point,South,201,Cash,11.89
503787,2026-06-13,2026-06-13 07:44:00,Airport Kiosk,West,124,Credit Card,8.17
503788,2026-06-13,2026-06-13 11:58:00,Downtown,North,610,Credit Card,32.35
503789,2026-06-13,2026-06-13 15:10:00,Uptown Mall,East,103,Credit Card,8.47
503790,2026-06-13,2026-06-13 17:43:00,Downtown,North,655,Cash,10.97
503791,2026-06-13,2026-06-13 08:08:00,Harbor Point,South,663,Cash,3.44
503792,2026-06-13,2026-06-13 09:34:00,Airport Kiosk,West,134,Credit Card,8.14
503793,2026-06-13,2026-06-13 10:47:00,Riverside,South,396,Debit Card,11.55
503794,2026-06-14,2026-06-14 17:11:00,Riverside,South,339,Cash,4.15
503795,2026-06-14,2026-06-14 12:12:00,Harbor Point,South,45,Cash,14.93
503796,2026-06-14,2026-06-14 17:28:00,Downtown,North,172,Cash,9.1
503797,2026-06-14,2026-06-14 08:00:00,Riverside,South,154,Credit Card,8.05
503798,2026-06-14,2026-06-14 07:18:00,Uptown Mall,East,216,Credit Card,10.76
503799,2026-06-14,2026-06-14 14:04:00,Downtown,North,658,Credit Card,3.16
503800,2026-06-14,2026-06-14 11:52:00,Uptown Mall,East,389,Credit Card,8.2
503801,2026-06-14,2026-06-14 09:09:00,Airport Kiosk,West,336,Debit Card,4.65
503802,2026-06-14,2026-06-14 12:07:00,Riverside,South,329,Cash,3.75
503803,2026-06-14,2026-06-14 09:58:00,Riverside,South,82,Credit Card,20.26
503804,2026-06-14,2026-06-14 17:36:00,Harbor Point,South,392,Credit Card,7.89
503805,2026-06-14,2026-06-14 13:33:00,Uptown Mall,East,563,Debit Card,3.45
503806,2026-06-14,2026-06-14 13:21:00,Harbor Point,South,283,Debit Card,9.28
503807,2026-06-14,2026-06-14 09:24:00,Downtown,North,311,Debit Card,5.93
503808,2026-06-14,2026-06-14 15:51:00,Riverside,South,260,Mobile Pay,8.23
503809,2026-06-14,2026-06-14 13:22:00,Downtown,North,613,Credit Card,14.7
503810,2026-06-14,2026-06-14 18:49:00,Harbor Point,South,890,Credit Card,5.0
503811,2026-06-14,2026-06-14 10:22:00,Harbor Point,South,753,Mobile Pay,2.94
503812,2026-06-14,2026-06-14 08:16:00,Uptown Mall,East,886,Debit Card,28.01
503813,2026-06-14,2026-06-14 11:16:00,Downtown,North,392,Mobile Pay,8.78
503814,2026-06-14,2026-06-14 18:31:00,Uptown Mall,East,64,Cash,3.41
503815,2026-06-14,2026-06-14 15:00:00,Riverside,South,262,Mobile Pay,3.49
503816,2026-06-14,2026-06-14 08:50:00,Harbor Point,South,558,Cash,8.36
503817,2026-06-14,2026-06-14 08:17:00,Uptown Mall,East,263,Debit Card,14.62
503818,2026-06-14,2026-06-14 08:23:00,Harbor Point,South,709,Credit Card,11.3
503819,2026-06-14,2026-06-14 07:25:00,Airport Kiosk,West,281,Debit Card,3.44
503820,2026-06-14,2026-06-14 07:05:00,Downtown,North,19,Credit Card,14.31
503821,2026-06-14,2026-06-14 07:00:00,Uptown Mall,East,772,Mobile Pay,3.96
503822,2026-06-14,2026-06-14 08:34:00,Riverside,South,472,Debit Card,2.99
503823,2026-06-14,2026-06-14 11:02:00,Downtown,North,551,Cash,14.52
503824,2026-06-14,2026-06-14 14:42:00,Airport Kiosk,West,402,Debit Card,4.16
503825,2026-06-14,2026-06-14 11:59:00,Downtown,North,518,Mobile Pay,11.84
503826,2026-06-14,2026-06-14 16:46:00,Riverside,South,250,Cash,14.58
503827,2026-06-14,2026-06-14 11:23:00,Uptown Mall,East,515,Cash,3.2
503828,2026-06-14,2026-06-14 15:05:00,Riverside,South,894,Debit Card,15.01
503829,2026-06-14,2026-06-14 12:01:00,Airport Kiosk,West,99,Credit Card,11.12
503830,2026-06-14,2026-06-14 08:17:00,Airport Kiosk,West,759,Credit Card,12.73
503831,2026-06-14,2026-06-14 18:28:00,Harbor Point,South,531,Credit Card,2.45
503832,2026-06-14,2026-06-14 08:01:00,Harbor Point,South,215,Credit Card,6.67
503833,2026-06-14,2026-06-14 11:22:00,Harbor Point,South,853,Debit Card,8.96
503834,2026-06-15,2026-06-15 10:11:00,Downtown,North,226,Debit Card,6.32
503835,2026-06-15,2026-06-15 07:56:00,Harbor Point,South,283,Cash,14.74
503836,2026-06-15,2026-06-15 07:31:00,Airport Kiosk,West,66,Credit Card,10.63
503837,2026-06-15,2026-06-15 08:38:00,Harbor Point,South,356,Debit Card,3.25
503838,2026-06-15,2026-06-15 12:40:00,Uptown Mall,East,716,Cash,19.74
503839,2026-06-15,2026-06-15 17:49:00,Riverside,South,549,Mobile Pay,2.48
503840,2026-06-15,2026-06-15 08:52:00,Riverside,South,492,Debit Card,3.2
503841,2026-06-15,2026-06-15 10:19:00,Downtown,North,769,Mobile Pay,27.96
503842,2026-06-15,2026-06-15 08:24:00,Downtown,North,883,Cash,8.3
503843,2026-06-15,2026-06-15 09:12:00,Airport Kiosk,West,589,Credit Card,19.92
503844,2026-06-15,2026-06-15 16:37:00,Harbor Point,South,54,Cash,7.65
503845,2026-06-15,2026-06-15 08:31:00,Uptown Mall,East,267,Credit Card,2.98
503846,2026-06-15,2026-06-15 08:33:00,Airport Kiosk,West,238,Mobile Pay,29.83
503847,2026-06-15,2026-06-15 08:24:00,Riverside,South,881,Cash,21.31
503848,2026-06-15,2026-06-15 08:26:00,Airport Kiosk,West,82,Mobile Pay,4.21
503849,2026-06-15,2026-06-15 07:44:00,Riverside,South,405,Credit Card,15.09
503850,2026-06-15,2026-06-15 11:46:00,Harbor Point,South,57,Mobile Pay,8.01
503851,2026-06-15,2026-06-15 18:39:00,Uptown Mall,East,322,Mobile Pay,11.27
503852,2026-06-15,2026-06-15 16:26:00,Harbor Point,South,833,Credit Card,23.3
503853,2026-06-15,2026-06-15 14:30:00,Riverside,South,172,Cash,10.35
503854,2026-06-15,2026-06-15 12:17:00,Downtown,North,687,Cash,6.9
503855,2026-06-15,2026-06-15 16:23:00,Harbor Point,South,425,Mobile Pay,3.49
503856,2026-06-15,2026-06-15 07:01:00,Downtown,North,169,Cash,15.68
503857,2026-06-16,2026-06-16 11:08:00,Downtown,North,367,Credit Card,3.93
503858,2026-06-16,2026-06-16 15:43:00,Airport Kiosk,West,460,Credit Card,2.47
503859,2026-06-16,2026-06-16 12:47:00,Riverside,South,192,Mobile Pay,8.19
503860,2026-06-16,2026-06-16 08:41:00,Uptown Mall,East,624,Credit Card,4.65
503861,2026-06-16,2026-06-16 08:34:00,Riverside,South,535,Debit Card,14.81
503862,2026-06-16,2026-06-16 18:06:00,Airport Kiosk,West,765,Debit Card,7.39
503863,2026-06-16,2026-06-16 16:21:00,Airport Kiosk,West,530,Debit Card,3.68
503864,2026-06-16,2026-06-16 17:14:00,Harbor Point,South,741,Credit Card,3.65
503865,2026-06-16,2026-06-16 17:55:00,Downtown,North,374,Debit Card,14.97
503866,2026-06-16,2026-06-16 08:46:00,Uptown Mall,East,470,Debit Card,10.91
503867,2026-06-16,2026-06-16 11:23:00,Riverside,South,878,Mobile Pay,11.76
503868,2026-06-16,2026-06-16 11:41:00,Harbor Point,South,337,Cash,13.26
503869,2026-06-16,2026-06-16 17:17:00,Harbor Point,South,288,Mobile Pay,14.8
503870,2026-06-16,2026-06-16 18:02:00,Riverside,South,883,Cash,17.24
503871,2026-06-16,2026-06-16 11:34:00,Airport Kiosk,West,38,Credit Card,14.01
503872,2026-06-16,2026-06-16 09:02:00,Airport Kiosk,West,671,Debit Card,3.25
503873,2026-06-16,2026-06-16 07:17:00,Riverside,South,838,Credit Card,3.69
503874,2026-06-16,2026-06-16 14:48:00,Harbor Point,South,780,Mobile Pay,6.82
503875,2026-06-16,2026-06-16 09:02:00,Riverside,South,108,Cash,3.46
503876,2026-06-16,2026-06-16 17:53:00,Uptown Mall,East,337,Mobile Pay,7.61
503877,2026-06-16,2026-06-16 17:54:00,Downtown,North,491,Mobile Pay,15.02
503878,2026-06-16,2026-06-16 13:50:00,Riverside,South,293,Cash,6.6
503879,2026-06-16,2026-06-16 15:28:00,Uptown Mall,East,773,Credit Card,14.57
503880,2026-06-16,2026-06-16 13:42:00,Riverside,South,795,Debit Card,3.72
503881,2026-06-16,2026-06-16 10:47:00,Riverside,South,284,Cash,8.02
503882,2026-06-16,2026-06-16 10:24:00,Uptown Mall,East,266,Credit Card,7.32
503883,2026-06-16,2026-06-16 13:22:00,Uptown Mall,East,473,Credit Card,12.74
503884,2026-06-16,2026-06-16 18:42:00,Uptown Mall,East,793,Mobile Pay,13.94
503885,2026-06-16,2026-06-16 07:44:00,Downtown,North,471,Credit Card,7.29
503886,2026-06-16,2026-06-16 08:23:00,Uptown Mall,East,254,Mobile Pay,16.11
503887,2026-06-16,2026-06-16 11:30:00,Downtown,North,793,Debit Card,6.2
503888,2026-06-16,2026-06-16 07:00:00,Riverside,South,196,Credit Card,3.4
503889,2026-06-16,2026-06-16 15:48:00,Downtown,North,170,Credit Card,4.38
503890,2026-06-16,2026-06-16 10:07:00,Airport Kiosk,West,824,Credit Card,11.13
503891,2026-06-17,2026-06-17 13:43:00,Riverside,South,553,Credit Card,3.93
503892,2026-06-17,2026-06-17 18:11:00,Uptown Mall,East,437,Credit Card,6.9
503893,2026-06-17,2026-06-17 08:40:00,Uptown Mall,East,223,Debit Card,8.38
503894,2026-06-17,2026-06-17 16:31:00,Riverside,South,366,Cash,7.45
503895,2026-06-17,2026-06-17 10:26:00,Uptown Mall,East,563,Credit Card,10.69
503896,2026-06-17,2026-06-17 12:05:00,Harbor Point,South,31,Debit Card,16.57
503897,2026-06-17,2026-06-17 09:09:00,Riverside,South,750,Credit Card,6.14
503898,2026-06-17,2026-06-17 07:47:00,Harbor Point,South,576,Credit Card,33.39
503899,2026-06-17,2026-06-17 14:57:00,Uptown Mall,East,33,Credit Card,5.86
503900,2026-06-17,2026-06-17 08:18:00,Airport Kiosk,West,544,Mobile Pay,19.02
503901,2026-06-17,2026-06-17 08:19:00,Airport Kiosk,West,471,Credit Card,8.96
503902,2026-06-17,2026-06-17 17:58:00,Downtown,North,371,Credit Card,7.61
503903,2026-06-17,2026-06-17 14:21:00,Harbor Point,South,84,Credit Card,19.08
503904,2026-06-17,2026-06-17 11:11:00,Downtown,North,182,Credit Card,12.11
503905,2026-06-17,2026-06-17 11:16:00,Airport Kiosk,West,702,Credit Card,4.69
503906,2026-06-17,2026-06-17 12:02:00,Downtown,North,88,Credit Card,2.68
503907,2026-06-17,2026-06-17 14:29:00,Riverside,South,560,Debit Card,10.45
503908,2026-06-17,2026-06-17 08:39:00,Downtown,North,528,Cash,3.48
503909,2026-06-17,2026-06-17 10:52:00,Harbor Point,South,343,Mobile Pay,10.45
503910,2026-06-17,2026-06-17 10:00:00,Riverside,South,492,Credit Card,7.57
503911,2026-06-17,2026-06-17 18:30:00,Riverside,South,488,Credit Card,11.68
503912,2026-06-17,2026-06-17 11:45:00,Uptown Mall,East,682,Cash,7.32
503913,2026-06-17,2026-06-17 08:45:00,Downtown,North,112,Mobile Pay,11.76
503914,2026-06-17,2026-06-17 11:48:00,Riverside,South,44,Mobile Pay,26.62
503915,2026-06-17,2026-06-17 07:32:00,Harbor Point,South,216,Cash,8.2
503916,2026-06-17,2026-06-17 09:00:00,Downtown,North,155,Credit Card,12.62
503917,2026-06-18,2026-06-18 09:04:00,Downtown,North,157,Cash,7.43
503918,2026-06-18,2026-06-18 08:03:00,Harbor Point,South,683,Mobile Pay,8.48
503919,2026-06-18,2026-06-18 10:16:00,Uptown Mall,East,693,Credit Card,5.94
503920,2026-06-18,2026-06-18 12:25:00,Downtown,North,609,Credit Card,25.35
503921,2026-06-18,2026-06-18 18:38:00,Downtown,North,828,Credit Card,21.73
503922,2026-06-18,2026-06-18 18:56:00,Downtown,North,498,Cash,37.92
503923,2026-06-18,2026-06-18 07:17:00,Harbor Point,South,73,Mobile Pay,15.21
503924,2026-06-18,2026-06-18 08:58:00,Downtown,North,311,Debit Card,14.98
503925,2026-06-18,2026-06-18 15:52:00,Uptown Mall,East,84,Mobile Pay,9.82
503926,2026-06-18,2026-06-18 07:02:00,Uptown Mall,East,63,Mobile Pay,8.43
503927,2026-06-18,2026-06-18 10:28:00,Uptown Mall,East,834,Credit Card,19.57
503928,2026-06-18,2026-06-18 16:00:00,Airport Kiosk,West,264,Credit Card,4.74
503929,2026-06-18,2026-06-18 08:30:00,Riverside,South,584,Cash,2.43
503930,2026-06-18,2026-06-18 09:19:00,Downtown,North,101,Debit Card,22.46
503931,2026-06-18,2026-06-18 12:58:00,Downtown,North,757,Credit Card,5.86
503932,2026-06-18,2026-06-18 11:44:00,Riverside,South,119,Debit Card,3.16
503933,2026-06-18,2026-06-18 08:20:00,Downtown,North,825,Cash,11.66
503934,2026-06-18,2026-06-18 10:40:00,Downtown,North,637,Credit Card,16.81
503935,2026-06-18,2026-06-18 10:01:00,Downtown,North,44,Credit Card,7.38
503936,2026-06-18,2026-06-18 09:09:00,Harbor Point,South,23,Credit Card,5.47
503937,2026-06-18,2026-06-18 08:42:00,Uptown Mall,East,601,Debit Card,11.93
503938,2026-06-18,2026-06-18 18:16:00,Downtown,North,877,Cash,4.18
503939,2026-06-18,2026-06-18 17:00:00,Riverside,South,46,Debit Card,3.96
503940,2026-06-18,2026-06-18 08:03:00,Harbor Point,South,96,Cash,6.4
503941,2026-06-18,2026-06-18 12:51:00,Harbor Point,South,549,Mobile Pay,3.45
503942,2026-06-18,2026-06-18 13:10:00,Airport Kiosk,West,556,Debit Card,10.48
503943,2026-06-18,2026-06-18 07:47:00,Uptown Mall,East,247,Cash,3.95
503944,2026-06-18,2026-06-18 10:42:00,Harbor Point,South,492,Credit Card,3.99
503945,2026-06-18,2026-06-18 08:40:00,Uptown Mall,East,246,Debit Card,10.84
503946,2026-06-18,2026-06-18 09:02:00,Riverside,South,559,Cash,7.52
503947,2026-06-19,2026-06-19 17:47:00,Airport Kiosk,West,869,Debit Card,16.38
503948,2026-06-19,2026-06-19 09:09:00,Airport Kiosk,West,703,Debit Card,8.16
503949,2026-06-19,2026-06-19 12:44:00,Riverside,South,27,Cash,8.11
503950,2026-06-19,2026-06-19 17:46:00,Harbor Point,South,570,Debit Card,24.55
503951,2026-06-19,2026-06-19 07:44:00,Airport Kiosk,West,1,Mobile Pay,14.01
503952,2026-06-19,2026-06-19 12:13:00,Airport Kiosk,West,122,Mobile Pay,8.41
503953,2026-06-19,2026-06-19 08:12:00,Downtown,North,262,Credit Card,16.25
503954,2026-06-19,2026-06-19 18:26:00,Harbor Point,South,499,Credit Card,8.47
503955,2026-06-19,2026-06-19 11:13:00,Uptown Mall,East,657,Credit Card,15.64
503956,2026-06-19,2026-06-19 10:52:00,Downtown,North,866,Cash,14.68
503957,2026-06-19,2026-06-19 10:33:00,Riverside,South,190,Credit Card,8.38
503958,2026-06-19,2026-06-19 10:21:00,Uptown Mall,East,392,Cash,22.48
503959,2026-06-19,2026-06-19 17:45:00,Riverside,South,468,Debit Card,4.24
503960,2026-06-19,2026-06-19 12:35:00,Downtown,North,786,Credit Card,7.77
503961,2026-06-19,2026-06-19 11:17:00,Uptown Mall,East,699,Mobile Pay,6.42
503962,2026-06-19,2026-06-19 14:32:00,Uptown Mall,East,633,Credit Card,16.27
503963,2026-06-19,2026-06-19 12:26:00,Airport Kiosk,West,223,Credit Card,4.45
503964,2026-06-19,2026-06-19 07:37:00,Downtown,North,320,Mobile Pay,7.37
503965,2026-06-19,2026-06-19 11:21:00,Riverside,South,431,Debit Card,2.96
503966,2026-06-19,2026-06-19 07:40:00,Uptown Mall,East,383,Mobile Pay,4.61
503967,2026-06-19,2026-06-19 14:17:00,Riverside,South,287,Cash,12.41
503968,2026-06-19,2026-06-19 12:03:00,Uptown Mall,East,643,Credit Card,3.16
503969,2026-06-19,2026-06-19 07:43:00,Harbor Point,South,347,Credit Card,14.21
503970,2026-06-19,2026-06-19 12:15:00,Riverside,South,536,Debit Card,11.9
503971,2026-06-19,2026-06-19 10:11:00,Airport Kiosk,West,582,Mobile Pay,3.44
503972,2026-06-19,2026-06-19 13:57:00,Riverside,South,771,Debit Card,7.64
503973,2026-06-19,2026-06-19 09:38:00,Downtown,North,648,Cash,7.73
503974,2026-06-19,2026-06-19 09:57:00,Harbor Point,South,150,Debit Card,9.24
503975,2026-06-20,2026-06-20 11:23:00,Downtown,North,217,Mobile Pay,4.0
503976,2026-06-20,2026-06-20 07:11:00,Airport Kiosk,West,175,Debit Card,15.61
503977,2026-06-20,2026-06-20 07:58:00,Airport Kiosk,West,371,Debit Card,22.36
503978,2026-06-20,2026-06-20 15:02:00,Downtown,North,196,Credit Card,7.2
503979,2026-06-20,2026-06-20 11:02:00,Uptown Mall,East,103,Credit Card,8.21
503980,2026-06-20,2026-06-20 07:18:00,Airport Kiosk,West,557,Debit Card,6.89
503981,2026-06-20,2026-06-20 09:10:00,Downtown,North,438,Mobile Pay,3.64
503982,2026-06-20,2026-06-20 09:29:00,Harbor Point,South,659,Debit Card,3.46
503983,2026-06-20,2026-06-20 09:46:00,Riverside,South,773,Mobile Pay,15.75
503984,2026-06-20,2026-06-20 08:05:00,Harbor Point,South,203,Credit Card,3.65
503985,2026-06-20,2026-06-20 11:33:00,Riverside,South,421,Cash,12.04
503986,2026-06-20,2026-06-20 07:42:00,Uptown Mall,East,556,Mobile Pay,7.84
503987,2026-06-20,2026-06-20 11:25:00,Airport Kiosk,West,89,Credit Card,15.59
503988,2026-06-20,2026-06-20 09:13:00,Riverside,South,525,Credit Card,13.9
503989,2026-06-20,2026-06-20 08:28:00,Airport Kiosk,West,227,Debit Card,5.36
503990,2026-06-20,2026-06-20 14:42:00,Airport Kiosk,West,74,Mobile Pay,9.24
503991,2026-06-20,2026-06-20 07:48:00,Harbor Point,South,722,Credit Card,14.22
503992,2026-06-20,2026-06-20 11:03:00,Airport Kiosk,West,580,Cash,6.2
503993,2026-06-20,2026-06-20 07:49:00,Airport Kiosk,West,190,Debit Card,2.91
503994,2026-06-20,2026-06-20 09:24:00,Downtown,North,309,Cash,3.23
503995,2026-06-20,2026-06-20 09:42:00,Uptown Mall,East,174,Credit Card,19.01
503996,2026-06-20,2026-06-20 07:39:00,Harbor Point,South,156,Credit Card,12.19
503997,2026-06-20,2026-06-20 15:14:00,Harbor Point,South,706,Debit Card,23.3
503998,2026-06-20,2026-06-20 08:34:00,Downtown,North,109,Mobile Pay,11.32
503999,2026-06-20,2026-06-20 08:07:00,Uptown Mall,East,638,Mobile Pay,11.25
504000,2026-06-20,2026-06-20 07:23:00,Uptown Mall,East,25,Debit Card,20.83
504001,2026-06-20,2026-06-20 14:05:00,Airport Kiosk,West,407,Credit Card,11.03
504002,2026-06-20,2026-06-20 13:44:00,Downtown,North,239,Debit Card,4.46
504003,2026-06-20,2026-06-20 12:59:00,Airport Kiosk,West,544,Mobile Pay,9.55
504004,2026-06-20,2026-06-20 10:31:00,Harbor Point,South,448,Credit Card,8.29
504005,2026-06-20,2026-06-20 14:24:00,Harbor Point,South,388,Credit Card,3.22
504006,2026-06-20,2026-06-20 17:37:00,Airport Kiosk,West,693,Cash,20.69
504007,2026-06-20,2026-06-20 09:50:00,Uptown Mall,East,8,Credit Card,7.5
504008,2026-06-20,2026-06-20 11:33:00,Uptown Mall,East,866,Mobile Pay,4.67
504009,2026-06-20,2026-06-20 15:39:00,Riverside,South,882,Mobile Pay,3.93
504010,2026-06-20,2026-06-20 08:50:00,Riverside,South,200,Credit Card,11.96
504011,2026-06-20,2026-06-20 14:25:00,Harbor Point,South,338,Mobile Pay,4.71
504012,2026-06-21,2026-06-21 09:45:00,Riverside,South,660,Debit Card,29.01
504013,2026-06-21,2026-06-21 12:47:00,Riverside,South,696,Mobile Pay,2.93
504014,2026-06-21,2026-06-21 10:34:00,Riverside,South,226,Debit Card,11.27
504015,2026-06-21,2026-06-21 10:40:00,Uptown Mall,East,182,Debit Card,4.7
504016,2026-06-21,2026-06-21 17:10:00,Riverside,South,699,Credit Card,6.38
504017,2026-06-21,2026-06-21 10:38:00,Downtown,North,606,Debit Card,9.34
504018,2026-06-21,2026-06-21 10:59:00,Uptown Mall,East,652,Credit Card,2.46
504019,2026-06-21,2026-06-21 09:19:00,Riverside,South,228,Mobile Pay,7.5
504020,2026-06-21,2026-06-21 15:47:00,Uptown Mall,East,511,Cash,7.58
504021,2026-06-21,2026-06-21 14:14:00,Harbor Point,South,338,Credit Card,2.97
504022,2026-06-21,2026-06-21 07:37:00,Uptown Mall,East,155,Credit Card,16.45
504023,2026-06-21,2026-06-21 07:44:00,Uptown Mall,East,771,Debit Card,23.77
504024,2026-06-21,2026-06-21 10:44:00,Downtown,North,588,Debit Card,7.66
504025,2026-06-21,2026-06-21 17:56:00,Airport Kiosk,West,245,Cash,37.8
504026,2026-06-21,2026-06-21 10:36:00,Airport Kiosk,West,571,Credit Card,3.44
504027,2026-06-21,2026-06-21 15:51:00,Downtown,North,346,Credit Card,9.95
504028,2026-06-21,2026-06-21 17:04:00,Uptown Mall,East,301,Credit Card,8.93
504029,2026-06-21,2026-06-21 08:52:00,Harbor Point,South,568,Mobile Pay,9.62
504030,2026-06-21,2026-06-21 09:55:00,Downtown,North,181,Mobile Pay,4.74
504031,2026-06-21,2026-06-21 14:19:00,Riverside,South,223,Credit Card,3.5
504032,2026-06-21,2026-06-21 11:39:00,Riverside,South,378,Credit Card,10.67
504033,2026-06-21,2026-06-21 14:00:00,Uptown Mall,East,246,Debit Card,6.38
504034,2026-06-21,2026-06-21 09:03:00,Uptown Mall,East,825,Credit Card,2.95
504035,2026-06-21,2026-06-21 08:48:00,Airport Kiosk,West,304,Credit Card,11.27
504036,2026-06-21,2026-06-21 10:34:00,Harbor Point,South,104,Cash,16.86
504037,2026-06-21,2026-06-21 10:37:00,Airport Kiosk,West,687,Credit Card,15.88
504038,2026-06-21,2026-06-21 18:02:00,Uptown Mall,East,721,Credit Card,13.25
504039,2026-06-21,2026-06-21 07:18:00,Airport Kiosk,West,673,Mobile Pay,8.17
504040,2026-06-21,2026-06-21 09:26:00,Airport Kiosk,West,528,Mobile Pay,19.47
504041,2026-06-21,2026-06-21 09:24:00,Riverside,South,235,Cash,15.45
504042,2026-06-21,2026-06-21 07:07:00,Airport Kiosk,West,522,Mobile Pay,4.75
504043,2026-06-21,2026-06-21 09:36:00,Harbor Point,South,575,Credit Card,15.28
504044,2026-06-21,2026-06-21 07:50:00,Uptown Mall,East,413,Mobile Pay,20.23
504045,2026-06-21,2026-06-21 09:38:00,Airport Kiosk,West,392,Cash,2.45
504046,2026-06-22,2026-06-22 11:40:00,Harbor Point,South,628,Debit Card,8.1
504047,2026-06-22,2026-06-22 16:56:00,Airport Kiosk,West,291,Mobile Pay,3.16
504048,2026-06-22,2026-06-22 08:05:00,Harbor Point,South,630,Mobile Pay,7.6
504049,2026-06-22,2026-06-22 07:43:00,Riverside,South,105,Debit Card,15.58
504050,2026-06-22,2026-06-22 07:59:00,Uptown Mall,East,74,Cash,6.38
504051,2026-06-22,2026-06-22 07:29:00,Downtown,North,45,Cash,2.71
504052,2026-06-22,2026-06-22 09:43:00,Harbor Point,South,8,Credit Card,9.9
504053,2026-06-22,2026-06-22 10:03:00,Riverside,South,809,Credit Card,11.16
504054,2026-06-22,2026-06-22 14:38:00,Harbor Point,South,709,Credit Card,11.91
504055,2026-06-22,2026-06-22 10:38:00,Riverside,South,628,Cash,8.45
504056,2026-06-22,2026-06-22 08:37:00,Airport Kiosk,West,141,Debit Card,11.23
504057,2026-06-22,2026-06-22 13:43:00,Riverside,South,418,Credit Card,19.84
504058,2026-06-22,2026-06-22 10:15:00,Airport Kiosk,West,214,Mobile Pay,4.17
504059,2026-06-22,2026-06-22 07:28:00,Uptown Mall,East,541,Credit Card,11.86
504060,2026-06-22,2026-06-22 09:33:00,Airport Kiosk,West,592,Mobile Pay,16.7
504061,2026-06-22,2026-06-22 13:18:00,Harbor Point,South,852,Credit Card,3.69
504062,2026-06-22,2026-06-22 09:30:00,Riverside,South,303,Mobile Pay,10.37
504063,2026-06-22,2026-06-22 08:17:00,Harbor Point,South,625,Mobile Pay,11.78
504064,2026-06-22,2026-06-22 09:49:00,Harbor Point,South,276,Debit Card,3.46
504065,2026-06-22,2026-06-22 09:18:00,Downtown,North,33,Cash,14.64
504066,2026-06-22,2026-06-22 10:33:00,Uptown Mall,East,98,Mobile Pay,8.35
504067,2026-06-22,2026-06-22 08:14:00,Riverside,South,654,Credit Card,10.53
504068,2026-06-22,2026-06-22 11:51:00,Downtown,North,808,Credit Card,3.67
504069,2026-06-22,2026-06-22 10:59:00,Harbor Point,South,482,Cash,11.81
504070,2026-06-22,2026-06-22 13:33:00,Uptown Mall,East,740,Mobile Pay,20.47
504071,2026-06-22,2026-06-22 15:11:00,Airport Kiosk,West,52,Cash,28.12
504072,2026-06-23,2026-06-23 14:14:00,Harbor Point,South,219,Cash,3.45
504073,2026-06-23,2026-06-23 09:14:00,Riverside,South,200,Cash,8.2
504074,2026-06-23,2026-06-23 11:14:00,Uptown Mall,East,130,Credit Card,16.99
504075,2026-06-23,2026-06-23 14:02:00,Harbor Point,South,2,Credit Card,3.43
504076,2026-06-23,2026-06-23 11:28:00,Uptown Mall,East,719,Credit Card,7.66
504077,2026-06-23,2026-06-23 13:47:00,Riverside,South,610,Mobile Pay,18.82
504078,2026-06-23,2026-06-23 15:58:00,Riverside,South,841,Mobile Pay,8.36
504079,2026-06-23,2026-06-23 16:04:00,Downtown,North,344,Credit Card,11.39
504080,2026-06-23,2026-06-23 08:22:00,Uptown Mall,East,353,Credit Card,7.63
504081,2026-06-23,2026-06-23 09:39:00,Harbor Point,South,217,Debit Card,7.42
504082,2026-06-23,2026-06-23 13:20:00,Uptown Mall,East,343,Credit Card,4.46
504083,2026-06-23,2026-06-23 08:22:00,Airport Kiosk,West,839,Credit Card,10.08
504084,2026-06-23,2026-06-23 13:04:00,Harbor Point,South,62,Credit Card,19.5
504085,2026-06-23,2026-06-23 08:47:00,Downtown,North,400,Mobile Pay,12.42
504086,2026-06-23,2026-06-23 07:13:00,Harbor Point,South,128,Cash,7.56
504087,2026-06-23,2026-06-23 13:16:00,Harbor Point,South,111,Mobile Pay,6.44
504088,2026-06-23,2026-06-23 08:59:00,Riverside,South,669,Credit Card,7.09
504089,2026-06-23,2026-06-23 10:05:00,Riverside,South,677,Cash,12.47
504090,2026-06-23,2026-06-23 15:53:00,Harbor Point,South,159,Cash,4.16
504091,2026-06-23,2026-06-23 13:40:00,Airport Kiosk,West,530,Debit Card,7.53
504092,2026-06-23,2026-06-23 09:06:00,Riverside,South,497,Debit Card,7.39
504093,2026-06-23,2026-06-23 08:26:00,Harbor Point,South,342,Credit Card,3.17
504094,2026-06-23,2026-06-23 09:05:00,Downtown,North,123,Debit Card,11.88
504095,2026-06-23,2026-06-23 12:41:00,Uptown Mall,East,99,Debit Card,3.46
504096,2026-06-23,2026-06-23 10:23:00,Harbor Point,South,680,Debit Card,8.17
504097,2026-06-23,2026-06-23 18:25:00,Uptown Mall,East,350,Mobile Pay,12.17
504098,2026-06-23,2026-06-23 09:08:00,Downtown,North,184,Credit Card,19.03
504099,2026-06-23,2026-06-23 09:56:00,Uptown Mall,East,651,Mobile Pay,12.77
504100,2026-06-23,2026-06-23 10:53:00,Downtown,North,436,Debit Card,11.8
504101,2026-06-23,2026-06-23 10:50:00,Downtown,North,826,Mobile Pay,14.19
504102,2026-06-24,2026-06-24 13:44:00,Riverside,South,484,Credit Card,8.44
504103,2026-06-24,2026-06-24 18:01:00,Downtown,North,296,Debit Card,2.47
504104,2026-06-24,2026-06-24 08:08:00,Uptown Mall,East,141,Debit Card,18.01
504105,2026-06-24,2026-06-24 08:49:00,Uptown Mall,East,872,Credit Card,3.97
504106,2026-06-24,2026-06-24 14:24:00,Harbor Point,South,383,Cash,6.97
504107,2026-06-24,2026-06-24 18:37:00,Harbor Point,South,84,Cash,8.82
504108,2026-06-24,2026-06-24 11:54:00,Riverside,South,848,Credit Card,7.82
504109,2026-06-24,2026-06-24 15:44:00,Uptown Mall,East,877,Debit Card,8.25
504110,2026-06-24,2026-06-24 10:06:00,Riverside,South,569,Mobile Pay,7.86
504111,2026-06-24,2026-06-24 13:28:00,Harbor Point,South,440,Credit Card,2.74
504112,2026-06-24,2026-06-24 07:00:00,Airport Kiosk,West,579,Mobile Pay,4.61
504113,2026-06-24,2026-06-24 10:51:00,Downtown,North,153,Debit Card,11.03
504114,2026-06-24,2026-06-24 10:22:00,Uptown Mall,East,362,Cash,16.72
504115,2026-06-24,2026-06-24 11:53:00,Downtown,North,296,Debit Card,16.09
504116,2026-06-24,2026-06-24 18:17:00,Riverside,South,799,Debit Card,19.29
504117,2026-06-24,2026-06-24 09:05:00,Airport Kiosk,West,4,Debit Card,6.72
504118,2026-06-24,2026-06-24 09:45:00,Airport Kiosk,West,744,Credit Card,10.44
504119,2026-06-24,2026-06-24 13:06:00,Airport Kiosk,West,553,Debit Card,10.63
504120,2026-06-24,2026-06-24 14:39:00,Uptown Mall,East,144,Mobile Pay,23.45
504121,2026-06-24,2026-06-24 09:06:00,Airport Kiosk,West,84,Debit Card,2.91
504122,2026-06-24,2026-06-24 10:46:00,Harbor Point,South,572,Debit Card,5.17
504123,2026-06-24,2026-06-24 11:44:00,Downtown,North,61,Credit Card,8.42
504124,2026-06-24,2026-06-24 13:03:00,Airport Kiosk,West,88,Cash,11.83
504125,2026-06-24,2026-06-24 09:35:00,Downtown,North,126,Credit Card,3.18
504126,2026-06-24,2026-06-24 16:27:00,Downtown,North,219,Credit Card,8.65
504127,2026-06-24,2026-06-24 10:16:00,Harbor Point,South,112,Credit Card,8.64
504128,2026-06-24,2026-06-24 07:45:00,Uptown Mall,East,70,Cash,2.99
504129,2026-06-24,2026-06-24 09:36:00,Airport Kiosk,West,709,Debit Card,3.49
504130,2026-06-24,2026-06-24 15:00:00,Airport Kiosk,West,650,Cash,18.49
504131,2026-06-24,2026-06-24 14:31:00,Riverside,South,116,Cash,2.44
504132,2026-06-25,2026-06-25 18:08:00,Uptown Mall,East,179,Debit Card,19.16
504133,2026-06-25,2026-06-25 09:34:00,Uptown Mall,East,327,Cash,13.37
504134,2026-06-25,2026-06-25 08:31:00,Harbor Point,South,676,Credit Card,2.43
504135,2026-06-25,2026-06-25 10:34:00,Downtown,North,82,Credit Card,11.91
504136,2026-06-25,2026-06-25 15:21:00,Harbor Point,South,171,Credit Card,19.74
504137,2026-06-25,2026-06-25 09:09:00,Harbor Point,South,241,Cash,6.8
504138,2026-06-25,2026-06-25 18:01:00,Uptown Mall,East,56,Debit Card,9.11
504139,2026-06-25,2026-06-25 16:03:00,Harbor Point,South,212,Cash,14.8
504140,2026-06-25,2026-06-25 17:23:00,Harbor Point,South,593,Cash,15.58
504141,2026-06-25,2026-06-25 07:52:00,Downtown,North,615,Cash,4.69
504142,2026-06-25,2026-06-25 09:25:00,Airport Kiosk,West,391,Mobile Pay,7.33
504143,2026-06-25,2026-06-25 07:06:00,Uptown Mall,East,592,Mobile Pay,2.46
504144,2026-06-25,2026-06-25 07:19:00,Harbor Point,South,265,Credit Card,10.48
504145,2026-06-25,2026-06-25 10:40:00,Harbor Point,South,608,Mobile Pay,3.42
504146,2026-06-25,2026-06-25 08:02:00,Uptown Mall,East,225,Cash,9.71
504147,2026-06-25,2026-06-25 07:16:00,Airport Kiosk,West,709,Credit Card,11.8
504148,2026-06-25,2026-06-25 12:47:00,Uptown Mall,East,277,Mobile Pay,16.39
504149,2026-06-25,2026-06-25 11:27:00,Airport Kiosk,West,36,Debit Card,7.3
504150,2026-06-25,2026-06-25 13:15:00,Downtown,North,608,Credit Card,18.88
504151,2026-06-25,2026-06-25 14:19:00,Uptown Mall,East,119,Debit Card,11.65
504152,2026-06-25,2026-06-25 09:24:00,Downtown,North,10,Debit Card,26.83
504153,2026-06-25,2026-06-25 10:46:00,Harbor Point,South,107,Debit Card,9.43
504154,2026-06-25,2026-06-25 09:38:00,Harbor Point,South,271,Credit Card,3.18
504155,2026-06-25,2026-06-25 09:22:00,Uptown Mall,East,311,Credit Card,12.71
504156,2026-06-25,2026-06-25 08:48:00,Airport Kiosk,West,454,Cash,8.1
504157,2026-06-26,2026-06-26 08:18:00,Uptown Mall,East,831,Credit Card,37.03
504158,2026-06-26,2026-06-26 10:29:00,Uptown Mall,East,292,Credit Card,10.66
504159,2026-06-26,2026-06-26 15:27:00,Uptown Mall,East,739,Debit Card,3.68
504160,2026-06-26,2026-06-26 08:00:00,Airport Kiosk,West,152,Cash,23.85
504161,2026-06-26,2026-06-26 14:55:00,Uptown Mall,East,823,Credit Card,2.94
504162,2026-06-26,2026-06-26 11:30:00,Airport Kiosk,West,708,Mobile Pay,6.66
504163,2026-06-26,2026-06-26 17:13:00,Downtown,North,358,Debit Card,9.5
504164,2026-06-26,2026-06-26 11:38:00,Harbor Point,South,673,Cash,11.42
504165,2026-06-26,2026-06-26 09:26:00,Airport Kiosk,West,446,Credit Card,4.74
504166,2026-06-26,2026-06-26 08:36:00,Riverside,South,873,Cash,6.92
504167,2026-06-26,2026-06-26 10:57:00,Uptown Mall,East,405,Mobile Pay,16.18
504168,2026-06-26,2026-06-26 11:14:00,Airport Kiosk,West,489,Cash,19.28
504169,2026-06-26,2026-06-26 11:59:00,Downtown,North,269,Credit Card,3.46
504170,2026-06-26,2026-06-26 12:49:00,Downtown,North,674,Credit Card,13.68
504171,2026-06-26,2026-06-26 08:16:00,Harbor Point,South,236,Mobile Pay,13.0
504172,2026-06-26,2026-06-26 07:05:00,Harbor Point,South,709,Debit Card,3.99
504173,2026-06-26,2026-06-26 10:36:00,Uptown Mall,East,246,Mobile Pay,4.15
504174,2026-06-26,2026-06-26 11:18:00,Riverside,South,167,Debit Card,29.0
504175,2026-06-26,2026-06-26 08:46:00,Riverside,South,336,Credit Card,4.4
504176,2026-06-26,2026-06-26 07:57:00,Harbor Point,South,515,Mobile Pay,4.17
504177,2026-06-26,2026-06-26 14:00:00,Uptown Mall,East,50,Cash,4.73
504178,2026-06-26,2026-06-26 09:30:00,Riverside,South,226,Debit Card,6.4
504179,2026-06-26,2026-06-26 11:23:00,Downtown,North,696,Mobile Pay,14.0
504180,2026-06-26,2026-06-26 08:45:00,Downtown,North,69,Credit Card,12.93
504181,2026-06-26,2026-06-26 07:22:00,Harbor Point,South,58,Cash,24.5
504182,2026-06-26,2026-06-26 08:23:00,Downtown,North,232,Cash,7.36
504183,2026-06-27,2026-06-27 08:54:00,Airport Kiosk,West,871,Cash,19.79
504184,2026-06-27,2026-06-27 10:57:00,Uptown Mall,East,65,Credit Card,14.75
504185,2026-06-27,2026-06-27 07:21:00,Harbor Point,South,808,Debit Card,23.29
504186,2026-06-27,2026-06-27 11:14:00,Airport Kiosk,West,636,Credit Card,3.43
504187,2026-06-27,2026-06-27 10:50:00,Downtown,North,381,Mobile Pay,16.86
504188,2026-06-27,2026-06-27 12:07:00,Uptown Mall,East,871,Debit Card,3.41
504189,2026-06-27,2026-06-27 07:12:00,Downtown,North,124,Cash,6.22
504190,2026-06-27,2026-06-27 08:13:00,Uptown Mall,East,688,Debit Card,7.39
504191,2026-06-27,2026-06-27 11:58:00,Harbor Point,South,67,Credit Card,19.32
504192,2026-06-27,2026-06-27 09:06:00,Downtown,North,492,Credit Card,23.16
504193,2026-06-27,2026-06-27 15:45:00,Riverside,South,113,Mobile Pay,3.69
504194,2026-06-27,2026-06-27 16:46:00,Downtown,North,655,Cash,6.87
504195,2026-06-27,2026-06-27 07:20:00,Harbor Point,South,526,Debit Card,2.98
504196,2026-06-27,2026-06-27 10:24:00,Uptown Mall,East,78,Debit Card,15.78
504197,2026-06-27,2026-06-27 07:49:00,Riverside,South,286,Mobile Pay,8.15
504198,2026-06-27,2026-06-27 13:09:00,Harbor Point,South,343,Mobile Pay,12.08
504199,2026-06-27,2026-06-27 08:18:00,Uptown Mall,East,425,Cash,3.99
504200,2026-06-27,2026-06-27 14:31:00,Airport Kiosk,West,671,Credit Card,2.75
504201,2026-06-27,2026-06-27 09:10:00,Riverside,South,122,Debit Card,3.2
504202,2026-06-27,2026-06-27 08:12:00,Uptown Mall,East,198,Credit Card,14.8
504203,2026-06-27,2026-06-27 09:57:00,Uptown Mall,East,421,Credit Card,14.41
504204,2026-06-27,2026-06-27 12:11:00,Downtown,North,413,Credit Card,4.37
504205,2026-06-27,2026-06-27 15:56:00,Downtown,North,704,Debit Card,4.12
504206,2026-06-27,2026-06-27 10:02:00,Harbor Point,South,121,Credit Card,12.7
504207,2026-06-27,2026-06-27 11:22:00,Airport Kiosk,West,441,Credit Card,3.42
504208,2026-06-28,2026-06-28 12:13:00,Uptown Mall,East,292,Credit Card,6.91
504209,2026-06-28,2026-06-28 08:55:00,Riverside,South,297,Credit Card,6.97
504210,2026-06-28,2026-06-28 11:06:00,Harbor Point,South,258,Credit Card,2.68
504211,2026-06-28,2026-06-28 11:03:00,Harbor Point,South,442,Credit Card,13.05
504212,2026-06-28,2026-06-28 13:44:00,Airport Kiosk,West,351,Cash,12.21
504213,2026-06-28,2026-06-28 15:09:00,Airport Kiosk,West,616,Mobile Pay,14.81
504214,2026-06-28,2026-06-28 07:26:00,Airport Kiosk,West,752,Cash,2.45
504215,2026-06-28,2026-06-28 07:44:00,Riverside,South,85,Cash,3.71
504216,2026-06-28,2026-06-28 08:26:00,Harbor Point,South,10,Mobile Pay,4.66
504217,2026-06-28,2026-06-28 17:29:00,Riverside,South,489,Debit Card,4.19
504218,2026-06-28,2026-06-28 13:59:00,Downtown,North,606,Cash,3.23
504219,2026-06-28,2026-06-28 08:21:00,Downtown,North,797,Credit Card,11.42
504220,2026-06-28,2026-06-28 10:12:00,Riverside,South,414,Credit Card,10.47
504221,2026-06-28,2026-06-28 10:16:00,Riverside,South,149,Mobile Pay,6.8
504222,2026-06-28,2026-06-28 07:29:00,Riverside,South,166,Credit Card,8.26
504223,2026-06-28,2026-06-28 13:02:00,Uptown Mall,East,154,Credit Card,16.12
504224,2026-06-28,2026-06-28 12:20:00,Downtown,North,518,Credit Card,7.96
504225,2026-06-28,2026-06-28 17:18:00,Downtown,North,251,Cash,3.41
504226,2026-06-28,2026-06-28 07:13:00,Airport Kiosk,West,560,Cash,3.19
504227,2026-06-28,2026-06-28 13:29:00,Downtown,North,564,Mobile Pay,18.38
504228,2026-06-28,2026-06-28 12:59:00,Harbor Point,South,78,Mobile Pay,3.93
504229,2026-06-28,2026-06-28 08:05:00,Downtown,North,722,Credit Card,2.67
504230,2026-06-28,2026-06-28 10:26:00,Harbor Point,South,551,Debit Card,3.48
504231,2026-06-28,2026-06-28 11:32:00,Airport Kiosk,West,646,Cash,8.72
504232,2026-06-28,2026-06-28 08:46:00,Harbor Point,South,70,Debit Card,3.2
504233,2026-06-28,2026-06-28 07:44:00,Downtown,North,368,Cash,3.43
504234,2026-06-28,2026-06-28 09:09:00,Riverside,South,451,Debit Card,13.18
504235,2026-06-28,2026-06-28 09:25:00,Downtown,North,411,Cash,2.67
504236,2026-06-28,2026-06-28 12:09:00,Harbor Point,South,466,Credit Card,2.7
504237,2026-06-28,2026-06-28 18:37:00,Airport Kiosk,West,598,Debit Card,8.67
504238,2026-06-29,2026-06-29 09:49:00,Uptown Mall,East,309,Mobile Pay,4.64
504239,2026-06-29,2026-06-29 10:28:00,Harbor Point,South,443,Credit Card,15.7
504240,2026-06-29,2026-06-29 09:28:00,Airport Kiosk,West,462,Cash,3.16
504241,2026-06-29,2026-06-29 15:20:00,Downtown,North,31,Debit Card,7.36
504242,2026-06-29,2026-06-29 10:20:00,Harbor Point,South,587,Debit Card,22.56
504243,2026-06-29,2026-06-29 10:46:00,Downtown,North,433,Debit Card,10.51
504244,2026-06-29,2026-06-29 12:55:00,Downtown,North,569,Credit Card,14.56
504245,2026-06-29,2026-06-29 08:17:00,Downtown,North,379,Cash,11.37
504246,2026-06-29,2026-06-29 18:04:00,Uptown Mall,East,229,Debit Card,7.34
504247,2026-06-29,2026-06-29 07:31:00,Downtown,North,306,Credit Card,3.42
504248,2026-06-29,2026-06-29 07:15:00,Airport Kiosk,West,604,Cash,14.84
504249,2026-06-29,2026-06-29 12:41:00,Harbor Point,South,276,Credit Card,3.4
504250,2026-06-29,2026-06-29 08:02:00,Harbor Point,South,740,Credit Card,13.85
504251,2026-06-29,2026-06-29 08:21:00,Harbor Point,South,498,Mobile Pay,2.49
504252,2026-06-29,2026-06-29 07:31:00,Harbor Point,South,570,Mobile Pay,15.6
504253,2026-06-29,2026-06-29 14:12:00,Harbor Point,South,692,Debit Card,8.02
504254,2026-06-29,2026-06-29 09:30:00,Airport Kiosk,West,31,Credit Card,10.94
504255,2026-06-29,2026-06-29 10:18:00,Riverside,South,3,Debit Card,25.69
504256,2026-06-29,2026-06-29 09:21:00,Harbor Point,South,748,Mobile Pay,6.67
504257,2026-06-29,2026-06-29 13:57:00,Riverside,South,289,Cash,2.44
504258,2026-06-29,2026-06-29 07:42:00,Harbor Point,South,129,Debit Card,7.14
504259,2026-06-29,2026-06-29 18:07:00,Uptown Mall,East,721,Mobile Pay,4.71
504260,2026-06-29,2026-06-29 13:16:00,Riverside,South,229,Credit Card,10.47
504261,2026-06-29,2026-06-29 15:48:00,Uptown Mall,East,4,Cash,15.98
504262,2026-06-29,2026-06-29 08:25:00,Downtown,North,171,Cash,12.46
504263,2026-06-29,2026-06-29 08:59:00,Downtown,North,197,Cash,3.4
504264,2026-06-29,2026-06-29 15:11:00,Riverside,South,277,Cash,3.22
504265,2026-06-29,2026-06-29 15:59:00,Downtown,North,481,Cash,4.2
504266,2026-06-29,2026-06-29 08:38:00,Harbor Point,South,524,Mobile Pay,5.38
504267,2026-06-30,2026-06-30 07:43:00,Airport Kiosk,West,755,Debit Card,7.34
504268,2026-06-30,2026-06-30 17:47:00,Harbor Point,South,422,Mobile Pay,4.47
504269,2026-06-30,2026-06-30 08:54:00,Downtown,North,750,Debit Card,10.61
504270,2026-06-30,2026-06-30 09:28:00,Riverside,South,485,Mobile Pay,2.44
504271,2026-06-30,2026-06-30 17:08:00,Harbor Point,South,196,Credit Card,5.65
504272,2026-06-30,2026-06-30 14:52:00,Riverside,South,288,Debit Card,15.44
504273,2026-06-30,2026-06-30 09:30:00,Riverside,South,518,Debit Card,8.46
504274,2026-06-30,2026-06-30 08:16:00,Uptown Mall,East,132,Credit Card,4.0
504275,2026-06-30,2026-06-30 17:00:00,Downtown,North,277,Mobile Pay,4.46
504276,2026-06-30,2026-06-30 07:47:00,Uptown Mall,East,234,Mobile Pay,3.98
504277,2026-06-30,2026-06-30 16:47:00,Riverside,South,281,Mobile Pay,2.5
504278,2026-06-30,2026-06-30 11:53:00,Airport Kiosk,West,42,Debit Card,23.6
504279,2026-06-30,2026-06-30 11:08:00,Riverside,South,304,Debit Card,7.3
504280,2026-06-30,2026-06-30 17:20:00,Riverside,South,694,Mobile Pay,3.24
504281,2026-06-30,2026-06-30 12:42:00,Riverside,South,175,Mobile Pay,10.96
504282,2026-06-30,2026-06-30 09:09:00,Harbor Point,South,605,Credit Card,3.23
504283,2026-06-30,2026-06-30 11:29:00,Uptown Mall,East,456,Cash,16.66
504284,2026-06-30,2026-06-30 18:45:00,Downtown,North,399,Credit Card,3.0
504285,2026-06-30,2026-06-30 08:59:00,Uptown Mall,East,296,Mobile Pay,7.64
504286,2026-06-30,2026-06-30 18:54:00,Downtown,North,681,Credit Card,12.05
504287,2026-07-01,2026-07-01 09:30:00,Riverside,South,683,Credit Card,8.35
504288,2026-07-01,2026-07-01 12:20:00,Riverside,South,209,Debit Card,19.87
504289,2026-07-01,2026-07-01 15:08:00,Uptown Mall,East,755,Cash,4.24
504290,2026-07-01,2026-07-01 09:54:00,Riverside,South,542,Mobile Pay,19.27
504291,2026-07-01,2026-07-01 09:42:00,Uptown Mall,East,693,Debit Card,3.16
504292,2026-07-01,2026-07-01 10:15:00,Airport Kiosk,West,385,Debit Card,11.23
504293,2026-07-01,2026-07-01 08:24:00,Airport Kiosk,West,222,Credit Card,10.23
504294,2026-07-01,2026-07-01 15:37:00,Uptown Mall,East,516,Debit Card,8.15
504295,2026-07-01,2026-07-01 17:17:00,Airport Kiosk,West,107,Mobile Pay,3.74
504296,2026-07-01,2026-07-01 14:11:00,Airport Kiosk,West,412,Cash,19.17
504297,2026-07-01,2026-07-01 09:05:00,Riverside,South,639,Debit Card,3.41
504298,2026-07-01,2026-07-01 18:55:00,Uptown Mall,East,559,Mobile Pay,16.43
504299,2026-07-01,2026-07-01 13:10:00,Downtown,North,427,Credit Card,14.87
504300,2026-07-01,2026-07-01 14:35:00,Downtown,North,189,Credit Card,21.84
504301,2026-07-01,2026-07-01 09:10:00,Riverside,South,323,Mobile Pay,3.17
504302,2026-07-01,2026-07-01 12:02:00,Riverside,South,592,Mobile Pay,13.63
504303,2026-07-01,2026-07-01 18:05:00,Downtown,North,507,Credit Card,17.41
504304,2026-07-01,2026-07-01 08:54:00,Uptown Mall,East,540,Cash,7.16
504305,2026-07-02,2026-07-02 14:15:00,Downtown,North,276,Debit Card,3.24
504306,2026-07-02,2026-07-02 09:48:00,Downtown,North,415,Mobile Pay,4.37
504307,2026-07-02,2026-07-02 17:54:00,Riverside,South,150,Cash,12.08
504308,2026-07-02,2026-07-02 09:09:00,Riverside,South,533,Mobile Pay,18.16
504309,2026-07-02,2026-07-02 13:57:00,Harbor Point,South,183,Cash,7.18
504310,2026-07-02,2026-07-02 07:00:00,Airport Kiosk,West,345,Credit Card,6.09
504311,2026-07-02,2026-07-02 12:12:00,Uptown Mall,East,114,Mobile Pay,25.43
504312,2026-07-02,2026-07-02 13:34:00,Downtown,North,728,Debit Card,8.21
504313,2026-07-02,2026-07-02 10:22:00,Airport Kiosk,West,257,Cash,12.0
504314,2026-07-02,2026-07-02 09:06:00,Harbor Point,South,613,Mobile Pay,8.18
504315,2026-07-02,2026-07-02 07:24:00,Airport Kiosk,West,465,Credit Card,12.61
504316,2026-07-02,2026-07-02 07:56:00,Uptown Mall,East,174,Cash,10.34
504317,2026-07-02,2026-07-02 07:46:00,Harbor Point,South,765,Cash,7.66
504318,2026-07-02,2026-07-02 09:40:00,Harbor Point,South,350,Debit Card,5.92
504319,2026-07-02,2026-07-02 16:36:00,Harbor Point,South,816,Cash,10.4
504320,2026-07-02,2026-07-02 16:38:00,Downtown,North,455,Credit Card,12.04
504321,2026-07-02,2026-07-02 17:22:00,Uptown Mall,East,634,Credit Card,22.8
504322,2026-07-02,2026-07-02 10:35:00,Downtown,North,880,Mobile Pay,4.73
504323,2026-07-02,2026-07-02 07:40:00,Riverside,South,599,Cash,18.65
504324,2026-07-02,2026-07-02 18:55:00,Riverside,South,434,Credit Card,3.47
504325,2026-07-02,2026-07-02 14:45:00,Downtown,North,831,Mobile Pay,8.91
504326,2026-07-02,2026-07-02 15:20:00,Airport Kiosk,West,319,Cash,6.4
504327,2026-07-02,2026-07-02 14:18:00,Airport Kiosk,West,347,Debit Card,15.91
504328,2026-07-02,2026-07-02 16:17:00,Downtown,North,246,Cash,2.91
504329,2026-07-02,2026-07-02 12:07:00,Harbor Point,South,246,Credit Card,27.13
504330,2026-07-03,2026-07-03 11:44:00,Riverside,South,664,Credit Card,5.43
504331,2026-07-03,2026-07-03 09:17:00,Airport Kiosk,West,128,Cash,18.45
504332,2026-07-03,2026-07-03 14:19:00,Uptown Mall,East,334,Credit Card,7.55
504333,2026-07-03,2026-07-03 08:40:00,Uptown Mall,East,61,Mobile Pay,3.89
504334,2026-07-03,2026-07-03 10:28:00,Airport Kiosk,West,96,Mobile Pay,8.36
504335,2026-07-03,2026-07-03 09:09:00,Riverside,South,699,Mobile Pay,24.86
504336,2026-07-03,2026-07-03 07:06:00,Airport Kiosk,West,109,Credit Card,17.94
504337,2026-07-03,2026-07-03 08:23:00,Uptown Mall,East,699,Credit Card,6.38
504338,2026-07-03,2026-07-03 12:25:00,Downtown,North,43,Cash,8.33
504339,2026-07-03,2026-07-03 07:10:00,Harbor Point,South,617,Debit Card,3.44
504340,2026-07-03,2026-07-03 09:38:00,Airport Kiosk,West,6,Credit Card,7.55
504341,2026-07-03,2026-07-03 13:34:00,Downtown,North,228,Debit Card,14.25
504342,2026-07-03,2026-07-03 12:53:00,Downtown,North,725,Credit Card,18.33
504343,2026-07-03,2026-07-03 13:11:00,Riverside,South,801,Debit Card,17.62
504344,2026-07-03,2026-07-03 08:33:00,Downtown,North,661,Cash,7.45
504345,2026-07-03,2026-07-03 09:38:00,Riverside,South,59,Credit Card,19.33
504346,2026-07-03,2026-07-03 09:03:00,Riverside,South,521,Debit Card,6.68
504347,2026-07-03,2026-07-03 09:13:00,Downtown,North,172,Mobile Pay,2.91
504348,2026-07-03,2026-07-03 13:32:00,Uptown Mall,East,626,Cash,11.92
504349,2026-07-03,2026-07-03 07:19:00,Harbor Point,South,697,Cash,9.93
504350,2026-07-03,2026-07-03 07:06:00,Harbor Point,South,65,Credit Card,8.85
504351,2026-07-03,2026-07-03 09:12:00,Airport Kiosk,West,286,Cash,4.88
504352,2026-07-03,2026-07-03 10:15:00,Riverside,South,413,Credit Card,8.92
504353,2026-07-03,2026-07-03 12:42:00,Uptown Mall,East,749,Mobile Pay,7.65
504354,2026-07-03,2026-07-03 10:41:00,Downtown,North,634,Cash,13.39
504355,2026-07-04,2026-07-04 12:14:00,Downtown,North,736,Debit Card,7.91
504356,2026-07-04,2026-07-04 14:02:00,Uptown Mall,East,285,Credit Card,25.52
504357,2026-07-04,2026-07-04 08:16:00,Airport Kiosk,West,794,Debit Card,7.65
504358,2026-07-04,2026-07-04 10:53:00,Airport Kiosk,West,326,Credit Card,5.0
504359,2026-07-04,2026-07-04 10:16:00,Uptown Mall,East,60,Cash,8.28
504360,2026-07-04,2026-07-04 08:27:00,Harbor Point,South,371,Cash,10.77
504361,2026-07-04,2026-07-04 07:12:00,Harbor Point,South,88,Debit Card,7.42
504362,2026-07-04,2026-07-04 10:58:00,Harbor Point,South,460,Mobile Pay,4.22
504363,2026-07-04,2026-07-04 12:16:00,Riverside,South,681,Mobile Pay,22.09
504364,2026-07-04,2026-07-04 18:16:00,Downtown,North,231,Mobile Pay,2.68
504365,2026-07-04,2026-07-04 12:50:00,Airport Kiosk,West,51,Mobile Pay,11.36
504366,2026-07-04,2026-07-04 17:23:00,Downtown,North,483,Debit Card,14.48
504367,2026-07-04,2026-07-04 07:33:00,Uptown Mall,East,118,Debit Card,2.75
504368,2026-07-04,2026-07-04 13:30:00,Riverside,South,516,Credit Card,7.52
504369,2026-07-04,2026-07-04 17:22:00,Uptown Mall,East,71,Debit Card,5.84
504370,2026-07-04,2026-07-04 10:16:00,Harbor Point,South,490,Credit Card,15.29
504371,2026-07-04,2026-07-04 08:27:00,Harbor Point,South,194,Mobile Pay,12.94
504372,2026-07-04,2026-07-04 17:16:00,Downtown,North,486,Debit Card,10.98
504373,2026-07-04,2026-07-04 16:31:00,Uptown Mall,East,347,Debit Card,27.48
504374,2026-07-04,2026-07-04 09:47:00,Downtown,North,326,Mobile Pay,11.73
504375,2026-07-04,2026-07-04 08:55:00,Uptown Mall,East,43,Debit Card,16.08
504376,2026-07-04,2026-07-04 08:32:00,Downtown,North,543,Credit Card,7.62
504377,2026-07-04,2026-07-04 09:47:00,Harbor Point,South,422,Mobile Pay,8.47
504378,2026-07-04,2026-07-04 07:30:00,Harbor Point,South,26,Credit Card,8.13
504379,2026-07-04,2026-07-04 08:46:00,Uptown Mall,East,464,Mobile Pay,14.91
504380,2026-07-04,2026-07-04 08:52:00,Downtown,North,782,Debit Card,3.74
504381,2026-07-04,2026-07-04 15:25:00,Riverside,South,53,Mobile Pay,14.51
504382,2026-07-04,2026-07-04 10:35:00,Riverside,South,340,Debit Card,15.77
504383,2026-07-04,2026-07-04 08:57:00,Uptown Mall,East,146,Debit Card,4.15
504384,2026-07-04,2026-07-04 08:57:00,Airport Kiosk,West,639,Mobile Pay,17.25
504385,2026-07-04,2026-07-04 12:27:00,Airport Kiosk,West,815,Credit Card,3.23
504386,2026-07-04,2026-07-04 07:23:00,Airport Kiosk,West,626,Debit Card,3.7
504387,2026-07-04,2026-07-04 14:36:00,Harbor Point,South,291,Debit Card,11.06
504388,2026-07-04,2026-07-04 13:45:00,Riverside,South,631,Credit Card,7.35
504389,2026-07-04,2026-07-04 17:09:00,Uptown Mall,East,327,Debit Card,24.76
504390,2026-07-04,2026-07-04 18:01:00,Harbor Point,South,731,Credit Card,3.41
504391,2026-07-05,2026-07-05 13:13:00,Downtown,North,415,Debit Card,14.22
504392,2026-07-05,2026-07-05 16:43:00,Uptown Mall,East,271,Debit Card,8.13
504393,2026-07-05,2026-07-05 12:39:00,Airport Kiosk,West,357,Debit Card,22.36
504394,2026-07-05,2026-07-05 07:54:00,Riverside,South,27,Mobile Pay,8.26
504395,2026-07-05,2026-07-05 13:02:00,Downtown,North,616,Mobile Pay,12.35
504396,2026-07-05,2026-07-05 14:39:00,Riverside,South,655,Credit Card,2.74
504397,2026-07-05,2026-07-05 18:55:00,Uptown Mall,East,695,Debit Card,11.32
504398,2026-07-05,2026-07-05 15:12:00,Downtown,North,26,Credit Card,16.05
504399,2026-07-05,2026-07-05 09:52:00,Riverside,South,464,Cash,8.12
504400,2026-07-05,2026-07-05 12:09:00,Downtown,North,493,Debit Card,17.57
504401,2026-07-05,2026-07-05 12:30:00,Riverside,South,207,Cash,9.78
504402,2026-07-05,2026-07-05 14:44:00,Downtown,North,421,Cash,4.41
504403,2026-07-05,2026-07-05 18:05:00,Harbor Point,South,620,Cash,25.11
504404,2026-07-05,2026-07-05 07:47:00,Uptown Mall,East,461,Mobile Pay,12.01
504405,2026-07-05,2026-07-05 14:48:00,Uptown Mall,East,397,Debit Card,10.22
504406,2026-07-05,2026-07-05 10:56:00,Downtown,North,397,Credit Card,2.72
504407,2026-07-05,2026-07-05 17:30:00,Harbor Point,South,67,Debit Card,8.24
504408,2026-07-05,2026-07-05 12:34:00,Harbor Point,South,438,Debit Card,22.45
504409,2026-07-05,2026-07-05 08:03:00,Harbor Point,South,42,Cash,15.14
504410,2026-07-05,2026-07-05 10:34:00,Downtown,North,61,Mobile Pay,8.5
504411,2026-07-05,2026-07-05 16:46:00,Riverside,South,722,Credit Card,7.35
504412,2026-07-05,2026-07-05 18:41:00,Riverside,South,179,Credit Card,4.49
504413,2026-07-05,2026-07-05 08:01:00,Riverside,South,428,Cash,11.61
504414,2026-07-05,2026-07-05 09:17:00,Harbor Point,South,555,Cash,11.96
504415,2026-07-05,2026-07-05 12:49:00,Downtown,North,562,Credit Card,11.24
504416,2026-07-05,2026-07-05 14:33:00,Downtown,North,835,Debit Card,7.35
504417,2026-07-05,2026-07-05 10:14:00,Downtown,North,86,Credit Card,4.25
504418,2026-07-05,2026-07-05 17:43:00,Downtown,North,191,Credit Card,3.71
504419,2026-07-05,2026-07-05 17:29:00,Downtown,North,304,Credit Card,4.68
504420,2026-07-05,2026-07-05 11:33:00,Riverside,South,480,Mobile Pay,18.89
504421,2026-07-05,2026-07-05 12:27:00,Riverside,South,735,Cash,2.95
504422,2026-07-05,2026-07-05 08:15:00,Riverside,South,419,Cash,15.24
504423,2026-07-05,2026-07-05 07:26:00,Harbor Point,South,506,Credit Card,6.66
504424,2026-07-05,2026-07-05 17:02:00,Downtown,North,204,Mobile Pay,3.88
504425,2026-07-05,2026-07-05 18:42:00,Downtown,North,572,Cash,15.5
504426,2026-07-05,2026-07-05 08:46:00,Airport Kiosk,West,536,Debit Card,3.71
504427,2026-07-05,2026-07-05 14:15:00,Airport Kiosk,West,420,Mobile Pay,19.91
504428,2026-07-05,2026-07-05 08:01:00,Uptown Mall,East,838,Mobile Pay,15.57
504429,2026-07-05,2026-07-05 16:45:00,Riverside,South,164,Credit Card,20.53
504430,2026-07-05,2026-07-05 16:39:00,Airport Kiosk,West,228,Credit Card,12.7
504431,2026-07-05,2026-07-05 10:18:00,Airport Kiosk,West,116,Credit Card,14.83
504432,2026-07-05,2026-07-05 10:32:00,Downtown,North,856,Credit Card,15.33
504433,2026-07-05,2026-07-05 10:26:00,Harbor Point,South,273,Cash,12.87
504434,2026-07-05,2026-07-05 10:55:00,Downtown,North,179,Mobile Pay,8.69
504435,2026-07-05,2026-07-05 08:22:00,Riverside,South,522,Credit Card,18.73
504436,2026-07-05,2026-07-05 08:47:00,Harbor Point,South,200,Mobile Pay,6.86
504437,2026-07-05,2026-07-05 10:02:00,Riverside,South,110,Credit Card,8.13
504438,2026-07-05,2026-07-05 16:38:00,Downtown,North,557,Credit Card,3.69
504439,2026-07-05,2026-07-05 17:08:00,Harbor Point,South,730,Mobile Pay,3.91
504440,2026-07-06,2026-07-06 08:54:00,Riverside,South,110,Mobile Pay,25.26
504441,2026-07-06,2026-07-06 15:43:00,Airport Kiosk,West,660,Mobile Pay,7.45
504442,2026-07-06,2026-07-06 09:51:00,Harbor Point,South,201,Debit Card,17.85
504443,2026-07-06,2026-07-06 12:12:00,Airport Kiosk,West,758,Mobile Pay,15.37
504444,2026-07-06,2026-07-06 10:57:00,Riverside,South,310,Cash,6.7
504445,2026-07-06,2026-07-06 14:26:00,Riverside,South,593,Credit Card,6.84
504446,2026-07-06,2026-07-06 16:57:00,Downtown,North,892,Mobile Pay,16.56
504447,2026-07-06,2026-07-06 09:05:00,Uptown Mall,East,838,Debit Card,5.92
504448,2026-07-06,2026-07-06 10:43:00,Harbor Point,South,751,Credit Card,6.36
504449,2026-07-06,2026-07-06 08:24:00,Downtown,North,369,Debit Card,11.52
504450,2026-07-06,2026-07-06 11:24:00,Riverside,South,287,Debit Card,8.42
504451,2026-07-06,2026-07-06 07:50:00,Downtown,North,486,Credit Card,4.62
504452,2026-07-06,2026-07-06 17:19:00,Harbor Point,South,881,Cash,2.47
504453,2026-07-06,2026-07-06 09:55:00,Uptown Mall,East,6,Cash,3.68
504454,2026-07-06,2026-07-06 08:58:00,Downtown,North,126,Debit Card,2.96
504455,2026-07-06,2026-07-06 12:03:00,Airport Kiosk,West,761,Credit Card,3.66
504456,2026-07-06,2026-07-06 07:20:00,Harbor Point,South,245,Debit Card,9.91
504457,2026-07-06,2026-07-06 07:38:00,Riverside,South,352,Debit Card,14.75
504458,2026-07-06,2026-07-06 11:11:00,Riverside,South,694,Credit Card,15.84
504459,2026-07-06,2026-07-06 09:39:00,Uptown Mall,East,358,Mobile Pay,3.48
504460,2026-07-06,2026-07-06 07:16:00,Uptown Mall,East,644,Debit Card,9.84
504461,2026-07-06,2026-07-06 15:51:00,Uptown Mall,East,600,Mobile Pay,4.24
504462,2026-07-06,2026-07-06 13:23:00,Riverside,South,41,Debit Card,2.92
504463,2026-07-06,2026-07-06 18:15:00,Airport Kiosk,West,234,Mobile Pay,6.98
504464,2026-07-06,2026-07-06 12:36:00,Airport Kiosk,West,58,Debit Card,10.77
504465,2026-07-06,2026-07-06 12:08:00,Airport Kiosk,West,568,Credit Card,8.69
504466,2026-07-06,2026-07-06 08:09:00,Harbor Point,South,766,Mobile Pay,7.19
504467,2026-07-06,2026-07-06 10:31:00,Downtown,North,410,Mobile Pay,16.52
504468,2026-07-06,2026-07-06 18:10:00,Downtown,North,633,Debit Card,6.18
504469,2026-07-06,2026-07-06 16:50:00,Downtown,North,835,Debit Card,3.69
504470,2026-07-06,2026-07-06 08:16:00,Uptown Mall,East,525,Cash,19.37
504471,2026-07-06,2026-07-06 12:11:00,Riverside,South,151,Mobile Pay,15.28
504472,2026-07-06,2026-07-06 16:37:00,Downtown,North,893,Cash,4.74
504473,2026-07-07,2026-07-07 16:21:00,Harbor Point,South,815,Cash,7.69
504474,2026-07-07,2026-07-07 07:42:00,Airport Kiosk,West,407,Credit Card,28.72
504475,2026-07-07,2026-07-07 14:57:00,Riverside,South,581,Debit Card,7.44
504476,2026-07-07,2026-07-07 17:33:00,Riverside,South,445,Cash,6.19
504477,2026-07-07,2026-07-07 10:56:00,Airport Kiosk,West,229,Credit Card,18.3
504478,2026-07-07,2026-07-07 14:32:00,Riverside,South,428,Debit Card,15.41
504479,2026-07-07,2026-07-07 17:30:00,Downtown,North,626,Cash,11.7
504480,2026-07-07,2026-07-07 11:51:00,Uptown Mall,East,451,Debit Card,21.57
504481,2026-07-07,2026-07-07 09:15:00,Harbor Point,South,182,Debit Card,12.15
504482,2026-07-07,2026-07-07 11:32:00,Airport Kiosk,West,118,Credit Card,6.86
504483,2026-07-07,2026-07-07 15:43:00,Airport Kiosk,West,877,Cash,15.89
504484,2026-07-07,2026-07-07 07:44:00,Airport Kiosk,West,417,Debit Card,4.62
504485,2026-07-07,2026-07-07 10:06:00,Airport Kiosk,West,383,Credit Card,11.81
504486,2026-07-07,2026-07-07 08:08:00,Riverside,South,741,Debit Card,2.96
504487,2026-07-07,2026-07-07 12:52:00,Airport Kiosk,West,829,Credit Card,10.93
504488,2026-07-07,2026-07-07 13:56:00,Riverside,South,675,Mobile Pay,7.35
504489,2026-07-07,2026-07-07 15:57:00,Uptown Mall,East,668,Mobile Pay,7.49
504490,2026-07-07,2026-07-07 10:46:00,Riverside,South,390,Credit Card,3.66
504491,2026-07-07,2026-07-07 17:49:00,Riverside,South,881,Credit Card,2.97
504492,2026-07-07,2026-07-07 18:47:00,Uptown Mall,East,281,Credit Card,9.06
504493,2026-07-07,2026-07-07 16:50:00,Airport Kiosk,West,114,Debit Card,4.21
504494,2026-07-07,2026-07-07 15:52:00,Downtown,North,63,Cash,11.16
504495,2026-07-07,2026-07-07 09:59:00,Downtown,North,205,Cash,17.14
504496,2026-07-07,2026-07-07 17:13:00,Riverside,South,636,Cash,20.67
504497,2026-07-07,2026-07-07 10:20:00,Downtown,North,658,Cash,3.2
504498,2026-07-07,2026-07-07 11:55:00,Airport Kiosk,West,672,Mobile Pay,13.95
504499,2026-07-07,2026-07-07 10:49:00,Uptown Mall,East,127,Cash,16.65
504500,2026-07-07,2026-07-07 09:39:00,Airport Kiosk,West,522,Mobile Pay,3.72
504501,2026-07-07,2026-07-07 12:37:00,Harbor Point,South,859,Credit Card,7.7
504502,2026-07-07,2026-07-07 13:42:00,Riverside,South,701,Debit Card,7.43
504503,2026-07-07,2026-07-07 14:11:00,Airport Kiosk,West,826,Cash,10.44
504504,2026-07-07,2026-07-07 08:44:00,Harbor Point,South,172,Cash,8.05
504505,2026-07-07,2026-07-07 08:08:00,Riverside,South,265,Cash,30.54
504506,2026-07-07,2026-07-07 09:56:00,Downtown,North,529,Cash,4.15
504507,2026-07-07,2026-07-07 16:44:00,Downtown,North,20,Credit Card,7.45
504508,2026-07-07,2026-07-07 09:36:00,Riverside,South,642,Cash,3.73
504509,2026-07-08,2026-07-08 13:40:00,Uptown Mall,East,35,Cash,17.66
504510,2026-07-08,2026-07-08 16:07:00,Riverside,South,536,Debit Card,2.74
504511,2026-07-08,2026-07-08 12:38:00,Harbor Point,South,173,Debit Card,4.62
504512,2026-07-08,2026-07-08 12:26:00,Downtown,North,722,Debit Card,3.22
504513,2026-07-08,2026-07-08 10:07:00,Harbor Point,South,226,Mobile Pay,9.08
504514,2026-07-08,2026-07-08 09:27:00,Airport Kiosk,West,604,Cash,6.43
504515,2026-07-08,2026-07-08 12:10:00,Airport Kiosk,West,631,Cash,2.49
504516,2026-07-08,2026-07-08 10:06:00,Airport Kiosk,West,597,Cash,7.93
504517,2026-07-08,2026-07-08 07:59:00,Harbor Point,South,665,Cash,7.42
504518,2026-07-08,2026-07-08 12:24:00,Airport Kiosk,West,612,Credit Card,4.18
504519,2026-07-08,2026-07-08 17:03:00,Riverside,South,309,Debit Card,19.69
504520,2026-07-08,2026-07-08 13:45:00,Uptown Mall,East,369,Credit Card,26.72
504521,2026-07-08,2026-07-08 14:01:00,Downtown,North,359,Mobile Pay,7.44
504522,2026-07-08,2026-07-08 18:23:00,Harbor Point,South,764,Credit Card,3.41
504523,2026-07-08,2026-07-08 12:55:00,Riverside,South,623,Cash,2.74
504524,2026-07-08,2026-07-08 14:50:00,Uptown Mall,East,665,Debit Card,16.68
504525,2026-07-08,2026-07-08 08:48:00,Uptown Mall,East,711,Credit Card,21.8
504526,2026-07-08,2026-07-08 08:53:00,Uptown Mall,East,437,Cash,14.51
504527,2026-07-09,2026-07-09 08:11:00,Downtown,North,860,Cash,4.14
504528,2026-07-09,2026-07-09 08:01:00,Uptown Mall,East,352,Debit Card,15.89
504529,2026-07-09,2026-07-09 10:14:00,Airport Kiosk,West,64,Mobile Pay,5.34
504530,2026-07-09,2026-07-09 12:21:00,Downtown,North,201,Mobile Pay,5.34
504531,2026-07-09,2026-07-09 17:53:00,Airport Kiosk,West,194,Credit Card,20.23
504532,2026-07-09,2026-07-09 09:29:00,Airport Kiosk,West,746,Credit Card,3.21
504533,2026-07-09,2026-07-09 14:32:00,Downtown,North,194,Cash,5.44
504534,2026-07-09,2026-07-09 10:58:00,Airport Kiosk,West,294,Credit Card,3.97
504535,2026-07-09,2026-07-09 13:51:00,Downtown,North,380,Mobile Pay,5.88
504536,2026-07-09,2026-07-09 17:48:00,Harbor Point,South,406,Cash,7.09
504537,2026-07-09,2026-07-09 12:47:00,Downtown,North,84,Debit Card,4.21
504538,2026-07-09,2026-07-09 17:45:00,Downtown,North,577,Credit Card,18.23
504539,2026-07-09,2026-07-09 08:18:00,Riverside,South,800,Credit Card,13.49
504540,2026-07-09,2026-07-09 09:00:00,Riverside,South,879,Cash,4.92
504541,2026-07-09,2026-07-09 07:13:00,Harbor Point,South,652,Cash,6.13
504542,2026-07-09,2026-07-09 12:52:00,Riverside,South,530,Mobile Pay,7.49
504543,2026-07-09,2026-07-09 09:15:00,Downtown,North,784,Cash,21.09
504544,2026-07-09,2026-07-09 14:13:00,Harbor Point,South,174,Credit Card,24.29
504545,2026-07-10,2026-07-10 17:10:00,Riverside,South,398,Credit Card,6.42
504546,2026-07-10,2026-07-10 08:38:00,Uptown Mall,East,406,Mobile Pay,11.69
504547,2026-07-10,2026-07-10 16:37:00,Harbor Point,South,327,Credit Card,10.6
504548,2026-07-10,2026-07-10 16:49:00,Downtown,North,897,Debit Card,12.17
504549,2026-07-10,2026-07-10 18:50:00,Downtown,North,684,Credit Card,19.91
504550,2026-07-10,2026-07-10 12:18:00,Harbor Point,South,732,Cash,3.66
504551,2026-07-10,2026-07-10 18:19:00,Riverside,South,619,Mobile Pay,8.88
504552,2026-07-10,2026-07-10 13:12:00,Downtown,North,652,Credit Card,10.34
504553,2026-07-10,2026-07-10 16:13:00,Harbor Point,South,67,Cash,7.67
504554,2026-07-10,2026-07-10 08:22:00,Downtown,North,272,Cash,8.18
504555,2026-07-10,2026-07-10 18:47:00,Airport Kiosk,West,560,Mobile Pay,16.98
504556,2026-07-10,2026-07-10 12:44:00,Riverside,South,795,Credit Card,16.11
504557,2026-07-10,2026-07-10 14:59:00,Downtown,North,877,Debit Card,3.43
504558,2026-07-10,2026-07-10 18:10:00,Harbor Point,South,417,Cash,25.95
504559,2026-07-10,2026-07-10 13:04:00,Uptown Mall,East,32,Credit Card,23.38
504560,2026-07-10,2026-07-10 13:35:00,Harbor Point,South,214,Debit Card,3.91
504561,2026-07-10,2026-07-10 09:45:00,Riverside,South,775,Cash,2.7
504562,2026-07-10,2026-07-10 10:19:00,Airport Kiosk,West,863,Debit Card,15.77
504563,2026-07-10,2026-07-10 11:07:00,Riverside,South,817,Cash,2.47
504564,2026-07-10,2026-07-10 18:53:00,Downtown,North,7,Mobile Pay,5.42
504565,2026-07-10,2026-07-10 16:01:00,Airport Kiosk,West,772,Debit Card,15.27
504566,2026-07-10,2026-07-10 16:27:00,Uptown Mall,East,865,Cash,4.42
504567,2026-07-10,2026-07-10 16:47:00,Airport Kiosk,West,444,Mobile Pay,3.44
504568,2026-07-10,2026-07-10 13:53:00,Downtown,North,718,Debit Card,17.17
504569,2026-07-10,2026-07-10 09:25:00,Riverside,South,169,Debit Card,3.97
504570,2026-07-11,2026-07-11 16:19:00,Airport Kiosk,West,246,Cash,16.24
504571,2026-07-11,2026-07-11 17:50:00,Uptown Mall,East,892,Debit Card,3.64
504572,2026-07-11,2026-07-11 18:44:00,Uptown Mall,East,170,Debit Card,28.7
504573,2026-07-11,2026-07-11 09:24:00,Airport Kiosk,West,10,Debit Card,6.98
504574,2026-07-11,2026-07-11 13:38:00,Uptown Mall,East,280,Credit Card,2.46
504575,2026-07-11,2026-07-11 12:59:00,Riverside,South,202,Mobile Pay,3.22
504576,2026-07-11,2026-07-11 15:02:00,Uptown Mall,East,97,Credit Card,17.18
504577,2026-07-11,2026-07-11 10:12:00,Riverside,South,525,Debit Card,6.82
504578,2026-07-11,2026-07-11 15:59:00,Riverside,South,9,Credit Card,3.41
504579,2026-07-11,2026-07-11 08:41:00,Airport Kiosk,West,229,Debit Card,7.64
504580,2026-07-11,2026-07-11 08:03:00,Riverside,South,839,Debit Card,6.45
504581,2026-07-11,2026-07-11 16:44:00,Downtown,North,837,Debit Card,16.08
504582,2026-07-11,2026-07-11 08:56:00,Harbor Point,South,648,Credit Card,11.09
504583,2026-07-11,2026-07-11 08:01:00,Harbor Point,South,885,Debit Card,20.08
504584,2026-07-11,2026-07-11 10:50:00,Riverside,South,444,Cash,6.88
504585,2026-07-11,2026-07-11 13:07:00,Harbor Point,South,106,Mobile Pay,19.17
504586,2026-07-11,2026-07-11 08:21:00,Riverside,South,264,Debit Card,11.93
504587,2026-07-11,2026-07-11 14:00:00,Harbor Point,South,706,Credit Card,11.57
504588,2026-07-11,2026-07-11 17:52:00,Harbor Point,South,857,Debit Card,3.69
504589,2026-07-11,2026-07-11 09:41:00,Downtown,North,7,Debit Card,16.2
504590,2026-07-11,2026-07-11 12:00:00,Riverside,South,257,Credit Card,19.9
504591,2026-07-11,2026-07-11 12:17:00,Downtown,North,68,Cash,11.91
504592,2026-07-11,2026-07-11 11:56:00,Harbor Point,South,851,Debit Card,6.44
504593,2026-07-11,2026-07-11 16:32:00,Airport Kiosk,West,736,Credit Card,12.33
504594,2026-07-11,2026-07-11 07:15:00,Riverside,South,398,Mobile Pay,31.07
504595,2026-07-11,2026-07-11 14:43:00,Uptown Mall,East,469,Mobile Pay,3.22
504596,2026-07-11,2026-07-11 16:44:00,Harbor Point,South,296,Mobile Pay,5.34
504597,2026-07-11,2026-07-11 16:59:00,Uptown Mall,East,14,Cash,7.58
504598,2026-07-11,2026-07-11 11:55:00,Airport Kiosk,West,268,Cash,7.61
504599,2026-07-11,2026-07-11 15:15:00,Airport Kiosk,West,535,Credit Card,8.4
504600,2026-07-11,2026-07-11 14:49:00,Uptown Mall,East,614,Mobile Pay,3.0
504601,2026-07-11,2026-07-11 18:16:00,Uptown Mall,East,800,Credit Card,19.56
504602,2026-07-11,2026-07-11 15:43:00,Downtown,North,680,Cash,8.08
504603,2026-07-11,2026-07-11 08:01:00,Riverside,South,446,Debit Card,11.68
504604,2026-07-11,2026-07-11 14:09:00,Riverside,South,535,Debit Card,3.48
504605,2026-07-11,2026-07-11 09:26:00,Harbor Point,South,64,Cash,7.41
504606,2026-07-11,2026-07-11 14:42:00,Uptown Mall,East,842,Mobile Pay,2.68
504607,2026-07-11,2026-07-11 10:49:00,Airport Kiosk,West,472,Credit Card,10.98
504608,2026-07-11,2026-07-11 12:41:00,Airport Kiosk,West,361,Mobile Pay,8.66
504609,2026-07-11,2026-07-11 12:41:00,Airport Kiosk,West,451,Mobile Pay,6.86
504610,2026-07-11,2026-07-11 12:21:00,Riverside,South,714,Mobile Pay,7.55
504611,2026-07-11,2026-07-11 11:54:00,Uptown Mall,East,795,Debit Card,8.32
504612,2026-07-11,2026-07-11 09:16:00,Downtown,North,554,Cash,6.62
504613,2026-07-11,2026-07-11 09:34:00,Airport Kiosk,West,5,Mobile Pay,10.02
504614,2026-07-11,2026-07-11 17:27:00,Airport Kiosk,West,411,Cash,10.74
504615,2026-07-11,2026-07-11 13:12:00,Harbor Point,South,521,Debit Card,7.73
504616,2026-07-11,2026-07-11 08:38:00,Uptown Mall,East,791,Credit Card,4.46
504617,2026-07-12,2026-07-12 08:17:00,Uptown Mall,East,370,Mobile Pay,14.9
504618,2026-07-12,2026-07-12 09:18:00,Airport Kiosk,West,41,Cash,7.3
504619,2026-07-12,2026-07-12 11:45:00,Harbor Point,South,158,Debit Card,8.72
504620,2026-07-12,2026-07-12 12:29:00,Harbor Point,South,760,Mobile Pay,13.68
504621,2026-07-12,2026-07-12 07:24:00,Harbor Point,South,628,Credit Card,2.45
504622,2026-07-12,2026-07-12 10:20:00,Harbor Point,South,737,Debit Card,2.92
504623,2026-07-12,2026-07-12 11:05:00,Harbor Point,South,6,Cash,9.5
504624,2026-07-12,2026-07-12 11:01:00,Riverside,South,899,Debit Card,2.98
504625,2026-07-12,2026-07-12 13:14:00,Uptown Mall,East,399,Cash,14.4
504626,2026-07-12,2026-07-12 09:47:00,Harbor Point,South,564,Credit Card,7.52
504627,2026-07-12,2026-07-12 18:27:00,Downtown,North,160,Credit Card,10.6
504628,2026-07-12,2026-07-12 09:55:00,Uptown Mall,East,665,Cash,11.66
504629,2026-07-12,2026-07-12 13:22:00,Airport Kiosk,West,427,Debit Card,17.35
504630,2026-07-12,2026-07-12 13:56:00,Airport Kiosk,West,793,Cash,7.62
504631,2026-07-12,2026-07-12 07:02:00,Harbor Point,South,769,Credit Card,3.47
504632,2026-07-12,2026-07-12 08:44:00,Downtown,North,836,Credit Card,7.32
504633,2026-07-12,2026-07-12 09:36:00,Riverside,South,564,Debit Card,6.43
504634,2026-07-12,2026-07-12 12:28:00,Riverside,South,620,Cash,9.9
504635,2026-07-12,2026-07-12 08:18:00,Uptown Mall,East,670,Credit Card,8.41
504636,2026-07-12,2026-07-12 16:35:00,Riverside,South,732,Cash,10.49
504637,2026-07-12,2026-07-12 14:08:00,Uptown Mall,East,703,Credit Card,3.18
504638,2026-07-12,2026-07-12 08:59:00,Riverside,South,403,Debit Card,3.18
504639,2026-07-12,2026-07-12 10:15:00,Airport Kiosk,West,737,Mobile Pay,10.63
504640,2026-07-12,2026-07-12 14:34:00,Uptown Mall,East,240,Mobile Pay,3.65
504641,2026-07-12,2026-07-12 12:36:00,Downtown,North,461,Credit Card,4.72
504642,2026-07-12,2026-07-12 09:23:00,Downtown,North,512,Credit Card,10.56
504643,2026-07-12,2026-07-12 16:24:00,Riverside,South,791,Cash,7.66
504644,2026-07-12,2026-07-12 10:46:00,Downtown,North,322,Credit Card,15.97
504645,2026-07-12,2026-07-12 08:34:00,Riverside,South,305,Credit Card,7.72
504646,2026-07-12,2026-07-12 08:34:00,Downtown,North,711,Cash,3.21
504647,2026-07-12,2026-07-12 09:30:00,Riverside,South,772,Mobile Pay,8.14
504648,2026-07-12,2026-07-12 18:18:00,Uptown Mall,East,839,Debit Card,28.37
504649,2026-07-12,2026-07-12 16:26:00,Harbor Point,South,239,Credit Card,6.48
504650,2026-07-12,2026-07-12 08:15:00,Uptown Mall,East,255,Credit Card,2.45
504651,2026-07-12,2026-07-12 18:02:00,Harbor Point,South,635,Credit Card,23.58
504652,2026-07-12,2026-07-12 13:34:00,Airport Kiosk,West,635,Debit Card,16.51
504653,2026-07-12,2026-07-12 11:04:00,Harbor Point,South,658,Cash,3.97
504654,2026-07-12,2026-07-12 12:25:00,Riverside,South,537,Mobile Pay,12.1
504655,2026-07-12,2026-07-12 12:35:00,Uptown Mall,East,743,Credit Card,11.95
504656,2026-07-12,2026-07-12 09:13:00,Uptown Mall,East,880,Mobile Pay,4.24
504657,2026-07-12,2026-07-12 10:31:00,Uptown Mall,East,392,Credit Card,15.55
504658,2026-07-12,2026-07-12 18:10:00,Downtown,North,793,Credit Card,9.84
504659,2026-07-12,2026-07-12 13:42:00,Downtown,North,44,Credit Card,10.09
504660,2026-07-13,2026-07-13 09:57:00,Uptown Mall,East,605,Credit Card,3.74
504661,2026-07-13,2026-07-13 10:19:00,Riverside,South,219,Cash,8.17
504662,2026-07-13,2026-07-13 14:59:00,Riverside,South,34,Cash,3.69
504663,2026-07-13,2026-07-13 18:16:00,Riverside,South,451,Credit Card,13.8
504664,2026-07-13,2026-07-13 08:27:00,Airport Kiosk,West,129,Mobile Pay,7.5
504665,2026-07-13,2026-07-13 10:23:00,Downtown,North,564,Cash,7.13
504666,2026-07-13,2026-07-13 12:28:00,Uptown Mall,East,106,Mobile Pay,6.43
504667,2026-07-13,2026-07-13 14:06:00,Riverside,South,742,Mobile Pay,9.91
504668,2026-07-13,2026-07-13 14:34:00,Harbor Point,South,529,Cash,14.56
504669,2026-07-13,2026-07-13 18:07:00,Uptown Mall,East,232,Credit Card,14.42
504670,2026-07-13,2026-07-13 16:04:00,Uptown Mall,East,389,Cash,11.44
504671,2026-07-13,2026-07-13 08:57:00,Downtown,North,821,Debit Card,12.46
504672,2026-07-13,2026-07-13 09:00:00,Riverside,South,212,Mobile Pay,5.69
504673,2026-07-13,2026-07-13 08:58:00,Downtown,North,878,Cash,14.01
504674,2026-07-13,2026-07-13 09:34:00,Riverside,South,812,Credit Card,3.24
504675,2026-07-13,2026-07-13 07:18:00,Riverside,South,426,Mobile Pay,28.21
504676,2026-07-13,2026-07-13 09:44:00,Downtown,North,565,Credit Card,11.49
504677,2026-07-13,2026-07-13 13:19:00,Harbor Point,South,566,Cash,7.11
504678,2026-07-13,2026-07-13 07:59:00,Downtown,North,205,Credit Card,2.74
504679,2026-07-13,2026-07-13 08:51:00,Downtown,North,843,Debit Card,3.44
504680,2026-07-13,2026-07-13 18:23:00,Riverside,South,679,Mobile Pay,22.02
504681,2026-07-13,2026-07-13 09:15:00,Riverside,South,115,Cash,3.69
504682,2026-07-13,2026-07-13 10:16:00,Riverside,South,451,Credit Card,3.41
504683,2026-07-13,2026-07-13 09:53:00,Uptown Mall,East,479,Debit Card,11.75
504684,2026-07-13,2026-07-13 10:17:00,Uptown Mall,East,465,Credit Card,7.6
504685,2026-07-13,2026-07-13 14:56:00,Uptown Mall,East,325,Credit Card,2.93
504686,2026-07-13,2026-07-13 10:54:00,Airport Kiosk,West,6,Cash,3.71
504687,2026-07-13,2026-07-13 12:36:00,Airport Kiosk,West,793,Debit Card,11.38
504688,2026-07-13,2026-07-13 07:23:00,Uptown Mall,East,866,Credit Card,7.91
504689,2026-07-14,2026-07-14 12:40:00,Downtown,North,609,Debit Card,7.74
504690,2026-07-14,2026-07-14 09:25:00,Harbor Point,South,184,Credit Card,12.86
504691,2026-07-14,2026-07-14 07:04:00,Airport Kiosk,West,107,Credit Card,3.42
504692,2026-07-14,2026-07-14 07:03:00,Uptown Mall,East,24,Credit Card,19.33
504693,2026-07-14,2026-07-14 14:54:00,Airport Kiosk,West,860,Credit Card,10.91
504694,2026-07-14,2026-07-14 09:39:00,Uptown Mall,East,600,Cash,12.68
504695,2026-07-14,2026-07-14 13:49:00,Airport Kiosk,West,795,Cash,18.1
504696,2026-07-14,2026-07-14 08:20:00,Harbor Point,South,535,Debit Card,3.98
504697,2026-07-14,2026-07-14 14:50:00,Uptown Mall,East,282,Credit Card,3.45
504698,2026-07-14,2026-07-14 14:00:00,Airport Kiosk,West,671,Cash,14.0
504699,2026-07-14,2026-07-14 08:03:00,Uptown Mall,East,396,Mobile Pay,16.73
504700,2026-07-14,2026-07-14 09:44:00,Uptown Mall,East,812,Debit Card,3.41
504701,2026-07-14,2026-07-14 09:28:00,Uptown Mall,East,396,Credit Card,8.05
504702,2026-07-14,2026-07-14 09:30:00,Airport Kiosk,West,416,Cash,3.4
504703,2026-07-14,2026-07-14 07:02:00,Riverside,South,131,Debit Card,16.28
504704,2026-07-14,2026-07-14 17:37:00,Harbor Point,South,121,Cash,15.41
504705,2026-07-14,2026-07-14 13:19:00,Harbor Point,South,708,Mobile Pay,2.45
504706,2026-07-14,2026-07-14 09:51:00,Uptown Mall,East,500,Mobile Pay,2.45
504707,2026-07-14,2026-07-14 13:03:00,Uptown Mall,East,369,Credit Card,2.5
504708,2026-07-14,2026-07-14 18:48:00,Riverside,South,630,Debit Card,11.41
504709,2026-07-14,2026-07-14 13:43:00,Harbor Point,South,456,Mobile Pay,11.64
504710,2026-07-14,2026-07-14 18:56:00,Harbor Point,South,687,Credit Card,14.94
504711,2026-07-14,2026-07-14 08:31:00,Uptown Mall,East,20,Credit Card,8.32
504712,2026-07-14,2026-07-14 08:12:00,Airport Kiosk,West,867,Cash,4.15
504713,2026-07-14,2026-07-14 08:03:00,Riverside,South,574,Cash,17.65
504714,2026-07-14,2026-07-14 16:39:00,Downtown,North,538,Credit Card,6.13
504715,2026-07-14,2026-07-14 08:43:00,Airport Kiosk,West,647,Debit Card,15.21
504716,2026-07-14,2026-07-14 09:04:00,Harbor Point,South,680,Debit Card,18.62
504717,2026-07-14,2026-07-14 15:46:00,Uptown Mall,East,759,Credit Card,12.13
504718,2026-07-14,2026-07-14 08:43:00,Harbor Point,South,552,Cash,2.98
504719,2026-07-14,2026-07-14 11:14:00,Harbor Point,South,200,Credit Card,11.54
504720,2026-07-14,2026-07-14 08:50:00,Riverside,South,377,Credit Card,11.12
504721,2026-07-14,2026-07-14 14:28:00,Riverside,South,591,Debit Card,3.46
504722,2026-07-14,2026-07-14 09:19:00,Downtown,North,618,Mobile Pay,7.32
504723,2026-07-14,2026-07-14 18:21:00,Riverside,South,636,Mobile Pay,6.65
504724,2026-07-14,2026-07-14 12:08:00,Downtown,North,577,Credit Card,8.77
504725,2026-07-15,2026-07-15 07:09:00,Airport Kiosk,West,240,Mobile Pay,7.66
504726,2026-07-15,2026-07-15 13:32:00,Riverside,South,528,Debit Card,26.84
504727,2026-07-15,2026-07-15 09:18:00,Riverside,South,18,Credit Card,3.49
504728,2026-07-15,2026-07-15 11:41:00,Airport Kiosk,West,882,Mobile Pay,19.83
504729,2026-07-15,2026-07-15 07:00:00,Riverside,South,799,Debit Card,11.82
504730,2026-07-15,2026-07-15 09:29:00,Riverside,South,488,Credit Card,14.52
504731,2026-07-15,2026-07-15 18:41:00,Airport Kiosk,West,97,Debit Card,12.06
504732,2026-07-15,2026-07-15 07:43:00,Downtown,North,898,Mobile Pay,24.76
504733,2026-07-15,2026-07-15 10:44:00,Airport Kiosk,West,443,Cash,19.26
504734,2026-07-15,2026-07-15 12:14:00,Downtown,North,13,Cash,20.99
504735,2026-07-15,2026-07-15 15:54:00,Riverside,South,455,Credit Card,7.46
504736,2026-07-15,2026-07-15 08:44:00,Airport Kiosk,West,420,Credit Card,7.37
504737,2026-07-15,2026-07-15 12:51:00,Harbor Point,South,130,Credit Card,15.34
504738,2026-07-15,2026-07-15 11:51:00,Airport Kiosk,West,60,Debit Card,10.23
504739,2026-07-15,2026-07-15 07:46:00,Airport Kiosk,West,839,Debit Card,7.94
504740,2026-07-15,2026-07-15 08:37:00,Riverside,South,74,Debit Card,4.12
504741,2026-07-15,2026-07-15 10:55:00,Airport Kiosk,West,757,Credit Card,4.65
504742,2026-07-15,2026-07-15 09:22:00,Airport Kiosk,West,712,Credit Card,14.95
504743,2026-07-15,2026-07-15 11:25:00,Harbor Point,South,249,Debit Card,3.92
504744,2026-07-15,2026-07-15 07:09:00,Harbor Point,South,98,Credit Card,7.68
504745,2026-07-15,2026-07-15 13:59:00,Riverside,South,31,Cash,3.48
504746,2026-07-15,2026-07-15 11:03:00,Uptown Mall,East,633,Debit Card,9.14
504747,2026-07-15,2026-07-15 08:41:00,Downtown,North,832,Cash,13.93
504748,2026-07-15,2026-07-15 13:33:00,Harbor Point,South,487,Credit Card,3.74
504749,2026-07-15,2026-07-15 07:10:00,Downtown,North,648,Mobile Pay,15.35
504750,2026-07-15,2026-07-15 11:30:00,Downtown,North,540,Credit Card,7.3
504751,2026-07-15,2026-07-15 18:04:00,Downtown,North,168,Mobile Pay,9.31
504752,2026-07-16,2026-07-16 10:09:00,Uptown Mall,East,866,Debit Card,25.12
504753,2026-07-16,2026-07-16 10:19:00,Downtown,North,758,Mobile Pay,23.25
504754,2026-07-16,2026-07-16 08:48:00,Harbor Point,South,84,Cash,6.06
504755,2026-07-16,2026-07-16 14:23:00,Downtown,North,853,Debit Card,20.05
504756,2026-07-16,2026-07-16 12:20:00,Airport Kiosk,West,309,Mobile Pay,14.1
504757,2026-07-16,2026-07-16 18:05:00,Harbor Point,South,399,Mobile Pay,4.48
504758,2026-07-16,2026-07-16 07:40:00,Riverside,South,833,Credit Card,10.88
504759,2026-07-16,2026-07-16 09:41:00,Riverside,South,124,Credit Card,2.99
504760,2026-07-16,2026-07-16 07:53:00,Harbor Point,South,820,Debit Card,18.99
504761,2026-07-16,2026-07-16 07:52:00,Airport Kiosk,West,2,Debit Card,12.25
504762,2026-07-16,2026-07-16 08:39:00,Airport Kiosk,West,77,Mobile Pay,15.38
504763,2026-07-16,2026-07-16 09:11:00,Harbor Point,South,320,Credit Card,10.81
504764,2026-07-16,2026-07-16 08:11:00,Airport Kiosk,West,74,Credit Card,4.46
504765,2026-07-16,2026-07-16 14:47:00,Riverside,South,260,Mobile Pay,17.02
504766,2026-07-16,2026-07-16 13:03:00,Airport Kiosk,West,300,Debit Card,23.24
504767,2026-07-16,2026-07-16 07:40:00,Uptown Mall,East,770,Debit Card,3.7
504768,2026-07-16,2026-07-16 07:54:00,Downtown,North,283,Cash,15.92
504769,2026-07-16,2026-07-16 08:17:00,Uptown Mall,East,823,Mobile Pay,6.71
504770,2026-07-16,2026-07-16 10:48:00,Downtown,North,299,Debit Card,18.28
504771,2026-07-16,2026-07-16 11:14:00,Airport Kiosk,West,304,Debit Card,18.56
504772,2026-07-16,2026-07-16 07:45:00,Airport Kiosk,West,40,Credit Card,3.18
504773,2026-07-16,2026-07-16 12:26:00,Airport Kiosk,West,590,Debit Card,7.64
504774,2026-07-16,2026-07-16 10:49:00,Harbor Point,South,644,Mobile Pay,3.21
504775,2026-07-16,2026-07-16 15:26:00,Riverside,South,783,Debit Card,3.97
504776,2026-07-16,2026-07-16 12:41:00,Airport Kiosk,West,867,Credit Card,3.49
504777,2026-07-17,2026-07-17 13:48:00,Uptown Mall,East,711,Mobile Pay,14.53
504778,2026-07-17,2026-07-17 07:40:00,Uptown Mall,East,667,Credit Card,8.1
504779,2026-07-17,2026-07-17 13:34:00,Riverside,South,594,Credit Card,15.57
504780,2026-07-17,2026-07-17 14:14:00,Riverside,South,114,Credit Card,3.43
504781,2026-07-17,2026-07-17 09:39:00,Uptown Mall,East,410,Debit Card,7.73
504782,2026-07-17,2026-07-17 07:44:00,Harbor Point,South,639,Mobile Pay,2.7
504783,2026-07-17,2026-07-17 17:15:00,Harbor Point,South,248,Debit Card,4.15
504784,2026-07-17,2026-07-17 17:35:00,Harbor Point,South,782,Credit Card,3.95
504785,2026-07-17,2026-07-17 16:41:00,Riverside,South,531,Credit Card,7.36
504786,2026-07-17,2026-07-17 11:47:00,Harbor Point,South,131,Credit Card,19.83
504787,2026-07-17,2026-07-17 17:14:00,Riverside,South,332,Credit Card,14.78
504788,2026-07-17,2026-07-17 17:08:00,Airport Kiosk,West,173,Cash,5.68
504789,2026-07-17,2026-07-17 14:46:00,Riverside,South,42,Cash,20.73
504790,2026-07-17,2026-07-17 17:26:00,Downtown,North,113,Credit Card,18.41
504791,2026-07-17,2026-07-17 07:31:00,Downtown,North,726,Mobile Pay,3.93
504792,2026-07-17,2026-07-17 07:07:00,Harbor Point,South,489,Credit Card,3.5
504793,2026-07-17,2026-07-17 18:24:00,Riverside,South,333,Mobile Pay,23.28
504794,2026-07-17,2026-07-17 08:04:00,Airport Kiosk,West,796,Debit Card,7.6
504795,2026-07-17,2026-07-17 16:49:00,Uptown Mall,East,143,Debit Card,2.98
504796,2026-07-17,2026-07-17 09:07:00,Uptown Mall,East,813,Debit Card,11.07
504797,2026-07-17,2026-07-17 09:33:00,Downtown,North,616,Debit Card,13.91
504798,2026-07-17,2026-07-17 14:40:00,Uptown Mall,East,309,Debit Card,12.53
504799,2026-07-17,2026-07-17 09:22:00,Airport Kiosk,West,597,Debit Card,3.17
504800,2026-07-17,2026-07-17 12:18:00,Harbor Point,South,129,Credit Card,3.16
504801,2026-07-17,2026-07-17 18:37:00,Riverside,South,260,Credit Card,4.2
504802,2026-07-17,2026-07-17 07:36:00,Airport Kiosk,West,623,Credit Card,3.49
504803,2026-07-17,2026-07-17 09:47:00,Harbor Point,South,729,Debit Card,11.57
504804,2026-07-18,2026-07-18 11:39:00,Downtown,North,237,Mobile Pay,12.67
504805,2026-07-18,2026-07-18 09:12:00,Downtown,North,686,Credit Card,5.63
504806,2026-07-18,2026-07-18 18:53:00,Downtown,North,777,Credit Card,5.0
504807,2026-07-18,2026-07-18 13:28:00,Harbor Point,South,815,Debit Card,17.43
504808,2026-07-18,2026-07-18 12:14:00,Riverside,South,816,Debit Card,12.26
504809,2026-07-18,2026-07-18 16:15:00,Uptown Mall,East,419,Credit Card,6.34
504810,2026-07-18,2026-07-18 09:42:00,Downtown,North,481,Credit Card,6.44
504811,2026-07-18,2026-07-18 09:31:00,Airport Kiosk,West,873,Cash,11.96
504812,2026-07-18,2026-07-18 12:57:00,Downtown,North,897,Credit Card,4.15
504813,2026-07-18,2026-07-18 13:57:00,Uptown Mall,East,664,Cash,4.65
504814,2026-07-18,2026-07-18 14:16:00,Airport Kiosk,West,32,Credit Card,18.12
504815,2026-07-18,2026-07-18 09:28:00,Uptown Mall,East,734,Credit Card,22.91
504816,2026-07-18,2026-07-18 13:01:00,Riverside,South,552,Debit Card,31.18
504817,2026-07-18,2026-07-18 08:14:00,Riverside,South,759,Debit Card,3.94
504818,2026-07-18,2026-07-18 07:34:00,Downtown,North,792,Credit Card,8.28
504819,2026-07-18,2026-07-18 09:49:00,Harbor Point,South,596,Credit Card,8.28
504820,2026-07-18,2026-07-18 07:16:00,Airport Kiosk,West,281,Mobile Pay,4.73
504821,2026-07-18,2026-07-18 15:14:00,Downtown,North,257,Debit Card,22.23
504822,2026-07-18,2026-07-18 11:26:00,Uptown Mall,East,643,Cash,16.43
504823,2026-07-18,2026-07-18 08:06:00,Airport Kiosk,West,327,Debit Card,8.37
504824,2026-07-18,2026-07-18 08:07:00,Riverside,South,121,Credit Card,23.11
504825,2026-07-18,2026-07-18 18:01:00,Airport Kiosk,West,147,Mobile Pay,12.12
504826,2026-07-18,2026-07-18 09:30:00,Harbor Point,South,297,Credit Card,22.42
504827,2026-07-18,2026-07-18 13:05:00,Downtown,North,217,Credit Card,12.07
504828,2026-07-18,2026-07-18 09:37:00,Riverside,South,702,Mobile Pay,7.47
504829,2026-07-18,2026-07-18 17:58:00,Airport Kiosk,West,3,Credit Card,3.47
504830,2026-07-18,2026-07-18 15:02:00,Harbor Point,South,206,Credit Card,5.96
504831,2026-07-18,2026-07-18 11:57:00,Uptown Mall,East,640,Cash,3.5
504832,2026-07-18,2026-07-18 10:55:00,Downtown,North,55,Mobile Pay,3.68
504833,2026-07-19,2026-07-19 08:04:00,Airport Kiosk,West,880,Debit Card,11.29
504834,2026-07-19,2026-07-19 12:24:00,Riverside,South,340,Credit Card,20.94
504835,2026-07-19,2026-07-19 10:07:00,Airport Kiosk,West,753,Mobile Pay,4.22
504836,2026-07-19,2026-07-19 08:30:00,Airport Kiosk,West,121,Credit Card,19.83
504837,2026-07-19,2026-07-19 17:06:00,Harbor Point,South,571,Mobile Pay,37.42
504838,2026-07-19,2026-07-19 08:59:00,Airport Kiosk,West,149,Debit Card,13.47
504839,2026-07-19,2026-07-19 17:59:00,Downtown,North,147,Debit Card,3.42
504840,2026-07-19,2026-07-19 17:04:00,Airport Kiosk,West,771,Credit Card,7.59
504841,2026-07-19,2026-07-19 15:07:00,Uptown Mall,East,671,Credit Card,7.1
504842,2026-07-19,2026-07-19 11:53:00,Downtown,North,678,Mobile Pay,11.24
504843,2026-07-19,2026-07-19 12:56:00,Uptown Mall,East,96,Credit Card,2.99
504844,2026-07-19,2026-07-19 12:56:00,Airport Kiosk,West,144,Debit Card,2.74
504845,2026-07-19,2026-07-19 09:28:00,Harbor Point,South,218,Debit Card,3.43
504846,2026-07-19,2026-07-19 12:00:00,Uptown Mall,East,106,Credit Card,3.44
504847,2026-07-19,2026-07-19 08:17:00,Harbor Point,South,488,Debit Card,7.3
504848,2026-07-19,2026-07-19 17:33:00,Downtown,North,344,Credit Card,11.15
504849,2026-07-19,2026-07-19 08:13:00,Harbor Point,South,531,Debit Card,21.27
504850,2026-07-19,2026-07-19 09:35:00,Airport Kiosk,West,698,Mobile Pay,4.44
504851,2026-07-19,2026-07-19 10:31:00,Riverside,South,302,Credit Card,6.98
504852,2026-07-19,2026-07-19 07:42:00,Harbor Point,South,837,Debit Card,10.16
504853,2026-07-19,2026-07-19 18:48:00,Riverside,South,379,Mobile Pay,9.03
504854,2026-07-19,2026-07-19 09:13:00,Airport Kiosk,West,579,Debit Card,11.41
504855,2026-07-19,2026-07-19 16:45:00,Uptown Mall,East,702,Credit Card,11.57
504856,2026-07-19,2026-07-19 08:21:00,Uptown Mall,East,734,Cash,7.85
504857,2026-07-19,2026-07-19 17:52:00,Uptown Mall,East,397,Credit Card,11.48
504858,2026-07-19,2026-07-19 09:18:00,Riverside,South,563,Cash,3.41
504859,2026-07-19,2026-07-19 08:34:00,Airport Kiosk,West,426,Credit Card,8.9
504860,2026-07-19,2026-07-19 08:39:00,Harbor Point,South,771,Debit Card,17.07
504861,2026-07-19,2026-07-19 12:10:00,Riverside,South,664,Credit Card,8.07
504862,2026-07-19,2026-07-19 08:30:00,Airport Kiosk,West,347,Debit Card,3.91
504863,2026-07-19,2026-07-19 17:52:00,Harbor Point,South,633,Credit Card,17.18
504864,2026-07-19,2026-07-19 13:26:00,Harbor Point,South,180,Cash,6.12
504865,2026-07-19,2026-07-19 16:42:00,Uptown Mall,East,418,Credit Card,6.11
504866,2026-07-19,2026-07-19 12:54:00,Downtown,North,801,Debit Card,13.54
504867,2026-07-19,2026-07-19 14:07:00,Uptown Mall,East,898,Mobile Pay,7.94
504868,2026-07-19,2026-07-19 15:34:00,Riverside,South,862,Mobile Pay,3.23
504869,2026-07-19,2026-07-19 09:59:00,Uptown Mall,East,384,Cash,2.68
504870,2026-07-19,2026-07-19 16:01:00,Airport Kiosk,West,317,Credit Card,7.28
504871,2026-07-19,2026-07-19 10:17:00,Downtown,North,788,Credit Card,8.68
504872,2026-07-19,2026-07-19 07:31:00,Airport Kiosk,West,684,Cash,3.22
504873,2026-07-19,2026-07-19 08:37:00,Airport Kiosk,West,122,Cash,7.61
504874,2026-07-19,2026-07-19 12:53:00,Downtown,North,81,Mobile Pay,7.53
504875,2026-07-19,2026-07-19 13:57:00,Downtown,North,760,Mobile Pay,10.61
504876,2026-07-19,2026-07-19 12:03:00,Uptown Mall,East,87,Credit Card,3.23
504877,2026-07-19,2026-07-19 16:08:00,Uptown Mall,East,399,Debit Card,10.25
504878,2026-07-19,2026-07-19 09:29:00,Downtown,North,313,Debit Card,5.68
504879,2026-07-19,2026-07-19 09:47:00,Downtown,North,691,Credit Card,8.14
504880,2026-07-19,2026-07-19 10:04:00,Airport Kiosk,West,699,Debit Card,3.49
504881,2026-07-20,2026-07-20 12:41:00,Uptown Mall,East,444,Credit Card,10.51
504882,2026-07-20,2026-07-20 08:39:00,Downtown,North,798,Cash,7.84
504883,2026-07-20,2026-07-20 07:34:00,Airport Kiosk,West,525,Debit Card,19.4
504884,2026-07-20,2026-07-20 15:43:00,Airport Kiosk,West,543,Credit Card,3.23
504885,2026-07-20,2026-07-20 08:32:00,Downtown,North,674,Debit Card,2.94
504886,2026-07-20,2026-07-20 08:43:00,Riverside,South,487,Cash,10.73
504887,2026-07-20,2026-07-20 10:26:00,Downtown,North,18,Credit Card,7.59
504888,2026-07-20,2026-07-20 12:01:00,Riverside,South,809,Debit Card,10.49
504889,2026-07-20,2026-07-20 13:03:00,Harbor Point,South,331,Debit Card,11.51
504890,2026-07-20,2026-07-20 09:37:00,Downtown,North,83,Cash,3.75
504891,2026-07-20,2026-07-20 13:21:00,Downtown,North,306,Debit Card,5.86
504892,2026-07-20,2026-07-20 10:04:00,Downtown,North,486,Debit Card,20.49
504893,2026-07-20,2026-07-20 07:28:00,Harbor Point,South,485,Mobile Pay,2.49
504894,2026-07-20,2026-07-20 10:23:00,Airport Kiosk,West,192,Mobile Pay,2.48
504895,2026-07-20,2026-07-20 08:57:00,Uptown Mall,East,364,Mobile Pay,6.92
504896,2026-07-20,2026-07-20 18:58:00,Downtown,North,855,Credit Card,13.56
504897,2026-07-20,2026-07-20 14:22:00,Harbor Point,South,396,Mobile Pay,23.65
504898,2026-07-20,2026-07-20 12:33:00,Uptown Mall,East,550,Debit Card,7.38
504899,2026-07-20,2026-07-20 08:00:00,Uptown Mall,East,354,Cash,11.46
504900,2026-07-20,2026-07-20 13:29:00,Downtown,North,562,Cash,13.0
504901,2026-07-20,2026-07-20 13:22:00,Riverside,South,837,Cash,16.96
504902,2026-07-20,2026-07-20 11:32:00,Harbor Point,South,305,Credit Card,7.6
504903,2026-07-20,2026-07-20 15:04:00,Airport Kiosk,West,628,Cash,15.94
504904,2026-07-20,2026-07-20 16:25:00,Uptown Mall,East,102,Debit Card,4.13
504905,2026-07-20,2026-07-20 11:47:00,Harbor Point,South,630,Cash,9.91
504906,2026-07-20,2026-07-20 08:26:00,Downtown,North,249,Cash,2.68
504907,2026-07-20,2026-07-20 09:02:00,Uptown Mall,East,51,Credit Card,4.48
504908,2026-07-20,2026-07-20 18:03:00,Downtown,North,168,Debit Card,23.19
504909,2026-07-20,2026-07-20 08:00:00,Uptown Mall,East,394,Cash,3.48
504910,2026-07-20,2026-07-20 09:33:00,Downtown,North,796,Credit Card,5.66
504911,2026-07-20,2026-07-20 11:27:00,Riverside,South,671,Debit Card,8.59
504912,2026-07-20,2026-07-20 10:44:00,Uptown Mall,East,880,Mobile Pay,3.44
504913,2026-07-20,2026-07-20 09:28:00,Harbor Point,South,399,Debit Card,7.63
504914,2026-07-20,2026-07-20 08:29:00,Harbor Point,South,306,Mobile Pay,19.38
504915,2026-07-20,2026-07-20 07:21:00,Airport Kiosk,West,140,Debit Card,7.08
504916,2026-07-21,2026-07-21 08:49:00,Downtown,North,804,Credit Card,14.84
504917,2026-07-21,2026-07-21 08:29:00,Airport Kiosk,West,361,Debit Card,3.7
504918,2026-07-21,2026-07-21 14:27:00,Downtown,North,462,Cash,8.38
504919,2026-07-21,2026-07-21 16:05:00,Airport Kiosk,West,371,Debit Card,15.92
504920,2026-07-21,2026-07-21 14:37:00,Airport Kiosk,West,825,Debit Card,12.22
504921,2026-07-21,2026-07-21 18:52:00,Riverside,South,228,Cash,4.72
504922,2026-07-21,2026-07-21 10:20:00,Downtown,North,103,Cash,11.68
504923,2026-07-21,2026-07-21 09:46:00,Harbor Point,South,584,Credit Card,8.42
504924,2026-07-21,2026-07-21 08:30:00,Uptown Mall,East,108,Debit Card,10.87
504925,2026-07-21,2026-07-21 08:59:00,Riverside,South,60,Credit Card,6.8
504926,2026-07-21,2026-07-21 18:35:00,Uptown Mall,East,50,Credit Card,10.45
504927,2026-07-21,2026-07-21 07:34:00,Downtown,North,10,Cash,15.29
504928,2026-07-21,2026-07-21 09:39:00,Riverside,South,635,Cash,16.14
504929,2026-07-21,2026-07-21 14:48:00,Airport Kiosk,West,253,Credit Card,12.87
504930,2026-07-21,2026-07-21 17:13:00,Riverside,South,336,Mobile Pay,19.54
504931,2026-07-21,2026-07-21 09:23:00,Downtown,North,714,Cash,11.3
504932,2026-07-21,2026-07-21 15:17:00,Uptown Mall,East,450,Debit Card,5.44
504933,2026-07-21,2026-07-21 17:34:00,Harbor Point,South,424,Debit Card,24.75
504934,2026-07-21,2026-07-21 11:42:00,Uptown Mall,East,683,Cash,7.69
504935,2026-07-21,2026-07-21 14:43:00,Airport Kiosk,West,791,Credit Card,8.38
504936,2026-07-22,2026-07-22 09:45:00,Downtown,North,151,Credit Card,2.43
504937,2026-07-22,2026-07-22 16:09:00,Riverside,South,202,Credit Card,4.39
504938,2026-07-22,2026-07-22 13:24:00,Riverside,South,110,Cash,4.47
504939,2026-07-22,2026-07-22 10:20:00,Harbor Point,South,564,Debit Card,11.15
504940,2026-07-22,2026-07-22 12:40:00,Airport Kiosk,West,244,Mobile Pay,32.2
504941,2026-07-22,2026-07-22 13:48:00,Airport Kiosk,West,7,Cash,2.92
504942,2026-07-22,2026-07-22 11:14:00,Uptown Mall,East,195,Cash,7.35
504943,2026-07-22,2026-07-22 09:31:00,Uptown Mall,East,113,Debit Card,9.15
504944,2026-07-22,2026-07-22 18:09:00,Airport Kiosk,West,882,Debit Card,3.69
504945,2026-07-22,2026-07-22 16:45:00,Riverside,South,306,Credit Card,21.03
504946,2026-07-22,2026-07-22 07:30:00,Riverside,South,737,Debit Card,2.93
504947,2026-07-22,2026-07-22 11:18:00,Airport Kiosk,West,785,Credit Card,2.74
504948,2026-07-22,2026-07-22 15:31:00,Riverside,South,256,Debit Card,11.76
504949,2026-07-22,2026-07-22 09:15:00,Airport Kiosk,West,448,Debit Card,11.7
504950,2026-07-22,2026-07-22 11:20:00,Downtown,North,137,Credit Card,4.38
504951,2026-07-22,2026-07-22 08:17:00,Downtown,North,757,Credit Card,3.67
504952,2026-07-23,2026-07-23 13:34:00,Downtown,North,681,Credit Card,3.45
504953,2026-07-23,2026-07-23 18:23:00,Airport Kiosk,West,687,Credit Card,7.29
504954,2026-07-23,2026-07-23 09:56:00,Airport Kiosk,West,610,Credit Card,23.27
504955,2026-07-23,2026-07-23 08:34:00,Harbor Point,South,291,Debit Card,19.84
504956,2026-07-23,2026-07-23 14:10:00,Downtown,North,731,Debit Card,24.87
504957,2026-07-23,2026-07-23 11:44:00,Uptown Mall,East,571,Debit Card,23.1
504958,2026-07-23,2026-07-23 14:38:00,Harbor Point,South,442,Cash,25.16
504959,2026-07-23,2026-07-23 14:40:00,Riverside,South,298,Credit Card,4.68
504960,2026-07-23,2026-07-23 08:13:00,Uptown Mall,East,37,Credit Card,10.0
504961,2026-07-23,2026-07-23 16:28:00,Riverside,South,688,Cash,3.23
504962,2026-07-23,2026-07-23 12:54:00,Harbor Point,South,13,Debit Card,9.38
504963,2026-07-23,2026-07-23 07:40:00,Downtown,North,165,Cash,8.73
504964,2026-07-23,2026-07-23 09:37:00,Riverside,South,430,Mobile Pay,15.52
504965,2026-07-23,2026-07-23 08:05:00,Harbor Point,South,267,Credit Card,3.17
504966,2026-07-23,2026-07-23 08:42:00,Harbor Point,South,719,Cash,10.41
504967,2026-07-23,2026-07-23 17:47:00,Uptown Mall,East,808,Credit Card,8.84
504968,2026-07-23,2026-07-23 10:20:00,Uptown Mall,East,505,Cash,19.46
504969,2026-07-23,2026-07-23 11:23:00,Uptown Mall,East,697,Credit Card,5.65
504970,2026-07-23,2026-07-23 14:41:00,Harbor Point,South,386,Mobile Pay,3.88
504971,2026-07-23,2026-07-23 16:27:00,Uptown Mall,East,213,Credit Card,2.98
504972,2026-07-23,2026-07-23 07:36:00,Harbor Point,South,51,Cash,3.89
504973,2026-07-23,2026-07-23 09:23:00,Riverside,South,787,Credit Card,15.06
504974,2026-07-23,2026-07-23 12:00:00,Harbor Point,South,65,Cash,3.0
504975,2026-07-23,2026-07-23 10:30:00,Harbor Point,South,51,Debit Card,7.58
504976,2026-07-23,2026-07-23 08:45:00,Uptown Mall,East,807,Mobile Pay,16.08
504977,2026-07-23,2026-07-23 12:07:00,Downtown,North,853,Cash,10.07
504978,2026-07-23,2026-07-23 14:20:00,Downtown,North,235,Debit Card,10.82
504979,2026-07-23,2026-07-23 07:04:00,Airport Kiosk,West,415,Cash,4.43
504980,2026-07-23,2026-07-23 08:42:00,Downtown,North,610,Cash,15.2
504981,2026-07-23,2026-07-23 17:04:00,Riverside,South,252,Debit Card,8.32
504982,2026-07-23,2026-07-23 13:56:00,Downtown,North,228,Mobile Pay,7.4
504983,2026-07-23,2026-07-23 09:57:00,Downtown,North,782,Credit Card,15.4
504984,2026-07-23,2026-07-23 12:28:00,Downtown,North,885,Credit Card,17.0
504985,2026-07-24,2026-07-24 10:41:00,Uptown Mall,East,111,Mobile Pay,4.62
504986,2026-07-24,2026-07-24 15:20:00,Riverside,South,391,Debit Card,10.33
504987,2026-07-24,2026-07-24 10:50:00,Uptown Mall,East,498,Credit Card,21.08
504988,2026-07-24,2026-07-24 13:54:00,Airport Kiosk,West,461,Credit Card,2.75
504989,2026-07-24,2026-07-24 08:22:00,Riverside,South,891,Debit Card,7.59
504990,2026-07-24,2026-07-24 10:10:00,Harbor Point,South,674,Credit Card,4.16
504991,2026-07-24,2026-07-24 07:26:00,Harbor Point,South,137,Cash,7.23
504992,2026-07-24,2026-07-24 08:33:00,Harbor Point,South,810,Mobile Pay,12.3
504993,2026-07-24,2026-07-24 10:52:00,Riverside,South,785,Debit Card,7.9
504994,2026-07-24,2026-07-24 09:17:00,Airport Kiosk,West,203,Credit Card,4.63
504995,2026-07-24,2026-07-24 13:25:00,Riverside,South,636,Mobile Pay,17.59
504996,2026-07-24,2026-07-24 08:32:00,Downtown,North,850,Credit Card,20.06
504997,2026-07-24,2026-07-24 10:49:00,Airport Kiosk,West,272,Credit Card,27.05
504998,2026-07-24,2026-07-24 08:31:00,Airport Kiosk,West,324,Credit Card,23.06
504999,2026-07-24,2026-07-24 13:20:00,Riverside,South,256,Debit Card,4.0
505000,2026-07-24,2026-07-24 16:51:00,Uptown Mall,East,478,Mobile Pay,6.7
505001,2026-07-24,2026-07-24 08:52:00,Uptown Mall,East,810,Cash,23.94
505002,2026-07-25,2026-07-25 12:18:00,Uptown Mall,East,778,Cash,9.15
505003,2026-07-25,2026-07-25 07:07:00,Riverside,South,496,Mobile Pay,19.22
505004,2026-07-25,2026-07-25 08:33:00,Riverside,South,291,Mobile Pay,2.96
505005,2026-07-25,2026-07-25 14:26:00,Airport Kiosk,West,507,Cash,10.4
505006,2026-07-25,2026-07-25 17:03:00,Uptown Mall,East,508,Debit Card,4.62
505007,2026-07-25,2026-07-25 17:27:00,Riverside,South,783,Mobile Pay,2.48
505008,2026-07-25,2026-07-25 08:25:00,Uptown Mall,East,469,Credit Card,11.24
505009,2026-07-25,2026-07-25 08:10:00,Riverside,South,225,Credit Card,14.42
505010,2026-07-25,2026-07-25 18:08:00,Downtown,North,706,Debit Card,10.98
505011,2026-07-25,2026-07-25 08:18:00,Uptown Mall,East,108,Credit Card,10.69
505012,2026-07-25,2026-07-25 07:23:00,Uptown Mall,East,720,Cash,4.42
505013,2026-07-25,2026-07-25 08:19:00,Harbor Point,South,73,Mobile Pay,14.3
505014,2026-07-25,2026-07-25 18:24:00,Uptown Mall,East,539,Credit Card,2.72
505015,2026-07-25,2026-07-25 12:20:00,Riverside,South,89,Debit Card,22.12
505016,2026-07-25,2026-07-25 09:41:00,Riverside,South,212,Cash,3.9
505017,2026-07-25,2026-07-25 09:48:00,Uptown Mall,East,608,Mobile Pay,10.75
505018,2026-07-25,2026-07-25 12:39:00,Downtown,North,230,Mobile Pay,2.45
505019,2026-07-25,2026-07-25 18:02:00,Airport Kiosk,West,40,Credit Card,7.33
505020,2026-07-25,2026-07-25 18:15:00,Airport Kiosk,West,582,Cash,11.03
505021,2026-07-25,2026-07-25 17:44:00,Uptown Mall,East,215,Cash,4.15
505022,2026-07-25,2026-07-25 12:35:00,Harbor Point,South,294,Mobile Pay,12.7
505023,2026-07-25,2026-07-25 14:47:00,Riverside,South,54,Credit Card,14.02
505024,2026-07-25,2026-07-25 14:34:00,Riverside,South,686,Credit Card,22.51
505025,2026-07-25,2026-07-25 12:14:00,Harbor Point,South,268,Cash,10.59
505026,2026-07-25,2026-07-25 15:05:00,Harbor Point,South,571,Cash,19.97
505027,2026-07-25,2026-07-25 17:43:00,Riverside,South,107,Credit Card,3.21
505028,2026-07-25,2026-07-25 12:07:00,Harbor Point,South,676,Credit Card,7.34
505029,2026-07-25,2026-07-25 08:22:00,Downtown,North,455,Mobile Pay,12.14
505030,2026-07-25,2026-07-25 13:32:00,Riverside,South,543,Credit Card,10.29
505031,2026-07-25,2026-07-25 08:01:00,Airport Kiosk,West,416,Debit Card,5.88
505032,2026-07-25,2026-07-25 13:43:00,Riverside,South,315,Mobile Pay,12.36
505033,2026-07-25,2026-07-25 07:02:00,Uptown Mall,East,174,Credit Card,4.16
505034,2026-07-25,2026-07-25 13:17:00,Riverside,South,125,Credit Card,10.66
505035,2026-07-25,2026-07-25 08:05:00,Airport Kiosk,West,756,Debit Card,6.94
505036,2026-07-25,2026-07-25 11:14:00,Riverside,South,333,Debit Card,7.31
505037,2026-07-25,2026-07-25 10:27:00,Uptown Mall,East,870,Debit Card,15.08
505038,2026-07-25,2026-07-25 08:52:00,Airport Kiosk,West,466,Debit Card,11.76
505039,2026-07-25,2026-07-25 10:01:00,Uptown Mall,East,842,Credit Card,27.35
505040,2026-07-25,2026-07-25 10:01:00,Harbor Point,South,546,Cash,3.75
505041,2026-07-25,2026-07-25 09:33:00,Uptown Mall,East,125,Cash,10.7
505042,2026-07-25,2026-07-25 07:35:00,Riverside,South,266,Credit Card,6.15
505043,2026-07-25,2026-07-25 13:55:00,Uptown Mall,East,842,Cash,7.91
505044,2026-07-25,2026-07-25 11:22:00,Uptown Mall,East,732,Credit Card,13.54
505045,2026-07-25,2026-07-25 15:06:00,Downtown,North,141,Cash,26.01
505046,2026-07-25,2026-07-25 12:38:00,Uptown Mall,East,748,Credit Card,2.93
505047,2026-07-25,2026-07-25 15:09:00,Harbor Point,South,640,Debit Card,11.57
505048,2026-07-25,2026-07-25 07:14:00,Airport Kiosk,West,509,Cash,4.94
505049,2026-07-25,2026-07-25 13:33:00,Riverside,South,109,Credit Card,2.7
505050,2026-07-25,2026-07-25 13:22:00,Riverside,South,702,Debit Card,4.74
505051,2026-07-26,2026-07-26 13:25:00,Harbor Point,South,688,Credit Card,4.23
505052,2026-07-26,2026-07-26 08:44:00,Harbor Point,South,10,Cash,15.1
505053,2026-07-26,2026-07-26 17:20:00,Riverside,South,120,Credit Card,12.28
505054,2026-07-26,2026-07-26 13:16:00,Harbor Point,South,349,Debit Card,9.61
505055,2026-07-26,2026-07-26 13:40:00,Downtown,North,640,Cash,3.72
505056,2026-07-26,2026-07-26 12:24:00,Uptown Mall,East,285,Cash,7.56
505057,2026-07-26,2026-07-26 08:14:00,Airport Kiosk,West,268,Cash,12.59
505058,2026-07-26,2026-07-26 13:04:00,Airport Kiosk,West,20,Credit Card,7.13
505059,2026-07-26,2026-07-26 12:18:00,Harbor Point,South,549,Mobile Pay,11.45
505060,2026-07-26,2026-07-26 07:01:00,Riverside,South,620,Credit Card,3.89
505061,2026-07-26,2026-07-26 10:23:00,Riverside,South,305,Mobile Pay,18.9
505062,2026-07-26,2026-07-26 08:28:00,Harbor Point,South,367,Cash,2.73
505063,2026-07-26,2026-07-26 14:49:00,Downtown,North,498,Debit Card,8.37
505064,2026-07-26,2026-07-26 08:53:00,Harbor Point,South,723,Debit Card,6.63
505065,2026-07-26,2026-07-26 11:08:00,Riverside,South,91,Credit Card,11.13
505066,2026-07-26,2026-07-26 08:11:00,Downtown,North,814,Credit Card,4.2
505067,2026-07-26,2026-07-26 15:11:00,Downtown,North,14,Cash,20.28
505068,2026-07-26,2026-07-26 08:55:00,Riverside,South,507,Mobile Pay,4.49
505069,2026-07-26,2026-07-26 08:09:00,Airport Kiosk,West,278,Mobile Pay,8.48
505070,2026-07-26,2026-07-26 09:46:00,Harbor Point,South,189,Cash,10.58
505071,2026-07-26,2026-07-26 16:15:00,Harbor Point,South,335,Cash,7.62
505072,2026-07-26,2026-07-26 16:30:00,Riverside,South,371,Cash,3.92
505073,2026-07-26,2026-07-26 18:24:00,Uptown Mall,East,372,Credit Card,4.23
505074,2026-07-26,2026-07-26 10:14:00,Airport Kiosk,West,433,Credit Card,3.73
505075,2026-07-26,2026-07-26 15:50:00,Riverside,South,242,Credit Card,15.93
505076,2026-07-26,2026-07-26 14:47:00,Harbor Point,South,371,Mobile Pay,16.88
505077,2026-07-26,2026-07-26 17:48:00,Airport Kiosk,West,787,Debit Card,12.27
505078,2026-07-26,2026-07-26 10:56:00,Riverside,South,886,Mobile Pay,2.97
505079,2026-07-26,2026-07-26 14:17:00,Airport Kiosk,West,883,Mobile Pay,5.88
505080,2026-07-26,2026-07-26 09:51:00,Riverside,South,417,Credit Card,15.5
505081,2026-07-26,2026-07-26 12:23:00,Riverside,South,371,Credit Card,8.21
505082,2026-07-26,2026-07-26 10:25:00,Downtown,North,356,Debit Card,2.99
505083,2026-07-26,2026-07-26 14:52:00,Downtown,North,331,Cash,17.12
505084,2026-07-26,2026-07-26 14:53:00,Airport Kiosk,West,183,Credit Card,33.65
505085,2026-07-26,2026-07-26 07:37:00,Harbor Point,South,308,Debit Card,15.33
505086,2026-07-26,2026-07-26 11:25:00,Harbor Point,South,841,Credit Card,2.67
505087,2026-07-26,2026-07-26 18:51:00,Uptown Mall,East,554,Debit Card,12.69
505088,2026-07-26,2026-07-26 15:15:00,Harbor Point,South,268,Mobile Pay,9.93
505089,2026-07-26,2026-07-26 08:01:00,Riverside,South,240,Credit Card,12.14
505090,2026-07-26,2026-07-26 12:05:00,Riverside,South,552,Debit Card,22.0
505091,2026-07-26,2026-07-26 11:16:00,Uptown Mall,East,150,Debit Card,30.46
505092,2026-07-26,2026-07-26 16:33:00,Riverside,South,715,Mobile Pay,11.76
505093,2026-07-26,2026-07-26 12:22:00,Airport Kiosk,West,379,Mobile Pay,12.37
505094,2026-07-26,2026-07-26 17:41:00,Uptown Mall,East,174,Debit Card,34.92
505095,2026-07-26,2026-07-26 07:24:00,Uptown Mall,East,525,Cash,2.7
505096,2026-07-26,2026-07-26 12:45:00,Harbor Point,South,290,Credit Card,3.2
505097,2026-07-26,2026-07-26 12:48:00,Airport Kiosk,West,616,Credit Card,18.03
505098,2026-07-26,2026-07-26 08:51:00,Downtown,North,126,Cash,12.13
505099,2026-07-26,2026-07-26 12:04:00,Downtown,North,198,Debit Card,2.7
505100,2026-07-26,2026-07-26 08:06:00,Airport Kiosk,West,759,Cash,20.52
505101,2026-07-26,2026-07-26 08:17:00,Harbor Point,South,242,Debit Card,4.23
505102,2026-07-27,2026-07-27 15:28:00,Downtown,North,766,Debit Card,4.98
505103,2026-07-27,2026-07-27 09:24:00,Riverside,South,772,Credit Card,2.97
505104,2026-07-27,2026-07-27 13:02:00,Harbor Point,South,787,Credit Card,10.79
505105,2026-07-27,2026-07-27 10:33:00,Harbor Point,South,348,Mobile Pay,12.09
505106,2026-07-27,2026-07-27 12:04:00,Uptown Mall,East,886,Mobile Pay,6.63
505107,2026-07-27,2026-07-27 07:34:00,Downtown,North,35,Mobile Pay,2.94
505108,2026-07-27,2026-07-27 09:48:00,Downtown,North,599,Debit Card,14.04
505109,2026-07-27,2026-07-27 14:50:00,Uptown Mall,East,637,Mobile Pay,3.43
505110,2026-07-27,2026-07-27 15:05:00,Airport Kiosk,West,309,Credit Card,3.4
505111,2026-07-27,2026-07-27 12:27:00,Riverside,South,378,Cash,8.13
505112,2026-07-27,2026-07-27 13:16:00,Riverside,South,761,Mobile Pay,13.12
505113,2026-07-27,2026-07-27 11:50:00,Airport Kiosk,West,834,Debit Card,8.28
505114,2026-07-27,2026-07-27 08:45:00,Uptown Mall,East,78,Cash,8.23
505115,2026-07-27,2026-07-27 15:35:00,Downtown,North,808,Credit Card,16.18
505116,2026-07-27,2026-07-27 10:46:00,Uptown Mall,East,616,Credit Card,17.54
505117,2026-07-27,2026-07-27 13:15:00,Airport Kiosk,West,732,Debit Card,5.63
505118,2026-07-27,2026-07-27 16:32:00,Uptown Mall,East,854,Cash,7.59
505119,2026-07-27,2026-07-27 13:11:00,Riverside,South,652,Debit Card,8.15
505120,2026-07-27,2026-07-27 12:06:00,Riverside,South,619,Credit Card,12.6
505121,2026-07-27,2026-07-27 07:51:00,Harbor Point,South,39,Cash,2.99
505122,2026-07-27,2026-07-27 09:19:00,Uptown Mall,East,691,Credit Card,3.48
505123,2026-07-27,2026-07-27 13:54:00,Airport Kiosk,West,139,Credit Card,6.73
505124,2026-07-27,2026-07-27 08:39:00,Riverside,South,293,Debit Card,12.99
505125,2026-07-27,2026-07-27 16:56:00,Riverside,South,449,Debit Card,13.96
505126,2026-07-28,2026-07-28 12:33:00,Uptown Mall,East,708,Cash,7.62
505127,2026-07-28,2026-07-28 08:48:00,Uptown Mall,East,673,Cash,4.72
505128,2026-07-28,2026-07-28 13:39:00,Harbor Point,South,821,Credit Card,16.82
505129,2026-07-28,2026-07-28 09:31:00,Uptown Mall,East,691,Mobile Pay,3.42
505130,2026-07-28,2026-07-28 07:24:00,Uptown Mall,East,592,Credit Card,3.4
505131,2026-07-28,2026-07-28 08:47:00,Downtown,North,466,Cash,4.22
505132,2026-07-28,2026-07-28 11:11:00,Harbor Point,South,622,Debit Card,16.32
505133,2026-07-28,2026-07-28 12:16:00,Downtown,North,657,Mobile Pay,2.44
505134,2026-07-28,2026-07-28 12:58:00,Airport Kiosk,West,450,Credit Card,2.99
505135,2026-07-28,2026-07-28 07:43:00,Riverside,South,755,Mobile Pay,11.47
505136,2026-07-28,2026-07-28 16:02:00,Airport Kiosk,West,224,Debit Card,13.39
505137,2026-07-28,2026-07-28 14:08:00,Uptown Mall,East,458,Credit Card,8.18
505138,2026-07-28,2026-07-28 07:33:00,Riverside,South,880,Credit Card,18.63
505139,2026-07-28,2026-07-28 10:58:00,Uptown Mall,East,268,Cash,16.44
505140,2026-07-28,2026-07-28 12:27:00,Downtown,North,360,Debit Card,3.19
505141,2026-07-28,2026-07-28 09:13:00,Uptown Mall,East,210,Debit Card,10.45
505142,2026-07-28,2026-07-28 08:25:00,Riverside,South,127,Cash,7.19
505143,2026-07-28,2026-07-28 13:40:00,Harbor Point,South,592,Cash,10.93
505144,2026-07-28,2026-07-28 09:05:00,Harbor Point,South,604,Debit Card,14.59
505145,2026-07-28,2026-07-28 18:30:00,Uptown Mall,East,830,Debit Card,15.84
505146,2026-07-28,2026-07-28 07:51:00,Riverside,South,730,Debit Card,12.2
505147,2026-07-28,2026-07-28 14:08:00,Airport Kiosk,West,532,Mobile Pay,3.96
505148,2026-07-28,2026-07-28 18:44:00,Harbor Point,South,67,Cash,9.88
505149,2026-07-28,2026-07-28 13:15:00,Uptown Mall,East,186,Mobile Pay,8.31
505150,2026-07-28,2026-07-28 15:38:00,Uptown Mall,East,519,Mobile Pay,2.69
505151,2026-07-29,2026-07-29 08:39:00,Airport Kiosk,West,589,Cash,7.98
505152,2026-07-29,2026-07-29 11:12:00,Harbor Point,South,236,Debit Card,11.42
505153,2026-07-29,2026-07-29 13:19:00,Harbor Point,South,643,Cash,7.46
505154,2026-07-29,2026-07-29 13:49:00,Downtown,North,568,Debit Card,2.43
505155,2026-07-29,2026-07-29 18:50:00,Riverside,South,897,Debit Card,21.02
505156,2026-07-29,2026-07-29 07:53:00,Airport Kiosk,West,721,Debit Card,3.74
505157,2026-07-29,2026-07-29 10:51:00,Uptown Mall,East,898,Credit Card,9.63
505158,2026-07-29,2026-07-29 13:22:00,Harbor Point,South,51,Debit Card,14.33
505159,2026-07-29,2026-07-29 12:03:00,Harbor Point,South,518,Debit Card,7.8
505160,2026-07-29,2026-07-29 07:19:00,Downtown,North,743,Mobile Pay,11.08
505161,2026-07-29,2026-07-29 10:21:00,Downtown,North,237,Debit Card,11.5
505162,2026-07-29,2026-07-29 09:05:00,Downtown,North,335,Credit Card,2.93
505163,2026-07-29,2026-07-29 07:32:00,Riverside,South,690,Credit Card,11.7
505164,2026-07-29,2026-07-29 09:53:00,Uptown Mall,East,397,Cash,7.81
505165,2026-07-29,2026-07-29 10:51:00,Downtown,North,376,Debit Card,21.93
505166,2026-07-29,2026-07-29 15:54:00,Harbor Point,South,708,Debit Card,19.09
505167,2026-07-29,2026-07-29 13:06:00,Harbor Point,South,754,Debit Card,21.18
505168,2026-07-29,2026-07-29 09:07:00,Downtown,North,163,Mobile Pay,15.43
505169,2026-07-29,2026-07-29 09:08:00,Uptown Mall,East,351,Cash,8.15
505170,2026-07-29,2026-07-29 12:17:00,Uptown Mall,East,491,Debit Card,3.44
505171,2026-07-29,2026-07-29 16:30:00,Uptown Mall,East,563,Debit Card,2.69
505172,2026-07-29,2026-07-29 18:58:00,Harbor Point,South,808,Debit Card,3.19
505173,2026-07-29,2026-07-29 16:36:00,Uptown Mall,East,4,Mobile Pay,16.74
505174,2026-07-29,2026-07-29 08:35:00,Airport Kiosk,West,383,Credit Card,6.24
505175,2026-07-29,2026-07-29 07:20:00,Downtown,North,311,Mobile Pay,8.84
505176,2026-07-29,2026-07-29 18:49:00,Uptown Mall,East,160,Cash,4.21
505177,2026-07-29,2026-07-29 07:12:00,Riverside,South,96,Cash,10.97
505178,2026-07-29,2026-07-29 09:32:00,Uptown Mall,East,390,Debit Card,16.78
505179,2026-07-29,2026-07-29 18:01:00,Riverside,South,206,Mobile Pay,8.33
505180,2026-07-29,2026-07-29 13:40:00,Airport Kiosk,West,204,Cash,7.55
505181,2026-07-29,2026-07-29 18:17:00,Harbor Point,South,468,Credit Card,3.43
505182,2026-07-29,2026-07-29 08:44:00,Harbor Point,South,873,Debit Card,11.09
505183,2026-07-29,2026-07-29 07:44:00,Riverside,South,235,Debit Card,12.45
505184,2026-07-29,2026-07-29 07:25:00,Downtown,North,241,Debit Card,6.86
505185,2026-07-29,2026-07-29 12:07:00,Uptown Mall,East,783,Credit Card,2.47
505186,2026-07-29,2026-07-29 12:17:00,Downtown,North,307,Cash,3.43
505187,2026-07-30,2026-07-30 15:46:00,Harbor Point,South,703,Credit Card,14.87
505188,2026-07-30,2026-07-30 08:37:00,Riverside,South,26,Credit Card,19.53
505189,2026-07-30,2026-07-30 08:31:00,Uptown Mall,East,3,Debit Card,11.76
505190,2026-07-30,2026-07-30 08:04:00,Airport Kiosk,West,148,Cash,14.67
505191,2026-07-30,2026-07-30 08:08:00,Downtown,North,263,Debit Card,8.12
505192,2026-07-30,2026-07-30 08:50:00,Airport Kiosk,West,510,Cash,13.44
505193,2026-07-30,2026-07-30 08:59:00,Uptown Mall,East,835,Debit Card,20.18
505194,2026-07-30,2026-07-30 14:36:00,Airport Kiosk,West,723,Credit Card,13.78
505195,2026-07-30,2026-07-30 11:34:00,Airport Kiosk,West,814,Cash,11.22
505196,2026-07-30,2026-07-30 14:52:00,Uptown Mall,East,504,Cash,7.58
505197,2026-07-30,2026-07-30 07:18:00,Harbor Point,South,604,Cash,4.42
505198,2026-07-30,2026-07-30 17:08:00,Downtown,North,654,Credit Card,10.45
505199,2026-07-30,2026-07-30 07:09:00,Harbor Point,South,751,Cash,2.93
505200,2026-07-30,2026-07-30 16:29:00,Riverside,South,345,Mobile Pay,24.73
505201,2026-07-30,2026-07-30 16:29:00,Downtown,North,395,Credit Card,9.91
505202,2026-07-30,2026-07-30 07:52:00,Riverside,South,195,Credit Card,6.34
505203,2026-07-30,2026-07-30 09:34:00,Airport Kiosk,West,415,Credit Card,17.97
505204,2026-07-30,2026-07-30 18:59:00,Riverside,South,285,Cash,6.13
505205,2026-07-30,2026-07-30 08:23:00,Downtown,North,578,Credit Card,8.35
505206,2026-07-30,2026-07-30 15:27:00,Harbor Point,South,511,Mobile Pay,3.41
505207,2026-07-30,2026-07-30 10:16:00,Airport Kiosk,West,282,Debit Card,6.94
505208,2026-07-30,2026-07-30 11:15:00,Airport Kiosk,West,473,Debit Card,7.13
505209,2026-07-30,2026-07-30 18:15:00,Harbor Point,South,302,Mobile Pay,12.0
505210,2026-07-30,2026-07-30 07:48:00,Downtown,North,809,Credit Card,7.79
505211,2026-07-30,2026-07-30 08:05:00,Downtown,North,890,Debit Card,8.11
505212,2026-07-30,2026-07-30 17:19:00,Downtown,North,208,Debit Card,11.51
505213,2026-07-30,2026-07-30 12:37:00,Riverside,South,107,Cash,20.08
505214,2026-07-31,2026-07-31 17:47:00,Downtown,North,426,Cash,16.6
505215,2026-07-31,2026-07-31 11:16:00,Harbor Point,South,551,Debit Card,16.67
505216,2026-07-31,2026-07-31 18:19:00,Downtown,North,166,Credit Card,7.37
505217,2026-07-31,2026-07-31 09:00:00,Uptown Mall,East,897,Credit Card,19.43
505218,2026-07-31,2026-07-31 09:36:00,Riverside,South,529,Cash,3.7
505219,2026-07-31,2026-07-31 08:26:00,Uptown Mall,East,95,Cash,3.21
505220,2026-07-31,2026-07-31 08:45:00,Downtown,North,125,Debit Card,11.35
505221,2026-07-31,2026-07-31 14:58:00,Riverside,South,313,Debit Card,4.43
505222,2026-07-31,2026-07-31 09:47:00,Downtown,North,282,Debit Card,19.12
505223,2026-07-31,2026-07-31 10:26:00,Harbor Point,South,801,Cash,12.05
505224,2026-07-31,2026-07-31 07:25:00,Harbor Point,South,865,Credit Card,7.94
505225,2026-07-31,2026-07-31 13:26:00,Riverside,South,820,Credit Card,4.61
505226,2026-07-31,2026-07-31 07:14:00,Riverside,South,531,Mobile Pay,4.19
505227,2026-07-31,2026-07-31 17:15:00,Downtown,North,50,Credit Card,2.98
505228,2026-07-31,2026-07-31 07:02:00,Uptown Mall,East,481,Credit Card,2.67
505229,2026-07-31,2026-07-31 09:30:00,Airport Kiosk,West,647,Mobile Pay,17.39
505230,2026-07-31,2026-07-31 09:38:00,Riverside,South,733,Credit Card,18.26
505231,2026-07-31,2026-07-31 10:35:00,Riverside,South,279,Debit Card,15.0
505232,2026-07-31,2026-07-31 17:36:00,Uptown Mall,East,55,Debit Card,5.38
505233,2026-07-31,2026-07-31 08:58:00,Harbor Point,South,256,Debit Card,8.25
505234,2026-07-31,2026-07-31 15:44:00,Uptown Mall,East,226,Mobile Pay,4.65
505235,2026-07-31,2026-07-31 10:50:00,Riverside,South,12,Debit Card,4.22
505236,2026-07-31,2026-07-31 13:26:00,Uptown Mall,East,291,Mobile Pay,7.38
505237,2026-07-31,2026-07-31 17:02:00,Harbor Point,South,321,Mobile Pay,16.5
505238,2026-07-31,2026-07-31 12:23:00,Uptown Mall,East,687,Cash,7.36
505239,2026-07-31,2026-07-31 09:17:00,Uptown Mall,East,375,Credit Card,17.22
505240,2026-07-31,2026-07-31 13:16:00,Airport Kiosk,West,672,Credit Card,33.51
505241,2026-07-31,2026-07-31 08:33:00,Downtown,North,118,Debit Card,7.42
505242,2026-07-31,2026-07-31 14:56:00,Riverside,South,353,Cash,16.77
505243,2026-07-31,2026-07-31 09:13:00,Harbor Point,South,434,Cash,6.65
505244,2026-07-31,2026-07-31 11:49:00,Uptown Mall,East,129,Debit Card,4.18
505245,2026-07-31,2026-07-31 09:25:00,Airport Kiosk,West,866,Credit Card,7.59
505246,2026-07-31,2026-07-31 17:09:00,Uptown Mall,East,358,Cash,9.67
505247,2026-07-31,2026-07-31 18:55:00,Downtown,North,765,Mobile Pay,3.4
505248,2026-07-31,2026-07-31 07:57:00,Uptown Mall,East,884,Mobile Pay,8.28
